# 3D point list with one line of data per point:
#   POINT3D_ID, X, Y, Z, R, G, B, ERROR, TRACK[] as (IMAGE_ID, POINT2D_IDX)
# Number of points: 1703, mean track length: 8
1 3.8894365556948713 -2.6011071658023841 2.0809863319572131 81 66 54 0.74408411413991959 44 3 49 2 48 0 50 2 47 0 50 1 46 1 45 0 43 1 42 0 41 0
2 4.054311777410927 -2.496594971628852 2.0403856883966149 114 97 82 0.11871991481301734 44 15 49 16 48 9 50 10 47 11 46 12
3 4.054311777410927 -2.496594971628852 2.0403856883966149 114 97 82 0.11871991481301734 44 16 49 15 48 8 50 9 47 12 46 11
4 4.2380427035097572 -2.6246016375946088 2.40256004481639 107 88 73 0.38963902363811309 44 21 49 116 48 112 47 112
5 4.293334676264708 -2.7554929074017669 2.5102350915768143 99 79 57 0.40329212975798673 44 22 49 109 48 107 50 189 49 171 47 103 46 112 45 8 43 17
6 3.5828464961837931 -2.3587888005843869 1.8593721253322621 126 105 83 0.18099458109662564 44 26 49 24 48 16 50 30 47 18 46 21 45 25 43 92 42 87 41 10 40 88 39 99 38 14 37 84 36 76 35 6 34 73 33 9
7 3.5828255445539368 -2.3586608211395732 1.8586834886530916 126 105 83 0.20141305037670587 44 27 49 23 48 17 50 29 47 19 46 22 45 26 43 93 42 86 41 11 40 89 39 100 38 15 37 83 36 75 35 5 34 72 33 8 32 68 31 74 30 89 29 6
9 3.9484026026221 -2.3748643582167936 1.9298420809545551 77 60 45 0.2062162620851419 44 32 49 29 48 26 50 35 47 27 46 27 45 32 43 99 42 89 41 17 34 13
10 3.9479481132863112 -2.3755340989139175 1.9328346337489226 77 60 45 0.17633815335067321 44 33 49 30 48 27 47 28 46 28 45 33 41 18 38 17 34 14
11 4.0428889619145076 -2.4632279722770001 2.0103386932357701 109 93 80 0.20141305384816433 44 37 49 32 48 28 50 22 46 34 45 36 43 25 42 19 40 10
12 4.190547299906096 -2.5895688578220271 2.3552215178088387 46 38 31 0.12019192567682162 44 38 49 115 48 111 50 110 47 110 46 36 45 39
13 3.8552567406707254 -2.2796690302650258 1.8657737721352816 127 102 81 1.0914935759455118 44 41 49 37 48 38 47 40 46 43 45 48 42 22 41 22 40 22 39 29 38 24 37 22 36 18 35 20 34 19
14 3.8814137646342717 -2.2893044145499601 1.885554346186644 92 67 48 0.429903384061597 44 42 49 40 48 39 50 34 47 42 45 47 39 27 38 26 37 23 36 20 35 21 34 20 32 19
15 4.0223172155586591 -2.3425309735544624 1.9456946631622685 89 74 62 0.20709147471330905 44 43 49 132 48 40 50 37 47 43 46 44 45 49 43 28 42 26 41 20 40 18 39 24 38 20
16 3.9908315313641496 -2.1937162120698366 1.9135125551200109 91 73 56 0.18503086957019971 44 45 49 51 50 45 46 49 45 52 43 29 42 27 39 39
17 4.2294924536644976 -2.2813454403278737 2.0931034389422294 54 45 36 0.090762275451034283 44 46 49 52 50 129 47 52
18 3.8142868308061257 -2.0728073343308386 1.8593404230753368 166 132 110 0.092769482113576968 44 47 49 56 48 56 50 51 47 59 46 51 45 57 43 32 42 29 41 28 40 26 39 42 38 30 37 25 36 24 35 24
19 3.8142868308061257 -2.0728073343308386 1.8593404230753368 166 132 110 0.092769482113576968 44 48 49 57 48 55 50 52 47 58 46 50 45 56 43 31 42 30 41 29 40 25 39 41 38 29 37 26 36 25 35 23
20 3.9277528176858723 -2.0732538029131273 1.8978845419675834 86 63 41 0.14103959883418696 44 49 49 140 48 142 50 135 47 132 46 139 45 133 43 33 42 94 40 28 38 31 37 27 36 89 35 26 32 22
21 4.092425204734405 -2.1304876019988623 1.9798179740668391 75 62 49 0.1943365440090693 44 52 49 55 48 51 47 56 46 54 45 61 42 31 40 29 39 43 38 32
22 3.7603956891634915 -2.0415601502953433 1.8543686742638841 177 140 117 0.28851720864063862 44 53 49 58 48 54 47 57 46 56 42 28 39 40 36 26 34 22 33 22 32 21
23 4.08099754452555 -1.9892492490771156 1.9819145614638038 99 80 65 0.138758651001407 44 55 49 66 48 64 50 59 47 65 46 65 45 67 43 38 42 34 41 34 40 31 39 47 38 34 35 28
25 4.2101223195499022 -1.9109423822350651 2.0704327258088551 74 61 48 0.78239656988682482 44 57 49 146 48 151 50 143 47 71 46 145 45 73 43 42 42 41 41 41 42 38 40 35 39 54
26 4.1514153060081886 -1.4233883518161226 2.1581683990468719 150 112 85 0.036430770803471998 44 74 49 83
27 3.2309139123166051 -1.3233874726679082 2.1347420197941664 213 159 138 0.3505890153835558 44 76 49 85 47 81 46 88 45 89 42 62 41 115 39 72 32 48 27 46
28 4.5467025411488668 -1.2763700564816078 3.0237700936931118 111 85 60 0.32959212020663597 44 82 49 221 48 167 50 234 47 148 46 95 45 159
29 4.4683094382330797 -1.107421245224206 3.0454898312841143 96 70 42 0.18857784900428826 44 84 49 91 48 87 41 65
30 3.9847506285525305 -2.4623174712591669 1.9800452765899614 102 85 70 0.88400981137404611 44 100 49 121 50 114 47 104 46 113 45 116
31 3.9010204605132355 -2.387584171143192 1.9224652589375333 94 77 62 0.27735040451499204 44 105 49 120 48 118 50 113 47 119 46 124 45 122 43 98 42 88 41 86 40 93 38 83 37 15 36 82 35 72
32 4.0216928325438657 -2.407364688129404 1.9712175795039506 102 89 75 0.15249800698926405 44 107 49 122 48 119 50 115 47 121 46 126 45 124 43 103 42 90 41 91 40 16 39 22
33 4.0215242718748758 -2.4075954257923167 1.9716103624128316 102 89 75 0.12614326722730479 44 108 49 123 48 120 50 116 47 122 46 127 45 125 40 17 39 23
34 3.4869678159837192 -2.2640149865714814 1.8277525956876974 156 118 94 0.16398993113796531 44 109 49 127 48 126 50 128 47 126 46 130 45 128 43 105 41 137 40 147 39 143 38 122 37 128 36 130 35 115 34 126 32 126
35 3.6761991913817944 -2.3061115790582565 1.8391204105000518 159 126 101 0.34219704533044953 44 110 49 128 48 128 50 123 47 168 45 129 43 96 42 125 41 133 40 91 39 145 38 82 37 86 36 80 35 70
36 3.8427228326028389 -2.1431477380137345 1.8561954886624517 138 107 84 0.22413316870337335 44 114 49 138 46 133 45 132 43 107
37 3.8226937716698903 -2.129679906597802 1.8595184160378848 158 122 97 0.433683254973592 44 115 49 53 50 44 47 131 46 134 43 30 41 141 39 38 36 23 35 75 34 80 33 77 32 73 31 78 30 91 29 17 28 16 27 10
38 4.2764339490925432 -2.1543378762298957 2.1301250042373248 53 45 35 0.16721115517555643 44 116 49 196 48 204 50 207 47 176 45 134 43 110 41 33
39 3.8296064129587264 -2.0349638371773988 1.8705943141274524 129 96 74 0.24170901252303248 44 117 49 139 48 141 50 134 46 137 45 197 43 111 42 135 41 95 40 100 39 108 38 84 37 91 36 88 33 80 32 74 31 80 30 92 29 19 27 13
40 3.8419097920715699 -1.9427258495339434 1.8989103610973628 145 110 88 0.15784197350994103 44 119 49 142 48 146 50 136 47 135 46 141 45 141 43 113 42 96 41 100 40 105
41 3.9372119330155133 -1.9403291557627043 1.936854128827991 146 115 93 0.16783371849753972 44 121 49 143 48 62 50 60 47 136 46 63 45 65 39 48 38 38 35 29 33 27 32 24
42 3.9975048849469479 -1.7701596187075319 2.0101197294656954 105 76 56 0.46489165539088939 44 125 49 205 48 155 50 215 47 180 46 147 45 201 42 43 41 44 39 117 38 88 36 38 35 41
43 3.4375460622934875 -1.6378225014412304 1.9478900878669168 97 64 49 0.14300161388111363 44 128 49 75 48 75 50 72 47 144 46 154 45 150 43 118 42 99 41 108 40 160 39 160 38 133 37 104 36 104 35 131 34 137 33 90 32 91 31 102 30 101 29 94 28 41 27 82 26 31 25 28 24 36 23 26
44 4.0046929320349767 -1.7360611463650926 2.0238564557340837 95 63 41 0.16937063916710168 44 132 49 206 48 156 50 146 47 183 46 151 45 149 43 119 42 97 41 103 40 108 39 57 38 89 37 40 36 95 35 43 30 44
45 4.5258134643868768 -1.7118883793681114 2.9452990844130351 74 63 43 0.50912829148780558 44 134 49 267 48 218 50 282 46 157 45 154
46 3.2977741577096467 -1.3814339800665367 2.1105786065444807 233 183 159 0.46525703752024111 44 136 49 82 50 81
47 4.3622376895463626 -1.1611707378672551 3.1079898584414005 44 26 7 0.40004579761649578 44 142 49 90 50 159 47 149 46 165 45 160 43 127 42 106 41 118
48 4.4640672585246906 -0.24947918272186223 2.244314451189064 215 170 142 0.47483671098627545 44 148 49 226 50 237 47 86 45 220 43 136 40 124 39 133 38 115 37 121 36 117 35 106
49 4.2789636941172473 0.77967385982168591 2.0237458111311328 183 121 82 0.31386175198417132 44 151 49 101 48 176 50 92 47 156 46 177 45 171 43 138 42 112 41 123 40 126 39 135 38 117 37 122 36 118 35 107 34 120 33 115 32 118 31 130 30 125 29 117 28 116 27 107 26 89 25 50 24 53 23 49 22 46 21 44 19 38
50 4.1388797963843427 1.334078451542414 2.2277962883865143 37 31 26 0.5137625375953776 44 156 49 167 48 238 50 96 47 205 46 242 45 296 46 305 43 140 43 247 42 116 41 126 40 136 39 213 38 119 37 165 36 165 35 156 34 154 33 150 32 153 31 159 30 161 29 152 28 145 27 140 26 90 25 118
51 4.159297643288042 -2.761147096441658 2.4553216860989542 206 166 124 0.51993073314947669 44 158 49 234 48 240 50 244 47 212 46 245 41 77 40 87 39 11 38 80
52 3.5804853188831904 -2.4261547242005799 1.9062719859224322 63 51 33 0.12849037446376441 44 160 49 119 48 113 50 112 46 118 45 184 43 143 42 122 41 128 40 138
53 3.5049604339664895 -2.2422551207099439 1.8139961505888695 199 156 131 0.11645874026337437 44 166 49 188 48 199 50 201 47 167 46 197 45 185 43 147
56 4.199187669332761 -2.3236740883884224 2.0825423513754933 52 44 33 0.18366181175911955 44 171 49 186 48 197 50 203 46 204 45 189
57 3.4441135610299405 -2.1796149174725223 1.8320670296245976 206 155 127 0.1822654847500095 44 173 49 135 48 133 50 130 47 129 46 206 45 192 43 148 42 130 41 140 40 148 39 147 38 124 37 129 36 132 35 116 34 78 33 76 32 70 31 76 30 90 29 79 28 72 27 67 26 57 25 57 24 6 23 5
58 3.9100885900394564 -2.1573177615629606 1.8852550801898806 107 83 63 0.17852914883172882 44 175 49 192 48 200 47 173 46 208 45 193 43 149 40 98 39 107 36 85 35 77 34 82 33 79
59 3.9100536488787685 -2.1573710372391934 1.8850197801629107 107 83 63 0.19084682995360641 44 176 49 193 48 201 47 174 46 207 45 194 43 150 40 99 39 106 36 86 35 76 34 81 33 78 31 79
60 3.9401387585483554 -2.1371530234546219 1.8936294782793224 111 88 67 0.18353463502839351 44 178 49 194 48 202 50 205 47 175 46 209 45 195 43 151 42 133 41 144 40 150 39 149 38 125 37 133 36 87 35 78 34 83 31 82
61 3.9314323152217661 -2.0105974220642717 1.9157912451446835 124 97 76 0.19462773646584311 44 179 49 199 48 207 50 208 47 178 46 211 45 198 43 153 42 136 41 146 40 153 39 153 38 127 37 139 36 139 35 124 34 85
62 4.0952046737665935 -1.8502155483013252 2.0322322183671799 74 53 37 0.19260729557588385 44 180 49 203 48 210 50 268 47 181 46 214 45 199 43 154 42 140 41 148 40 156 39 155 37 143 36 142 35 127 34 89 33 83
63 4.1822222645990559 -1.8892863041915433 2.0739432244971532 75 59 46 0.23755968158277402 44 181 49 201 48 209 50 212 46 215 45 200 41 101 39 115 37 34 36 31
64 3.4260418302928595 -1.59811412851501 1.9647970945886206 172 121 89 0.14236866054201761 44 185 49 209 48 214 50 216 47 187 46 220 45 204 43 163 42 147 41 158 40 162 39 159 38 134 37 149 36 148 35 132 34 139 33 136 32 138 31 147 30 144 29 135 28 128 27 124 26 100 25 97 24 104 23 115 22 91 21 89 20 92 19 88
65 4.0105750474230959 -1.6176555387788536 2.1050295097715574 191 138 105 0.14696517513519514 44 186 49 210 48 215 50 150 47 188 46 221 45 205 43 164 42 149 41 160 40 113 39 125 38 97 37 108 35 50 34 46 33 43
66 4.5158865101713879 -1.3529370602554427 3.0032477279292671 53 40 25 0.2969994561999259 44 188 49 219 48 221 50 227 47 194 46 225 43 168 42 154 41 168 40 168 39 170
67 3.3571448027356601 -1.1985121532858483 2.1430034691634443 200 149 126 0.26474712297520592 44 190 49 87 48 82 50 84 46 161 45 156 42 158 40 167 39 168 38 145 37 157 35 146 34 149 33 145
69 4.1195902486162428 1.3183435332695759 2.2366768209628551 104 98 90 0.21706682543920608 44 204 49 229 48 237 50 241 47 204 46 241 45 230 43 180 42 170 41 186 40 135 39 137 38 118 37 123 36 120 35 111 33 60
70 4.3447733120534089 -2.691430738420455 2.594519165161854 135 108 83 0.14776141932586143 44 208 49 241 48 313 50 249 47 218 46 252 45 237 43 187 42 126 41 134 40 146
71 4.4798413131484729 -2.5588214371732092 2.7156441272588525 60 47 34 0.45768634922371998 44 210 49 311 48 400 50 329 50 405 46 257 45 240
72 4.145753613176165 -2.2359196587613726 2.0106418716628731 78 68 57 0.16721785245878426 44 212 49 244 48 253 50 255 47 220 46 260 45 242 43 192 41 142
73 3.7295988691071078 -2.0651950010322535 1.8415453142554961 194 155 129 0.18853079147343102 44 214 49 247 48 259 50 257 47 222 46 261 45 244 43 194 42 181 41 192 40 187 39 186 38 164 37 172 36 177 35 161 34 132 35 122 33 128 32 128 31 138 30 135 29 127 28 17 26 60
74 4.039547436926382 -2.0865231500624262 1.9560588537752686 55 41 26 0.29024118960695217 44 215 49 248 48 261 50 260 47 223 46 262 45 249 43 195 42 182 41 193 40 188 39 152 39 187 38 165 37 138 36 138 34 133
75 3.9561260794701076 -1.9998804557427641 1.9274716966353156 99 75 56 0.19488617988509013 44 217 49 250 48 264 50 263 47 228 46 264 45 248 43 198 42 184 41 195 40 189 39 189 38 129 38 166 37 141 36 141 35 125 34 134 33 129 32 130 31 86
76 4.0138290596574242 -2.0597969150559114 1.9448381946801783 65 47 33 0.19522921533675519 44 218 49 249 48 260 50 259 47 224 46 263 43 197 42 186 41 196 40 154 39 154 38 126 37 137 36 137 34 86 31 22
77 4.2259928171558414 -2.0551053592859807 2.0851418181419774 39 30 21 0.34931038791055918 44 219 49 251 48 262 50 264 47 225 46 213 42 138 40 104 39 114 38 37 37 32
78 4.2259928171558414 -2.0551053592859807 2.0851418181419774 39 30 21 0.34931038791055918 44 220 49 252 48 263 50 265 47 226 46 212 42 137 40 103 39 113 38 36 37 31
79 4.0984067627194118 -1.8884590613744834 2.0240539351280225 92 71 55 0.10754565582726094 44 221 49 320 48 320 50 340 47 287 46 325 45 250 43 202 42 187 41 203 40 193 39 192 38 171
80 4.0528944276500836 -1.8179787322640222 2.019004432600398 84 59 43 0.17468407208340728 44 224 49 254 48 270 50 269 47 229 46 266 45 251 43 203 42 190 41 202 40 196 39 195 38 170 37 176 36 182 34 136 33 134 32 134 31 143 30 95
81 4.1826057279711737 -1.8249342224353553 2.1241256387507699 117 93 76 0.18345434774124753 44 225 49 257 48 271 47 233 46 270 45 252 43 204 42 191 41 149 40 157
82 4.2128709785998772 -1.8455897562968455 2.1490425974558729 106 85 70 0.41184953892853082 44 226 49 258 48 272 50 272 47 232 46 269 45 253 43 205 42 192 41 204 40 198 39 198 38 174 37 146 36 144 35 128 34 95 32 41
83 4.1369578581069488 -1.7146671313161905 2.0598326150859121 166 89 60 0.25547208332215288 44 228 49 260 48 273 50 274 47 235 46 274 45 258 42 252 41 257 40 202 39 234 38 177 37 227 36 230 35 170 34 194 33 196 32 210
84 4.1369413130705368 -1.7156624536467737 2.0631606792641843 166 89 60 0.12791456313542099 44 229 49 261 48 274 50 275 47 236 46 275 45 259 42 253 41 258 40 203 39 235 38 178 37 228 36 231 35 171
85 4.0769488461249024 -1.688806756872995 2.0809097075170007 119 47 32 0.74669742116070981 44 230 49 325 48 327 50 346 47 290 46 272 45 256 43 208 42 195 41 155 36 149 35 133 33 98 32 96 31 109
86 4.0764582670564673 -1.6912559658140456 2.0783287111714461 119 47 32 0.13296858850730314 44 231 49 326 48 328 50 347 47 291 46 273 45 257 43 209 42 196 41 154
87 4.0938061559429002 -1.4514125272856324 2.1448412855046461 185 118 91 0.069263664255917706 44 235 49 268 48 282 50 286 47 241 46 282 45 262 43 216 42 200 41 213 39 163 38 142 37 153
88 3.1950168851809737 -1.3550886351247431 2.1324849449300904 91 52 42 0.35552670312958151 44 238 49 215 48 283 50 222 47 243 46 284 45 265 43 218 42 204 41 216 40 206 39 202 38 183 37 191 36 235 35 221 34 202 33 201 32 213 31 214 30 211 29 196 28 188 27 194 26 140 25 137 24 140 23 125 22 105 21 69 20 38 19 34
89 3.1950957601691199 -1.355773815012054 2.1332617417959652 91 52 42 0.23532553593461378 44 239 49 216 48 284 50 223 47 244 46 285 45 266 43 219 42 205 41 217 40 207 39 203 38 184 37 192 36 236 35 222 34 203 29 197 27 195 26 141 25 138 24 141 23 126
91 3.2432156025397143 -1.1515872653640244 2.2146339567643203 210 111 107 0.45875157827071839 44 243 49 220 48 223 50 231 47 196 47 246 46 291 45 269 43 223 42 209 41 222 40 209 38 188 36 197 35 186 33 171 27 164 25 146 21 133 20 128 18 110 17 124 16 136 15 138 13 111
92 4.3426040955132672 -1.1837231259818908 3.1154286218253588 72 59 34 0.24625330209419077 44 247 49 157 48 227 50 158 47 197 46 231 45 212 43 228 42 215 41 173
93 4.5259735458499 -1.0500004901603188 3.0790679502171621 122 94 65 0.50660077667371461 44 249 49 339 48 340 50 356 47 304 46 336 43 231 42 219 41 226 40 173 41 174 39 172 38 111 37 116 36 62
94 4.5266817905898176 -1.0470113443043285 3.0783566557870712 122 94 65 0.35174406215918658 44 250 49 338 48 339 50 355 47 303 46 335 43 232 41 227
95 3.463084353239406 -0.93420260515493847 2.5884622627651428 155 111 86 1.4991725565723186 44 252 49 279
96 4.5942748351285854 1.3557039963002278 1.985320732192122 217 162 121 0.62893480326224915 44 269 49 301 46 307 45 299 43 297
97 4.3638959777520405 1.7566060904748459 2.0760221494906839 216 161 126 0.81070818308315307 44 273 49 302 47 94 48 98 46 311 42 117
98 4.0138121536754525 -2.4599693663512938 1.9867807581253685 83 68 54 0.28477584810093826 44 277 49 309 48 314 50 327 47 276 46 314 45 304 43 255 42 237 41 245
99 4.3570963455118559 -2.6377995031288339 2.6050241987195646 134 104 79 0.37829513543374305 44 279 49 350 48 361 50 368 46 351 45 305 43 259 42 239 41 189
100 3.4508415948183195 -2.2615738411258475 1.8427293682984585 165 124 100 0.13986049445139487 44 281 49 312 48 315 50 330 47 279 46 316 45 308 43 260 42 240 41 247 40 234 39 224 38 205 37 219 36 221 35 205
101 3.8556618068933886 -2.0163866219384827 1.8822488387083693 153 122 99 0.12935284572686973 44 282 49 317 48 317 50 337 47 282 46 319 45 312 43 264 42 242 41 250 40 237 39 227 37 221
102 3.9871237720398849 -1.988052816421735 1.940900090441412 117 92 74 0.24635773494550578 44 283 49 318 48 318 50 338 47 284 46 320 45 314 43 199 42 185 41 197 40 190 39 190 38 167 37 173 36 178 35 163 34 160 33 131 32 131 31 141
103 3.4527550339136397 -1.8096143674642153 1.8467866339157288 228 187 164 0.3397620471152703 44 284 49 321 48 321 50 341 47 289 46 322 43 266 41 251 34 161 31 171 30 168 29 130 26 62
104 4.0538765791479721 -1.8536604014311733 2.0110596319245149 108 84 68 0.098826262300489673 44 285 49 322 48 322 50 342 47 286 46 323 45 316 43 267 42 244 41 200 40 194 39 193 38 168 37 174 36 181 35 166 34 164
105 4.1767489354422693 -1.8558153676383033 2.0950586691606734 64 49 36 0.14275761955275668 44 287 49 358 50 383 47 332 46 372 45 318 43 269 42 246 41 252 40 197 39 196 38 172
106 3.9908865696843705 -1.8038555164919794 1.9985815663695889 141 111 90 0.20260810318008024 44 288 49 357 48 375 50 382 47 331 46 371 45 358 43 270 42 248 41 254 40 239 39 230 38 208 37 225 36 225 35 211 34 165 33 158 32 164 30 138 29 131 28 83 27 35
107 4.02453392941612 -1.6480429404433634 2.0879078087733935 227 184 153 1.2233509895861066 44 291 49 359 48 378 50 384 47 335 46 373 45 361 43 320 42 255 41 299 40 241 39 233 38 213 37 183 35 134 34 140 33 137 29 45
108 4.0085859802124562 -1.451646580383301 2.1562661027626078 241 191 159 0.32569810282307043 44 293 49 330 50 349 47 293 46 327 43 276 42 258 41 261 40 244 39 242 38 219 37 235 36 237 35 218 34 198 33 200 30 146
109 3.118043245484873 -1.3373274998739555 2.1257619274639783 71 14 11 0.23691500122260439 44 294 49 364 48 330 50 351 47 295 46 329 45 364 43 278 42 259 41 262
110 3.2630474016765052 -1.3605791107912979 2.1271873223835325 176 114 96 0.31457328746512159 44 295 49 269 48 331 50 285 47 245 46 330 45 322 43 279 42 260 41 263 40 246 39 241 38 218 37 234 36 194 35 179 34 173 33 170 32 174 31 180 30 150 31 150 29 138 28 135
111 4.1690350002451249 -1.4013793522147902 2.4187369237090124 139 115 86 0.18732327877126342 44 297 49 389 48 414 50 418 47 340 46 380 45 325 43 221 42 207
112 3.1969860109808899 -1.2442947459510183 2.2047316674902842 241 185 163 0.80000722664875212 44 299 49 217 48 286 50 230 46 288 43 282 42 261 41 307 40 299
113 4.4821717643558765 -1.3362935943045735 3.0008874811112474 31 16 7 0.13712986882325764 44 300 49 335 48 336 50 353 47 299 46 331 45 328
114 4.0721092152545779 0.52686196542942543 2.0451518610117692 27 19 17 0.36655064290971645 44 311 49 345 48 347 50 360 47 311 46 341 45 335 43 290 42 268 41 273 40 255 39 248 38 224 36 245 35 229 34 211 33 206 32 219
115 4.2015896640800463 0.57510268835128164 2.0379151075140234 189 143 100 0.22453194385360412 44 312 49 294 48 351 47 312 46 342 45 336 43 291 42 270 41 274 40 280 39 282 38 244 37 240 36 246 35 230 34 212 33 207 32 220 31 221 30 216 29 201 28 168 26 153 25 113 21 42 20 50
116 4.1829907402455877 0.83360009057358442 2.1342281800144667 33 23 17 0.38796638063212385 44 313 49 346 48 301 50 363 47 315 46 345 45 293 45 373 43 243
117 3.8299191940112403 1.545541270689073 2.2628861241710894 16 12 13 0.43957040889596682 44 318 49 298 48 304 50 314 47 273 46 310 45 341 43 299 42 275 41 241 40 258 39 254 38 225 37 241 36 251 35 238 34 221 33 220 31 201
118 4.2117769079772165 -2.8570854330637099 2.4889647822088738 164 129 93 0.3595104284736792 44 319 49 348 48 359 50 367 47 320 46 348 45 343 43 302 41 244 40 231 39 220
119 4.1214804294252945 -2.8163252116704172 2.4636348552061822 155 125 86 0.33288284471565127 44 320 49 347 48 358 47 321 46 349 45 344 43 303 42 276 41 280 40 230 39 257
120 3.544027053411094 -2.3182198857254628 1.8443491520387509 120 93 69 0.15034047800259173 44 324 49 351 48 362 50 328 47 323 46 352 45 347 43 306 42 278 41 282 40 260
121 4.1028434547660435 -2.240065309715372 1.9775435215866028 48 35 25 0.12556095315016533 44 325 49 377 48 402 50 406 47 350 46 394 45 377 43 310 42 281 41 285 40 263 39 264
122 3.7776297705477107 -2.0700978404715138 1.8518549240336062 129 92 69 0.096807953886476159 44 328 49 316 48 367 50 371 47 281 46 357 45 311 43 263 42 241 41 249 40 235 39 226 38 206 37 220 36 222 35 162 34 159 33 155 32 159 31 139 30 136 29 128 28 74 27 69 26 7
123 3.8873709197493196 -2.0454797134399629 1.8931391859501405 137 108 87 0.65833179611831605 44 331 49 353 48 368 50 372 47 327 46 360 45 349 43 312 42 283 41 289 40 264 39 265 38 230 37 246 36 223 35 207 34 190 33 192 32 206 31 170 30 166 29 154 28 125 27 116
124 3.860546014293563 -1.9766624827191996 1.9045384866745876 125 95 72 0.25393858874330805 44 333 49 354 48 369 50 374 47 328 46 361 45 350 43 313 42 284 41 288 40 265 39 266 38 231 37 223 36 253 35 243 34 225 33 224
125 3.865480706197661 -1.9245817346171628 1.9166068293726914 178 141 117 0.12012987265703509 44 334 49 355 48 373 50 377 47 329 46 363 45 351 43 315 42 285 41 291 40 266 39 267 38 232 37 247 36 255 35 245 34 227
126 3.4147215008380063 -1.7852872991950779 1.8559611763978763 141 106 79 0.30210669989548583 44 338 49 356 48 374 50 379 47 330 46 370 45 357 43 316 42 287 41 294 40 267 39 269 38 234 37 251 36 258 35 247 34 226 33 225 32 225 31 228 30 225 29 207 27 203
127 3.1766479476004852 -1.4327331015318838 2.0759681936188601 211 155 134 0.2215642437629661 44 343 49 363 48 382 50 387 47 337 46 378 45 363 43 322 41 304 40 275 38 236 37 256 36 261 35 251 34 234 33 233 31 234 30 232 29 216 28 201 27 210 26 194 25 175 24 173 23 145 22 124
128 3.866998863574612 -2.4558494703126361 1.9520008931431805 112 95 79 0.491281557153885 44 353 49 408 48 398 50 440 47 348 46 391 45 375 43 331 42 308 41 281 40 259 39 258 38 226 37 218 36 220
130 4.5387981707303728 -2.1930890742241083 2.8533710869770932 45 36 28 0.5756073053795544 44 358 49 411 48 429 50 460 47 383 46 418
131 3.4366679159417211 -1.7377476868749384 1.8823518822108618 229 186 159 0.87111707322885978 44 359 49 381 48 407 43 334 42 309 41 318 27 224 26 204 25 207 24 197 23 212 21 175
132 4.1192128476547651 -1.6583142720089852 2.0924698593653686 242 198 173 0.39103018717070548 44 363 49 385 48 411 50 413 47 359 46 402 45 385 43 339 42 311 41 321 40 294 39 295 38 258 37 280 36 273 34 248 33 230 32 227 31 231 30 229 29 214 28 197 27 207 26 192 25 192 24 174
133 4.6424639101842109 0.38167488956006052 1.7492706720690017 22 24 25 1.1797865784152091 49 290 48 348 47 373
134 3.8782473192088389 -2.3511966798673671 1.9003329609297845 93 72 54 0.22074549724905862 44 379 49 409 48 428 50 442 47 381 46 417 45 401 43 355 42 348 41 348 40 326
135 3.9743562432756869 -1.5503356026301811 2.0995513507519057 238 199 164 0.17900951366660003 44 385 49 414 48 431 50 445 47 385 46 420 45 404 43 340 42 312 41 322 40 295 39 296 38 259 37 281
136 4.5425879370253543 -0.93937075132844949 3.172485826063685 55 34 14 0.81185085123720424 44 389 49 420 48 437 50 450 47 390 46 424 45 411 43 366 42 334 41 342
137 4.6080026081035248 -0.86227192223277505 3.2526220870871274 255 255 255 0.53515964564611362 44 390 49 422 48 439 50 451 47 391 46 409 45 392 43 346 42 317 40 304 39 315
138 4.1443560765710075 1.2379581254555752 2.2212343957608747 18 12 8 0.86574694721230427 44 394 49 403 48 441 50 432 46 427 45 415 43 369 42 342 41 345 40 321 39 317 37 271 36 293 35 258 34 263 33 240 27 212
141 4.0185311312839636 -1.3962408538306805 2.1382860941182456 237 187 158 1.0558761428670393 44 403 49 446 48 452 50 469 47 404 46 434 45 426 43 374 42 363 41 363 40 340 39 336 37 308
142 3.2409999978354245 -1.2914038204900036 2.3042267393373272 228 181 152 1.5128756970871804 44 404 49 448 48 454 50 471 47 406 46 435 42 353 41 353 40 330 39 326 38 286 37 309 36 307
143 4.0383925967089862 -1.2495489421700654 2.3200345711936183 217 171 136 0.44842793766975014 44 406 49 450 48 457 50 474 47 409 46 438 45 429 43 375 42 354
144 4.564366423729779 -1.3698739312487687 3.0568947091494207 41 27 14 1.1948579583159813 44 407 49 416 48 433 50 472 47 387 46 422 45 408 43 363 42 355 41 340 40 331 39 311 38 276 37 288 35 183
145 3.377171850163414 -1.6705951328787998 2.0326143830964156 82 64 55 0.65890653920596565 44 419 49 441 48 447 50 463 46 455 45 444 43 385 42 361 41 360 40 338 39 334 38 298 36 328 35 309 34 302
146 3.4650818531435625 -1.572729810735813 2.0582568960353553 235 183 148 1.7371195962994019 44 421 49 444 48 450 50 466 43 386 40 339 39 335 38 300
147 3.9576672582084189 -1.3116670212389039 2.1963959341337338 155 119 91 2.1675691526556271 44 422 48 456 47 407 44 405 46 436 45 427 43 362 42 332 41 339 40 317 38 261 37 259 38 239 36 262 35 224 34 204
148 3.9578619177400833 -1.2922160041711368 2.2070397281416723 155 119 91 1.4728162827847666 44 423 49 461 48 455 50 488 47 408 46 437 45 428
149 3.2108813331886026 -1.1834566548505883 2.3640108865215357 192 95 93 1.852798674885255 44 424 49 463 48 472 50 490 47 422 46 457 45 446 43 387 34 304 33 297 36 331
150 3.9922856630466841 -0.69878314022876664 2.4931956075811739 206 162 120 0.47616531084998009 44 425 49 465 48 473 50 492 47 424 46 458 45 449 43 389 42 365 41 365 40 342 39 341 38 289
151 3.7031986862762314 -1.4420511193754504 1.9546590355832161 190 142 112 1.1831610983744654 44 432 49 469 48 480 50 503 47 435 46 469 45 461 43 396 42 376 41 377 40 349 39 350 38 311 37 333 36 330 35 307 34 303
152 4.0643264817150833 1.6274672133985553 2.2808598339828903 26 21 16 1.6328896351997617 44 441 49 473 48 477 50 498 47 417 46 448 46 465 45 466 43 405 42 373 41 371 40 355 39 354 38 313 37 342 36 333 35 300 34 306 33 291 32 280 31 291 30 279 29 273 28 270 26 257
153 4.1720891931231137 -1.671753934432616 2.1397042413347176 221 156 127 0.79075030364550403 44 443 49 488 48 497 50 519 47 451 46 476 45 470 43 406 42 375 41 375
154 3.3356696911552164 -1.5037925465295594 2.0672865449432418 243 195 170 1.4508578413939479 44 444 49 468 48 479 50 502 47 434 46 468 45 460 42 381 40 357 39 355 37 339 36 337 34 310 32 282
155 3.4014800652607642 -0.74934239945592807 2.7832614392069299 255 255 255 0.99177905112187936 44 447 49 479 48 491 50 522 47 445 46 478 45 473
156 3.472164176479573 -2.3960366407065834 1.9198811309165473 90 73 51 1.0034169888714817 44 451 49 476 48 489 50 510 47 443 46 472 45 467 41 389 39 362 38 320
157 3.620555325929204 -2.1783499220036751 1.9115764179920951 215 176 150 1.1550446010758455 44 452 49 485 48 495 50 517 47 449 46 481
158 3.5745802637083526 -2.0489895248451888 1.9520378420143054 222 185 157 1.6646191871383988 44 462 49 495 48 506 47 461 46 490 45 485 43 423 42 398 41 395 40 373 39 368 38 327 37 349 36 350 35 320 34 319 33 305 34 315 32 296
159 4.2721855723250499 -2.755201522397253 2.4974107012137967 81 58 36 0.34704674330421309 49 5 48 5 50 105
160 3.691029176534947 -2.5001309558215783 1.9420655248383658 73 65 47 0.18014978722328889 49 8 48 7 50 6 45 9
161 4.1626609921302116 -2.6526771266533591 2.3459825337626929 89 69 49 0.16493349245404432 49 113 48 12 50 109 47 109
162 4.1509512569793694 -2.6162603405791609 2.3271636579507291 72 55 39 0.25943590425659258 49 21 48 13 50 108 47 15 46 17 45 19
163 4.2093541331858066 -2.6243365812751298 2.3696348748675957 126 106 90 0.1772899277349945 49 114 48 15 50 111 47 111 46 116 45 118
164 3.7693910252309069 -2.4391605621767583 1.9264439482919642 81 66 52 0.47328066070566516 44 99 48 19 50 18 47 20 45 15 43 10
165 3.8642174095257467 -2.4390970119730562 1.9365847759192161 117 99 84 0.20703281295368101 49 27 48 20 47 23 43 11 41 5 40 9 38 11
167 3.9400479837952389 -2.4387006860129961 1.9558773299731496 95 78 63 0.11245069345705309 44 106 48 23 47 120 46 123
168 3.9778014120853271 -2.3921455479960509 1.9557381710081596 91 75 61 0.35529189527512278 44 34 48 24 46 32 45 34 42 16 39 21
169 3.9778014120853271 -2.3921455479960509 1.9557381710081596 91 75 61 0.35529189527512278 44 35 48 25 46 33 45 35 42 17 39 20
170 4.0440839919696776 -2.4613882450988527 2.0043787059721998 103 90 76 0.20764329275803051 49 33 48 29 50 23 46 35 45 37
171 4.394087741234423 -2.6318612363750762 2.6179357621526771 94 69 48 0.21177601183388925 49 35 48 33 46 40 45 42 42 20
172 3.5248700101310479 -2.3428736540455515 1.8590937536244752 118 96 70 0.17548669393318014 44 25 48 35 46 20
173 3.7573194483062267 -2.3438298493918799 1.8702545500120735 133 109 86 0.16876671214759151 49 36 48 36 50 32 47 22 46 24 44 104 45 27 43 20 42 12 41 85 40 92 39 17 38 81 37 14 36 79 35 17 34 11 33 19
174 3.7437433212464888 -2.3259243402212264 1.8615383098247225 140 114 89 0.17485318127643407 44 28 48 37 47 38 46 42 45 28
175 4.3094904840152877 -2.412354060709609 2.2879777170735336 77 69 60 0.1289501656164955 49 134 48 41 47 49 46 46
176 3.8003738534181775 -2.2169934280484798 1.8537346650750306 162 127 103 1.6608073131462275 49 48 48 43 47 51 46 48 41 24 49 47 40 20 39 30 38 22
177 4.0284202570699073 -2.150247360722243 1.9427588601129091 54 40 25 0.30863283964509469 44 50 48 48 50 46 46 52 45 60
178 4.0282019057188236 -2.1504053072412259 1.9448008450554555 54 40 25 0.34353177440432536 44 51 48 49 50 47 46 53 45 59 40 27
179 3.8187554438966771 -2.0514077964502762 1.8708397503035903 158 123 101 0.17528770211530734 49 59 48 57 47 61
180 4.4979579402700134 -2.2143685315345296 2.6677232899025363 74 64 51 1.2570768534939687 49 197 48 59 50 262
181 3.9371191680961664 -1.9926185733312765 1.9169797565963174 103 77 57 0.10751563724865505 49 65 48 61 50 57 46 62 42 33
182 4.1985036319947326 -1.994613780474725 2.0658270690654712 66 55 46 0.21099311654388864 49 144 48 65 50 137 47 137 46 67 45 69 43 39 42 37 41 37
183 4.0806886131458864 -1.8882128863804557 2.0158502172500272 98 77 62 0.069469767195867602 49 67 48 68 46 69 45 70
184 3.3616768256003851 -1.7647121076783778 1.8713734146828978 154 115 91 0.20296705264505885 49 69 48 69 50 65 47 72 34 23 30 27 29 21 25 10 24 12
185 4.0498433350489025 -1.8264211336821898 2.0116510920789992 85 61 41 0.14489502803457374 49 70 48 70 50 66 47 73 46 70 45 75
186 4.1157172792549934 -1.7991320232081081 2.0571254571350526 77 53 36 0.19803796863215212 49 71 48 71 50 67 45 78
187 4.0951928270178142 -1.7040041359370977 2.0873120276962318 178 130 115 0.13631574665008261 44 68 49 77 48 73 50 74 47 76 46 81 42 53
188 3.3098667378075728 -1.6435248283672843 2.0890634027379322 224 176 147 0.20229156171036256 44 69 48 74 47 78 46 82 45 83 43 52
189 3.479426790772056 -1.6521339813036477 1.9312154591804942 97 59 42 0.22452314945411303 44 129 48 76 47 143 46 79 45 148 36 93 35 84 30 102 29 92 28 93 27 83 25 29 24 74 23 30 22 29 21 30 20 26
190 3.857757140068625 -1.6773132996579529 1.9970677090897528 173 134 108 0.16063172731816891 44 131 48 77 46 80 43 49 41 109
191 4.4934735387685079 -1.2458894533343998 3.0099606476493941 73 49 24 0.59856949198073084 44 81 48 84 50 157 47 147 46 93 45 93 43 62 42 67 41 62 40 61 38 65
192 4.542447792625496 -1.326458754175831 3.0076813919437928 57 45 29 0.11222522445554634 49 88 48 85 46 94 45 91
193 4.4967866067469284 -0.7898173550199743 3.1723562090613733 82 59 39 0.24708358711867692 49 92 48 89 50 86 39 79
194 4.6811418413600725 -0.26299661724282908 2.4934555786095931 147 117 94 0.22513167891737812 49 97 48 94
195 4.3653929160988607 1.7573816687103743 2.0736332104406161 207 153 117 0.61749888555665999 49 303 48 99 47 95 42 118
196 4.3051373632771099 -2.8285495782563355 2.5283400212338485 108 88 69 0.72125316323365718 49 103 48 100 50 181 47 102 44 8 46 111
197 4.0946579566571115 -2.7581973852223478 2.426598391172222 150 115 87 0.16127137685484358 44 6 49 106 48 101 50 102 47 96 46 105 45 112 43 2 41 76
198 4.1641819890174929 -2.7853824071606086 2.4536058097384172 167 129 88 0.51715249754990533 44 4 48 102 47 98 45 6 43 3
199 4.1641819890174929 -2.7853824071606086 2.4536058097384172 167 129 88 0.51715249754990533 44 5 48 103 47 97 45 5 43 4
200 4.2508749865789772 -2.7887697307310613 2.5035921979631244 114 84 54 0.31118090298551287 49 107 48 104 47 4
201 4.2508749865789772 -2.7887697307310613 2.5035921979631244 114 84 54 0.31118090298551287 49 108 48 105 47 5
203 3.5321920714079122 -2.5567619587045671 2.0662950165724885 85 67 47 1.5654357307363373 49 110 48 108 47 163 46 192 43 184 42 121 38 157 37 168 39 179 36 169
204 4.1534255617497431 -2.6744249867405574 2.3479909005481838 153 129 106 0.25213448059914045 49 177 48 109 50 186 47 107 46 15
205 4.1519300267516899 -2.6771341504114967 2.354065716691724 153 129 106 0.1586507160984289 49 176 48 110 50 187 47 108
206 3.7792249578189212 -2.4175842244536399 1.9094123973389652 108 92 79 0.14248743099720085 44 103 48 117 47 118 46 121 45 121 43 97 42 82 41 82 40 86 39 97 38 79 37 82 35 66
207 4.2546414894220472 -2.5649418878144679 2.4089172747262175 97 79 63 0.11119604945926406 49 124 48 125 50 197 47 125
208 3.9419782122359441 -2.3383540701608276 1.9182701404901261 107 88 72 0.16351902170013932 49 130 48 129 50 124 47 127 45 130 43 100 41 88 38 18 37 88 36 83 35 74 34 17
209 3.9419782122359441 -2.3383540701608276 1.9182701404901261 107 88 72 0.16351902170013932 49 131 48 130 50 125 47 128 45 131 43 101 41 89 38 19 37 89 36 84 35 73 34 16
210 4.2419970325580092 -2.4246985710781348 2.1683196395767022 86 75 60 0.27899260049487784 49 44 48 131 50 126 47 48
211 4.2419970325580092 -2.4246985710781348 2.1683196395767022 86 75 60 0.27899260049487784 49 43 48 132 50 127 47 47
212 4.3828550187986695 -2.2949094768409637 2.3067078439335909 81 70 58 0.45873720170254007 49 137 48 137 50 41 47 55
213 3.9772946920791683 -2.0527769887542937 1.9305611834749719 91 72 55 0.36047363762714973 44 118 49 63 48 144 50 206 47 179 46 140 45 136 43 112 42 95 41 97 40 102 39 110 38 86 36 27 33 24
214 4.2585858260998828 -2.1100685167046969 2.1080552682613556 41 32 24 0.16199757207820273 49 141 48 145 45 64 43 35
215 4.0854885986894605 -1.9549816933919966 1.9925707379658555 93 74 59 0.16648485548183548 44 122 48 147 50 140 46 142 45 142 43 114 38 39 36 28
216 4.5256915412176175 -1.9194182362656216 2.9263764678957962 93 79 57 0.57557478834368603 49 150 48 157 50 147
217 3.4091903407260822 -1.632777540433958 1.9729897036346478 182 148 140 0.16133147766171943 49 151 48 158 50 73 47 142 46 219 45 203 43 212 46 277 42 194 41 207 40 200 39 199 38 176 37 182 36 185 35 169 34 170 33 160 32 166 31 174 30 172 29 159 28 157 27 151 26 131 25 129 24 131 23 142 22 121 21 123 20 116 19 111 18 101 17 90 16 96 15 94 14 71 13 71 12 70
218 3.3702368009929691 -1.6314244723641322 2.007140474791191 77 52 36 0.13959136569882666 49 153 48 159 46 218
219 3.3661793679553083 -1.6337820560368357 2.0179553298101567 77 52 36 0.18101076645281769 49 152 48 160 50 148
220 3.4243460580052987 -1.5760123950191156 1.9711583691985231 226 173 140 0.19410415408648557 44 133 48 163 47 79 50 78 46 155 45 151 43 120 42 101 41 111 40 112 39 123 37 103 36 105 34 103 32 45 31 108 30 49 29 44 28 96 27 85 25 30 24 75 23 77 22 30 21 63 20 32 17 26
221 4.4330900127712765 -0.88928665943863372 3.1686283521779153 48 26 9 0.20642027225409251 49 158 48 171 50 161
222 4.4330900127712765 -0.88928665943863372 3.1686283521779153 48 26 9 0.20642027225409251 49 159 48 172 50 162
223 4.4308832787751093 -0.24095207173729138 2.2589710053337475 26 25 20 0.4238657940294146 49 161 48 175 50 164 45 219 42 168 41 231 45 285 40 177 39 176 39 209 38 192 37 161 35 153
224 4.0910472685404287 -2.6665430202754332 2.3080308038038853 111 94 77 0.12857922099255231 49 169 48 186 50 103 47 160 46 115
225 4.1524738639851044 -2.7194325745541517 2.4122835014144144 92 68 47 0.31610569484665779 49 235 48 187 50 245 47 161 44 7 46 107 45 7
226 3.7978806476402269 -2.521952461829299 1.9808758611277233 65 52 43 0.45893779730723172 49 111 48 188 45 180
227 4.122823233424719 -2.6349092109284453 2.310183353681512 129 110 88 0.16537156116795604 49 175 48 189 47 165 45 18
228 4.2735660219265919 -2.6555838016215381 2.512894440588485 49 39 26 0.3062836774055831 49 239 48 190 47 113
229 4.2258164855785578 -2.4351575413103315 2.1549234364935685 62 54 45 0.15840922480521247 49 181 48 192 50 194 47 123
230 4.2258164855785578 -2.4351575413103315 2.1549234364935685 62 54 45 0.15840922480521247 49 182 48 193 50 195 47 124
231 4.1990740501643398 -2.3239574953325413 2.0828664462143731 49 41 32 0.18230136556630017 49 187 48 198 50 202 46 203 45 190
232 4.2853019838687167 -2.1741732603571347 2.1355412364824922 61 52 41 1.0666197586173567 49 314 48 203 50 334 46 135 45 135 43 196
233 3.9474226796580631 -2.0262750757761538 1.9225095191739816 109 87 67 0.14230815491616541 49 195 48 206 50 209 46 210
234 3.3396543187781367 -1.611906752823576 2.0898302432492333 170 119 92 0.44042817851802185 44 184 48 213 43 162 42 146 41 157
235 4.0499230828830397 -1.6094731185737745 2.1382486808747325 186 118 90 0.15535113951957275 49 211 48 217 50 219 47 189 45 207
236 4.5162261759471249 -1.3521063278235741 3.0031651796975138 56 43 27 0.31972212679038842 49 218 48 222 50 228 47 193 46 226 43 169 42 155 41 167 40 169 39 169 38 107
237 3.3823616651349604 -1.1800511529188096 2.1410960136676884 140 67 55 0.12916932681800328 44 192 48 224 50 156 46 229 45 271 43 225 42 212 41 224
238 3.382767950375964 -1.1807491204977338 2.1478851503479648 140 67 55 0.26620608998620721 44 191 48 225 46 228 45 270 43 224 42 211 41 223 40 210 39 204 38 187 37 194 35 182 34 175 33 172 32 175 31 183 30 180 29 173 27 163 26 146 25 145 24 145 22 108 21 134
239 3.3493604989290358 -0.91670110879892164 2.2534616201570499 229 176 152 0.24894627770126845 44 306 48 228 50 160 47 252 46 338 45 332 43 287 42 263 41 268
240 4.5166023582004868 -0.80135046712366864 3.1676124016858145 63 39 18 0.18324046383812953 49 222 48 229 46 236 43 129
241 4.5562965820601775 -0.66639067783127448 3.2702708778897467 87 67 47 0.14100647923967086 49 224 48 230 47 200 46 172
243 4.2591991030001051 -2.8217324320478374 2.5043207044030726 176 142 109 0.35639761473042458 49 233 48 241 50 321 47 213 44 159 46 246 45 233 43 142 42 120 41 78 40 82 39 1
244 4.3171885926247739 -2.7450824855974099 2.5420336894013165 54 39 21 0.40593736045022005 49 236 48 242 50 246 47 166 46 196 45 183 42 124 41 83
245 4.0937414316606739 -2.6291654848047918 2.2793785019415296 49 48 44 0.2299933472276951 49 308 48 243 50 247 47 215
246 4.2220329838440813 -2.6809671503097632 2.4454253031553375 82 56 38 0.15494268708397688 49 238 48 244 50 326 47 216 46 250
247 4.3405193480886899 -2.7313831813575122 2.5707895888481609 135 108 86 0.32837563594057534 49 240 48 245 50 248 47 217 45 236 40 140
248 3.6737155936329788 -2.4439382232124207 1.9051079899333281 63 52 34 0.088959988439208798 49 180 48 247 50 192 47 214 46 248
250 4.4402759725796619 -2.514936510045453 2.67796192480436 85 67 54 0.18460697577855623 49 242 48 251 50 253 47 172 46 205 45 191 44 177
251 3.8454178401364207 -2.1793298091020916 1.8666942518378684 117 87 65 0.15815036299220633 44 211 48 252 50 256 46 258 45 241 43 190 42 180 41 191 40 149 40 185 39 148 38 163 37 132 36 135 35 119 34 130
252 4.4496720244102237 -2.383286718308101 2.5496843695414366 62 50 43 0.50892236592331763 49 246 48 256 50 333 46 132
253 4.4417632004407031 -2.3305240767856925 2.4620487639540114 43 36 34 0.65044618277315513 49 315 48 257 50 335 47 221 46 131
254 3.1468178214735456 -1.7892450347129643 2.0845821296589477 229 185 159 0.65964623600877814 49 202 48 266 50 145 47 288 46 368 45 380 44 383
255 3.5279010234974284 -1.7846618667419345 1.8556346665570567 220 179 154 0.29991861490760957 44 223 48 267 41 199 40 192 39 191 34 135 33 132 32 132 31 88 30 94 29 22
256 4.1116416454633686 -1.8314017455315967 2.0461805758918352 92 69 55 0.22235066136824935 49 255 48 268 50 270 47 230 46 267 43 157 42 141 39 156 38 131 37 144 33 84 32 28
257 4.111827568878506 -1.8306833416416424 2.0440974318117453 92 69 55 0.1777229742868148 49 256 48 269 50 271 47 231 46 268 43 158 42 142
258 4.238374685816475 -1.7065762854600137 2.1346766333335117 144 110 86 0.33766494921323992 49 327 48 275 50 385
259 4.0624764353353475 -1.63963193326561 2.0904706585085435 122 55 37 0.12058694379600295 49 263 48 277 50 277
260 4.466974333991816 -1.660885989583804 2.8985867523266045 29 22 14 0.24770974582092908 49 266 48 281 50 348 47 190
261 4.3770910980962174 -1.2550600281435895 3.0637003864639851 70 59 32 0.89397250639150738 49 274 48 287 50 233 47 300 46 333 44 303 45 330
263 4.2266318956124973 -1.0068969868394413 2.7979546692281909 159 134 97 0.24854862969746933 49 281 48 290
264 4.5205701978267978 -0.85965628612928591 3.1783883620592928 125 98 68 0.51993364089083383 44 197 49 285 48 292 50 297 47 258 46 235 45 217 43 174 42 109 41 119 40 120 39 131 38 67
265 4.5699054201008744 -0.53641365007804975 3.4925056043827531 48 36 25 0.35500643453282049 49 288 48 293 50 301
266 4.4250154631097303 1.3811677691900022 2.0338375972094225 255 255 255 1.2452105331920182 44 268 48 306 50 366 47 317 46 347 45 298 43 353 45 397 40 225 39 253 44 351 37 209 36 210 28 175 27 175 25 116 24 156 23 158 22 141 21 107
267 4.0129865835806644 -2.7857338909235798 2.4351685210206542 255 255 255 0.25101708701614728 49 304 48 311 50 323
268 4.0712122078970685 -2.574969672752597 2.1386168026922521 108 89 74 0.19343827961171037 49 307 48 312
269 3.4859955735924131 -2.2286563919063913 1.8162531455190656 212 165 139 0.59557625409733295 49 313 48 316 50 331 47 280 46 317 45 309 43 261 42 280 41 283 40 261 39 261 38 229 37 244 36 252 35 241 34 223 33 223 32 224 31 227 30 221 29 204 28 191 27 201 26 169 25 168 24 124 22 85 21 52
270 3.9866803407265845 -1.9879289617112093 1.9427359828615487 116 91 73 0.21225969573474593 49 319 48 319 50 339 47 285 46 321 45 315
271 3.2065559245912576 -1.6896499801922964 2.0858169651863578 195 148 115 0.063634642857446674 49 323 48 325 50 344
273 4.0718576007664931 -1.6270153876356483 2.1155754339935102 118 50 28 0.70198947019749514 44 292 49 264 48 329 50 281 45 319 43 275 42 256 41 259 40 242 39 237 38 214 37 230 36 232 35 217 34 195 33 198 32 211 31 211 30 209 29 195 28 186 27 192 26 135 25 132 24 133
274 4.1243778498817365 -1.4090948750342351 2.3494219587835543 140 111 88 1.4489115893151594 44 296 48 332 45 324 43 280 42 206 41 220 38 63
275 4.4280220515665487 -1.4662423169954095 2.961889157492803 28 23 10 0.44384447808402561 49 333 48 333 47 296 46 286 45 208
276 3.1160756339954458 -1.3079087984040301 2.1874294831050909 255 255 255 1.0281584690288894 49 366 48 334 50 390 47 297 46 224 45 267
277 3.9831975262065824 -1.3273543234220393 2.2375612416698489 139 103 76 0.86759003552368219 44 241 48 335 47 298 45 327 41 219
279 3.5584309961843137 -0.89968045285339671 2.6117244240553239 107 75 51 0.56124216130958393 49 280 48 342 47 341 44 388 45 391 43 378 42 364 41 364 40 341 39 340
280 4.4968366806178297 -0.69303169892399319 3.2208702258091977 100 73 47 0.29275296722694755 49 341 48 345 50 358 47 260 46 340 44 310 45 282 43 236 42 220 41 177
282 4.282807717213549 -2.4937520742503283 2.3579165132782407 55 50 44 0.84290741711587358 49 374 48 364 50 404 47 278 46 256 45 239
283 4.2594091722458991 -2.1929865344885311 2.1041188275129477 90 79 66 0.32203166851647486 44 330 49 352 48 365 50 370 47 325 46 358
284 3.820999608323886 -1.9416522508349201 1.899031832612734 150 113 90 0.24634655895228313 44 332 48 370 50 373 47 283 46 362 45 313 43 265 42 243 41 290 40 238 39 228 38 207 37 222 36 224 35 208 34 191 33 193 32 161 31 208 30 165 29 155
285 3.9415808115898803 -1.9551090876226394 1.9372071376073097 129 100 79 0.34429101613984353 44 335 48 371 50 375 46 364 45 352 43 314 41 292
286 3.9396568804536742 -1.9575515213642665 1.9470083746015352 129 100 79 0.38335055987761174 44 336 48 372 50 376 46 365 45 353
287 3.9105739737761076 -1.5554504563148634 2.0851947509055337 186 140 112 0.27386137928666837 49 361 48 380 50 386 47 336 46 375 42 290 41 300 39 270 35 216 33 197 29 166 28 158
288 4.5904934143475771 -1.7300409664764456 3.0225185116175464 255 255 255 0.31456535580199801 49 328 48 381 45 320
289 4.0748513960578254 -1.4018363549730128 2.1407059328278715 237 178 147 0.084056127072750314 44 345 48 383 50 388 47 339 46 379 45 365 43 323 42 293
290 3.2974305476081147 -1.3208268644614953 2.1075765481998596 239 193 166 0.26941445699355321 44 367 49 367 48 384 50 391 47 363 45 387 43 342 42 313 41 323 40 297 39 298 37 285 36 277
291 4.8319530372613722 0.38463419393920362 1.9305032153893065 16 16 19 1.3691628762602748 49 293 48 389 47 345 46 303
292 4.6604834669109696 1.3297488202829846 3.6915300510072271 18 15 18 0.54647011722084204 49 296 48 391 50 310
293 4.1897080020539583 -2.7716199782806625 2.4563082559038252 187 147 105 0.70041667064860968 49 407 48 396 46 389 44 352 45 374 43 330 42 307 41 316 39 259 40 290 38 227 37 216 36 172
294 4.2528279375012925 -2.5978774471890089 2.4170354289487186 97 79 63 0.89073286619813918 49 373 48 399 50 402 47 322 44 278 46 350 45 346 43 256 42 179 41 92
295 4.260638127881883 -2.1922713008344283 2.0966866982050449 91 79 66 0.35466543553999286 49 379 48 403 47 351 46 396
296 4.0775581164814021 -1.8566873561215569 2.3349902913006719 81 57 42 1.9897357988525268 44 360 49 412 48 405 43 335 47 354
297 4.5294324700667188 -2.002162028323764 2.9306082754305045 43 35 25 0.20305423036170933 49 413 48 406 50 444
298 4.5835339757711422 -1.9328032797538475 2.9997758847924247 255 255 255 0.63977916057011897 49 382 48 408 50 410 47 355 46 398 50 462
299 4.0205740518309225 -1.6611263849278921 2.078310298464487 225 181 151 0.28301817001032392 49 384 48 409 50 412 47 357 46 400 45 383
300 4.0205740518309225 -1.6611263849278921 2.078310298464487 225 181 151 0.28301817001032392 49 383 48 410 50 411 47 358 46 401 45 384
301 4.5453232164987263 -1.7863262640912021 2.9932685071522362 53 43 30 0.1582188646618066 49 386 48 412 47 360
302 4.5993136077890133 -1.730104460025687 3.0353757389567191 255 255 255 0.10637284782337331 49 388 48 413 50 417 47 361
303 4.618860834663935 -1.4989617994940589 3.0572973526214344 255 255 255 0.46193678639426672 44 368 49 390 48 415 47 362 45 407 42 314
304 4.0532419399030646 -1.3500425192677237 2.2852021294305978 151 115 91 1.2431909190906132 49 393 48 416 50 420 47 364 46 404 45 388 42 295 41 306 40 247 39 244
305 3.5108824773431557 -0.90644553715809251 2.5578914581264511 255 255 255 0.46697538811978895 49 368 48 420 50 423 49 394
306 3.5492837717471879 -0.67622875729907717 2.6377282443483328 255 255 255 1.0961609095528642 49 423 48 421 50 477
307 4.6185636646568602 -0.49380117129880657 3.5357863804145069 255 255 255 0.50591493864163184 49 425 48 422 50 425
308 4.2213238510642963 0.7805093812320204 2.1231274847601664 200 162 115 0.18989864273618251 49 401 48 425 50 428 47 375
309 4.0300955673728032 -1.5207958928628398 2.178931230897021 153 81 64 2.1565184351516802 49 415 48 432 47 386 46 421 45 405 43 341 41 301 40 271 39 239 38 216 37 232 36 188 35 172 34 106 50 446 33 45
310 3.4483521845188223 -0.98360530408548397 2.2420509730570579 227 182 153 0.14077403622162618 49 418 48 434 50 448 47 388
311 3.5552966420015943 -1.0250897468593718 2.2256903812143118 219 171 142 1.5671750789695522 49 419 48 435 50 449 47 412 46 440 45 432 44 408 43 377
312 4.5753920862017736 -1.1143936330821571 3.1169482872443686 63 50 27 0.64677681513562768 49 451 48 436 50 476 47 389 46 423 44 371 45 410 43 365 42 316 40 302 39 277 39 301 37 262 36 263
313 3.6976543185626145 -0.86291176025044447 2.49635264272949 226 189 151 0.7097757412089265 49 421 48 438 50 424 46 441 45 433
314 3.4564011239001498 -0.57296684045431368 2.9499675698229613 8 6 5 1.7395011527376283 49 424 48 440 50 452 47 370 46 385 45 371
315 4.0925484000122418 1.4015425565366402 2.2777217024036469 32 26 22 0.30794162531159724 49 431 48 442 50 433
317 4.3381490912927791 1.7262466419897478 2.1020423342222339 222 169 135 0.57481392532163633 49 438 48 444 50 456 47 398 46 451 45 439
318 4.31127965432621 -2.8509956379866073 2.6041236359385662 97 77 58 1.2290903626825482 49 439 48 445 50 457 50 482 47 400 46 390 45 420
319 3.8863548551313434 -2.1543052392040054 1.8404913030455814 84 58 37 1.2711938972446313 44 399 48 446 50 458 47 401 46 429 45 422 43 372 42 350 41 349 40 327 39 325 38 284
320 3.3762987607157608 -1.6685388691651719 2.0430764350183166 91 78 69 0.23544213117848942 49 442 48 448 50 464
321 4.5291624868000087 -1.8089607398773779 3.0260759724934596 58 46 30 0.10724367643981032 49 443 48 449 50 465
322 4.5550811478644784 -1.5848787477785125 3.0195662604174309 31 22 15 0.49949210610043138 49 445 48 451 50 468 47 403 44 386 46 433 45 425 43 361 42 331
323 4.0116817731174512 -1.4022228765596798 2.1700889000466681 237 188 158 0.08718985349619926 49 447 48 453 50 470 47 405
324 4.0369571342333774 -1.2518197229042749 2.3254521148653371 219 173 137 0.16887985556495999 49 449 48 458 50 473 47 410 46 439 45 430
325 4.2577227226040444 -1.1857157033158432 3.0553458274511049 255 255 255 0.18468860129209863 49 464 48 459 50 491
330 4.08544443006629 1.6254178420775389 2.248017674136511 28 22 18 1.5959273664008453 49 406 48 469 50 481
331 4.3694361907354828 -2.1298623669701819 2.2457797465689957 74 65 52 0.35347034020773949 49 459 48 470 50 483 47 402 46 430
332 3.260527332380962 -1.7688579023917881 1.948959231332301 138 100 80 0.69944253410694557 49 440 48 471 50 461
333 4.3377374099715729 -0.79344284936626019 3.0903803909443628 255 255 255 0.66793642112800744 49 470 48 474 50 504 47 425 46 442
334 3.0410986022358317 -1.6997139197767936 2.2517014450261126 255 255 255 1.3114928478340726 49 467 48 478 50 484 47 433
335 3.5802445275018431 -0.98188778715369673 2.5911854280690303 147 111 83 2.042880583828905 49 478 48 482 50 512 47 436
336 4.5193151714964701 -0.72804392022406983 3.2149151846379223 52 34 16 1.7165236825327723 49 471 48 483 47 437 46 470 44 435 45 462 43 399 42 366 41 366 40 332 39 316
337 4.622405576469899 0.87252698004253859 2.679459353563324 255 255 255 0.96447563022814486 49 484 48 484 50 524
339 4.3173220339223954 1.6856108013433637 2.0867467476526231 221 170 137 2.3137055020831099 49 474 48 487 50 508 47 441 41 372 39 346 30 280
340 4.3173220339223954 1.6856108013433637 2.0867467476526231 221 170 137 2.3137055020831099 49 475 48 488 50 509 47 442 41 373 39 347 30 281
341 3.4628716797500196 -0.75264214471331925 2.6011798431241706 255 255 255 0.48737232315522805 49 480 48 492 50 521
343 3.3155177850047624 -1.7276316123263569 2.0239457096704303 152 104 77 0.70577775253469244 49 487 48 496 50 518 47 450 46 482
344 3.5361923649434415 -1.1873948826107594 2.2354084637513179 226 183 156 1.4208688821492566 44 453 49 477 48 498 50 511 47 452 46 483 45 478 43 416
345 4.4435386557186556 -1.0233408581925634 3.2074342824255035 64 40 18 1.0970793052460259 44 460 49 489 48 499 50 520 47 453 46 484 45 482
347 4.5016604658445489 -0.33500547282359489 3.4127812845525929 17 16 18 1.2833111605996421 48 501 47 456 46 489 45 483
348 4.489147115340435 -0.14380489855610637 2.3458968785640391 230 184 142 1.656548706153353 44 449 48 502 47 457 46 479 45 474 47 446 43 401 42 380 39 342 38 307
349 4.8571942180766756 1.0115830299707373 2.9473532713193409 19 18 19 0.92925391007551406 49 493 48 504 50 516
350 4.8571942180766756 1.0115830299707373 2.9473532713193409 19 18 19 0.92925391007551406 49 492 48 505 50 515
351 4.4050912466952665 -1.4980225801217351 2.727737320556213 48 40 31 1.8350656222103399 49 498 48 507 47 462 46 491 45 480 44 459 43 415 42 390 41 382 40 358 38 285 37 310 36 279 34 174 33 106
352 4.1397031691262756 -0.1730178160066761 2.3346883895066322 10 8 5 0.72109224845650233 49 497 48 508 50 529 47 463 46 492
353 4.1397031691262756 -0.1730178160066761 2.3346883895066322 10 8 5 0.72109224845650233 49 496 48 509 50 528 47 464 46 493
354 4.3333510939436328 0.34081140975468099 2.0876782875396414 238 196 153 2.078815343570207 44 465 48 510 47 466 46 495 45 488 43 427 42 402 41 399 40 377
356 4.3077068650852652 -2.6352253623561417 2.5368051221900343 25 17 12 1.0760838524908538 48 360 50 441
358 3.9638726435486968 -2.6283374753525304 2.1274622802573662 125 106 91 0.31480965841782216 48 1 50 3 47 3
359 3.8237614858803188 -2.5249179490900775 1.9772933254803029 74 62 52 0.38138917203241129 49 11 50 7 46 7 45 14
360 3.6117817820977485 -2.4206788098676784 1.8873358224926788 95 82 62 0.31281708248320111 48 114 50 14 47 115 46 119
361 3.6233180205942901 -2.3732359161721499 1.857634774475559 79 58 37 1.3113808395010618 48 115 50 17 47 117 43 94
363 4.0349267833139351 -2.4804230474877818 2.0139586062554553 59 45 35 0.39939455015912095 49 14 50 21 47 10 46 10 45 17 43 12 42 7
364 4.0128824633278777 -2.4248259917823871 1.976402663275201 65 49 36 0.15761581289828233 49 31 50 24 47 29 46 31 43 23 42 14 40 15
365 4.0402337461074529 -2.3691883845446893 1.9494818888012138 83 71 59 1.093800273479193 49 41 50 36 47 30 45 38 41 19
366 3.8664258622183545 -2.0687242301395332 1.874111671328156 117 88 65 0.21425508299559867 48 58 50 53 47 62 46 59 45 58 41 32
367 3.984150888305225 -2.0363004661546871 1.9368540297765875 74 54 37 0.072796925976520696 44 54 50 54 42 32
368 3.9177515847622226 -2.0189945062351624 1.8770294012933066 88 61 40 1.6531464730588772 49 61 50 55 47 63 45 62 39 44 37 29 33 23
370 4.0735203167790344 -2.0008151018490037 1.9723735699873075 63 46 31 0.2602756114631275 48 63 50 58 46 64 45 66 43 34 40 30 39 46 38 33
371 4.2179370610933118 -1.9386939762742375 2.0908766867808284 51 39 28 0.063965299569043219 49 68 50 64 47 69
372 4.1819518068352517 -1.8447932081362053 2.102767495152996 70 53 39 0.11430358053220906 44 60 50 69 47 74 46 73 45 77
373 3.4183646166030215 -1.6912502510169594 1.9069681933226532 138 94 65 1.6911431151178848 48 154 50 70 47 140 44 65 46 150 41 102 40 107 39 116 38 87 33 89 32 26 30 28 27 25 26 20 25 17 24 25 22 14 21 21 20 17 22 58
374 4.0874827761315702 -1.2351962201835394 2.3623286224175084 172 126 93 0.02813390182282724 48 83 50 85 47 82
375 4.2672082909700517 -0.4532199250274962 2.5497877765609083 220 177 150 0.17822723465181478 44 87 50 88
376 4.1430677340923632 1.2976309600917639 2.2310247769843983 41 31 27 0.52987838574563417 48 178 50 95 46 181 34 123 31 131 30 127 29 69 28 120 27 109
377 3.8057145783819277 1.5772293361118019 2.2805181577433054 34 32 26 0.40020420836512433 48 179 50 97 46 186 43 78
378 3.8057145783819277 1.5772293361118019 2.2805181577433054 34 32 26 0.40020420836512433 48 180 50 98 46 185 43 79
379 3.7077600396232966 -2.6241555503607126 2.1313118970056504 118 98 75 1.0314816725123159 48 183 50 99 47 211 46 189 45 232
380 4.2077447694385288 -2.7428326936028204 2.4609967131875852 146 108 70 0.22075554453211316 44 97 50 104 47 100 46 109 45 113 43 90 40 11
381 4.2149727688099619 -2.5964905587486125 2.4327720367177905 95 81 65 1.1190676964273154 48 31 49 34 50 117
382 3.5895145982124372 -2.3355979096211956 1.8503018318567717 107 82 58 0.42746697011405799 48 127 50 122 46 120 45 119 43 146 41 132 40 144 39 144 38 123 36 131
383 4.0834320214289352 -1.9575008762411894 2.0012223762720307 97 77 61 0.17979270093158742 48 148 50 141 46 143
384 3.4074082475445833 -1.1968591311744998 2.1037671499151065 230 186 157 0.25108863951402771 44 244 50 155 46 227 45 211 43 226 42 210 41 221 40 248 39 245 38 220 37 236 36 238 35 225 34 205 33 203 32 215 31 216 30 212 29 199 28 189
385 4.1897497333071225 -2.8393406005492419 2.4373406232719343 172 140 99 0.10109586211443589 48 239 50 180 47 210
386 4.2768897111329709 -2.5246187769352852 2.4175264964217682 39 32 26 0.2122067927006058 49 126 50 198 47 34 46 38
387 4.2094285623179912 -2.3993814526598154 2.1253362610819 61 53 39 0.61165624420389908 44 169 49 133 50 199 47 46 46 200 45 187
388 4.3657172370680097 -2.0764005785588586 2.217970987805491 82 71 59 0.4222966518504358 49 200 50 210 45 140
389 4.3958970456211359 -1.8671854599184408 2.3099035084240205 35 28 21 0.23283127914269014 48 152 50 213 47 138 46 74 45 79
390 4.3958970456211359 -1.8671854599184408 2.3099035084240205 35 28 21 0.23283127914269014 48 153 50 214 47 139 46 75 45 80
392 4.544622168716649 -1.3599516130625469 2.9994143792000383 35 24 10 1.1063892780846762 44 139 49 271 50 229 47 195 45 209 41 59
394 3.8929286555636939 1.6337138483392863 2.2921338559092277 50 48 49 0.36883690922658818 44 271 49 230 50 242 47 206 46 243 49 299 45 231 43 248 42 175 37 167 28 66 26 52
396 4.5422720030210577 -1.9650659527327969 2.9589558708584578 43 34 24 0.24811072307350765 49 259 50 273 47 234
397 4.4896481299845421 -1.7731687183274614 2.8798154268528124 38 30 21 0.08415289900667515 48 162 49 265 50 278
399 4.6037206474590029 -1.0260891601194937 3.111341234075474 255 255 255 0.6308777535231519 49 284 50 296 47 305 46 337 45 331 43 285 42 300 49 395 41 325 43 345 40 279 39 278
400 4.6059968213542453 -0.7589865282154642 3.2796888306906764 61 51 27 0.56600473964972398 44 198 49 340 50 299 47 261
401 4.9800413914236268 1.5914376159138304 2.5581038228718223 132 111 89 2.1015088935886759 49 232 50 316 47 209 43 327 45 301 46 309
402 4.9783740114403745 1.5836736374381548 2.5618914721590533 132 111 89 0.6946334110368888 49 231 50 317 47 208 46 308
403 4.1134374970838552 1.693152732053693 2.2955151157516163 33 27 21 1.3285421361342395 50 318 47 159 45 178 45 342 42 231 40 287 35 239 33 189 31 242 30 195 28 208 27 200 26 241 25 203 25 236 24 210 23 226
405 4.0485851352026083 -1.4691148287208817 2.1559779346193171 241 181 152 0.17399624259988231 49 331 50 350 47 294 46 328 45 321 43 277
406 4.3410385254150423 -0.26549406399992503 2.3081652720316308 7 7 2 0.089902525032588484 49 344 50 359 47 308
407 4.424650334463391 1.3800510179466443 2.033523513297304 255 255 255 1.2338713215046275 48 305 50 365 47 316 44 350 46 346 45 297 43 352 45 396 40 224 39 252 44 267 37 208 36 209 35 195 27 174 28 174 25 117 24 155 23 157 22 140 21 106 19 71 17 43
408 3.3467808870043272 -2.2506844785073548 1.9454905538142937 228 177 152 1.2512098559581326 45 421 44 417 43 384 42 360 41 374 40 347 39 349 38 309 37 329 36 326 35 303 34 301 33 294
409 4.2955028533205493 -1.2617402809223603 3.097773290798024 255 255 255 1.0817405424205009 49 334 50 392 47 248 50 421 46 164
410 4.5871802901425367 1.347394685374822 1.9879780898800561 217 161 121 0.26498720384556124 48 394 50 400 47 346
412 4.5810683040502624 1.3398901390269959 1.9848725676034926 217 161 121 0.27878605752307301 49 404 50 434 47 379
413 4.5810683040502624 1.3398901390269959 1.9848725676034926 217 161 121 0.27878605752307301 49 405 50 435 47 380
414 4.4041149284032652 -2.7354874270512544 2.6196635690155077 97 80 57 0.56292107514848877 48 397 50 439 47 349 46 392 44 354 45 345 44 323 43 305 42 277 41 246 40 233 39 222 38 162
415 3.3483027093582778 -1.1108462845785743 2.2711479546529221 233 188 159 1.1659957800641128 49 417 50 447 43 376
416 3.0511275371962019 1.5548278262140467 2.8140503953333464 255 255 255 0.33158093493047458 48 476 49 453 50 480
418 4.5594912562792063 1.3179810438171551 1.9995272705698153 221 165 127 1.5061903135334738 49 456 50 499 47 430
419 4.4474274122522912 1.4207166894507381 2.0461972595714792 255 255 255 1.3290918399136691 49 454 48 467 50 453 44 395 49 434 47 415 46 446 45 438 42 344
420 4.4474274122522912 1.4207166894507381 2.0461972595714792 255 255 255 1.3290918399136691 44 396 49 435 50 454 49 455 48 468 47 416 46 447 45 437 42 343
421 3.9184380613601859 -2.5860856928218521 2.0684050892659052 125 110 95 0.15692702797571825 49 112 47 1 42 76
422 4.1198530758309282 -2.5079228406690124 2.074814039162983 105 91 77 0.1369631397895863 49 18 47 13 46 13
423 4.1198530758309282 -2.5079228406690124 2.074814039162983 105 91 77 0.1369631397895863 49 19 47 14 46 14
424 4.1930011364360009 -2.6335498873414518 2.3707068009867278 76 59 42 0.085879575034693581 48 14 47 16 45 21
425 3.7726747387236905 -2.3816406986654259 1.8885873178161916 91 71 51 0.25849181254137138 48 18 47 21 46 23 41 12 39 16
426 3.9666658437209774 -2.4303279044845296 1.9657628659325523 101 86 71 0.20435651307775152 50 20 47 25 46 30
428 3.6506184401828743 -2.2592322775105864 1.8035137096912399 165 128 101 1.0004679622386994 44 40 47 37 40 19 42 21 37 13 36 12 34 10 33 20 31 20
429 3.8792281912295739 -2.3049684876163403 1.8797112673236944 113 89 72 0.90280305839644637 49 39 50 33 47 39 49 38 43 27 39 26
430 4.0842069653115365 -1.7632048221083345 2.0429241272667795 113 75 54 0.15697953813242008 48 72 47 75 46 72 45 76
431 4.4220374327760776 -1.1126077681424655 3.0786390728059692 75 52 33 0.28322646942726531 44 83 47 83 46 98 45 95 43 63 42 108 40 63 38 66
432 2.5737352320238776 1.3258005458529059 3.475735805585372 136 98 71 0.39023042350934539 44 153 47 88 46 175 45 225 45 291 43 177
433 2.577627161647301 1.3277880073899628 3.4873745483167449 136 98 71 1.8465727442444955 44 152 47 89 46 176 45 226 45 292 43 178 42 273 41 278 40 285 41 313 39 286 38 250 37 295 36 292 35 273 34 266 33 253 32 261 31 265 30 268 29 255 28 236 27 246 26 239 25 224 24 212 23 230 22 183 21 193 20 180 19 172 18 170 17 155 15 178 14 166 12 175 11 165 10 187 16 152 19 131 6 157 5 151 4 105 4 149 3 114 2 106
434 4.2679186844090324 0.76624869794151373 2.0268155286417979 215 169 127 0.40119728470620603 48 96 47 90 46 102 42 73 41 69 40 70 39 85 38 72 37 72 35 60 34 63 32 59 31 60 30 70
435 3.6247174328188483 -2.3799700624077818 1.8686078493198732 78 58 38 0.1356463745964693 50 16 47 116 43 95
436 4.0255105028081433 -1.7193010831064781 2.0398342633008362 142 101 78 0.15387306020994437 49 148 47 141 45 81 42 52 41 54 39 59 34 40
437 3.4709725891354153 -0.90496132260533979 2.6915771506770163 255 255 255 1.0930662082369991 49 369 41 228
438 4.4711930177290009 -0.70923300270992373 3.216407786285413 73 49 22 0.35860188481897121 44 86 47 153 46 168 45 166 43 67 42 69
439 4.9312054649560455 1.1268708707015582 2.7175722078692655 0 0 0 1.6272525107504081 44 316 48 97
441 4.4344073636852803 -0.88916412438432668 3.168903567845315 50 27 10 0.15383484811892284 44 195 47 198 46 234 45 216 43 173 42 163 44 194 41 175
442 4.2546704755809586 -1.6520482934021323 2.111871744723401 130 104 82 1.4890035744813777 48 278 47 239 46 279 45 152 41 163
443 4.2513761038761482 -1.6020304174751192 2.081496474070029 131 105 83 1.2509639832614476 48 279 49 212 47 240 46 280
444 4.0939135427128255 -1.4515968019101566 2.1453584317160779 184 117 91 0.067609248304031908 44 236 47 242 46 283 45 263 43 217 42 201 41 214 39 164 38 143 37 154
445 3.5141330977310816 -0.92091751775666764 2.5599458103141259 255 255 255 0.49391559447041561 48 341 47 253 46 232 45 214
446 4.5719599040674908 -0.9373235721850689 3.1557222475340332 60 44 23 0.49727894791115335 44 254 49 283 47 254 46 295 43 233
447 3.1375354777227966 1.4694782202770347 2.6693273316834745 255 255 255 0.74783814802901705 44 266 47 270 46 304 48 392
448 3.9529558710369721 -2.6673085718418066 2.1761936274652447 100 83 65 0.22793853488784574 50 322 47 275 46 313 45 303
449 4.2296697512069388 -2.5251912979594717 2.2953658231584537 72 63 55 0.83185861805917793 49 349 47 277 46 254
450 4.0932814777312307 -1.5474439618680229 2.1682965474955891 231 184 152 0.29465186035635288 44 341 47 292 46 376 45 362 43 321 42 291 41 302 40 272 39 271 38 237 37 257 36 233 35 219
451 4.5243444796686267 -1.2367778775592499 3.0266745747009516 119 93 61 0.44570487502503892 44 245 47 302 45 272 43 170 42 159 41 117 40 171 39 130 38 110 37 115 36 61 35 56
452 4.6304037095220929 0.39584288352218161 1.839479997272057 16 14 17 0.64986392578201213 44 261 47 309 46 300 45 287 43 240
453 4.6304037095220929 0.39584288352218161 1.839479997272057 16 14 17 0.64986392578201213 44 262 47 310 46 301 45 288 43 241
455 4.2584548908433106 -2.1938064791489804 2.1079267204709229 90 79 66 0.18558293721472385 48 366 47 326 46 359
456 4.8280900926205019 0.36357923895907118 1.8348302955468714 19 20 24 0.93697635118264133 48 388 47 344 46 302
458 4.2593932044752982 -2.2017159196334304 2.114039056253521 90 79 66 0.65103893287364578 48 404 47 352 46 395 45 379 44 329 43 311 42 282 41 287 40 236 39 188 37 28
459 3.1768033021201387 -1.2137164820393214 2.3715075553206182 166 73 73 1.2684748144404885 44 369 47 365 46 405 45 409 43 343 42 333 41 324 40 318 39 299 38 277 37 299 36 299
460 3.357188761569724 -1.1798820764272699 2.1669432342610175 150 69 63 0.15932086647812302 48 386 47 366 45 390
461 3.357188761569724 -1.1798820764272699 2.1669432342610175 150 69 63 0.15932086647812302 48 385 47 367 45 389
464 4.9048635483863103 1.5147133861617437 3.0034607144260237 51 45 39 0.71319549480430733 48 393 47 378 46 412 45 395 44 376
465 4.0652897297284074 -2.7005118912838983 2.3210617607685116 88 74 60 1.0641885608878248 44 397 47 399 46 428 45 419 43 370 42 347
466 2.8216998476893749 1.2778660132851161 2.946790532725136 255 255 255 1.6300934639619014 48 485 47 428 46 461 45 452
467 4.5572645895884003 1.3096192626237733 1.9925146803366436 221 165 127 0.703599666344078 50 500 47 431
468 4.2044053302416842 1.4674024782185338 2.1715073638136149 215 166 131 1.4286385216262778 44 440 47 440 45 465 43 404 41 381 40 354 28 269 27 275
469 3.7897942518780336 -0.85554993402787449 2.6075129445807752 233 193 152 2.0345891657478967 46 477 45 472 44 446 43 409 42 384 41 384 40 360
470 4.1005145349995153 0.72054238772147172 2.0847887148891164 23 17 16 1.8153815574144647 44 437 47 447 45 475 43 412 42 387
471 4.6987431908520625 1.1592274929825344 2.5872959226283907 255 255 255 0.84125672363872683 48 503 47 448 46 462
472 3.2850211128062194 1.670720241245425 2.857023222909902 10 8 8 0.6369256568102003 44 457 47 459
473 4.7681043669417322 0.66464905992176526 1.9871951706449573 17 16 19 1.8524781713842255 44 464 46 494 43 425 42 400 41 397 40 372 39 367
474 4.5933624824386303 1.348287406651594 1.9715535459063072 130 96 72 1.2242930055177688 48 308 50 401 47 347 48 395 49 300 46 183 46 306 45 300 44 270
475 3.5517071172962895 -0.28542705228770665 2.8814944600419619 231 180 134 1.8766408788976476 49 490 48 500 47 455 48 493 44 455 46 485 45 479 43 417 42 392 41 391
476 3.1534059994910737 -0.12047259933128196 3.2673760010774506 9 8 6 2.347776138439039 47 454 46 488 45 486
477 3.6060849896722469 0.7275531126567274 2.4864432141717874 13 11 8 1.673700366496129 44 470 47 468 46 498 45 492 43 431
478 3.76841795689085 -2.5423436859123387 1.9720839802100179 87 71 57 0.57297430164711016 44 96 47 9 46 6
479 4.1519549273681688 -2.6104686797563561 2.316879957933903 72 57 39 0.089327588009156411 44 19 46 16 45 20
480 3.4775966867957959 -2.443361773551965 1.9553970882636034 91 76 57 0.76997080861555001 44 10 46 18 45 23 41 2 40 3 39 2 38 3 37 4 36 1 35 2 34 69 33 68 32 64 31 70 30 83 29 76 28 68 27 66
481 3.4776306988550774 -2.4624777982404309 1.9956547634461905 91 76 57 0.1259068146509103 44 9 46 19 45 22
482 4.1701210274857106 -2.4712261583835944 2.1197915274879122 91 80 67 0.1140971871102695 48 121 46 37 45 41
483 3.4565916525600473 -2.3396759098705382 1.8801462117295025 109 83 60 0.20656503855090627 48 34 46 41 45 24 43 91 42 85 41 84 39 98
484 4.0662684462778005 -1.9304918376303934 1.9723309772676905 98 75 60 0.26301525596956615 50 62 46 66 45 68
485 3.3901154146648174 -1.66828694157458 1.9626122298845823 73 48 35 0.31716558858411781 44 127 46 77 43 45 40 159 39 121 38 175 37 179 36 183 34 166 33 159 32 165 30 171 29 158 28 156 27 150 26 130 25 128 24 130 23 114 22 90 21 88 20 91 19 87 18 53 17 89 16 95 15 64 14 19 13 24 12 67 11 19
486 3.4529442994240545 -1.6754919379916264 1.9242199412999554 184 134 107 0.25682419958029878 44 67 46 78 43 47 41 53 40 47 39 56 36 37 34 38 32 40 31 34 30 42 29 40 28 40 27 33 26 22 25 19 24 24
487 4.2342540141252289 -1.5273804403204068 1.9724353044325433 136 113 89 2.2135835115391802 47 145 46 87 45 153
489 4.2097151478206278 -2.6232776442873202 2.3687938478625803 125 105 89 0.092440975683484333 44 102 46 117 45 117 43 18
490 3.7405850558149072 -2.3499881852182805 1.8704495729132213 105 80 61 0.15587636156017709 49 129 46 122 45 120 40 90 39 101 37 87 36 78 35 69 34 76 33 75
491 3.2922523456998443 -1.6843185457574912 2.0819084995752091 156 111 87 0.33637611353179647 44 126 46 149 45 147 43 117 41 106 39 120 38 91 37 98 36 92 35 83 33 86 32 85 31 96 30 97 29 33 28 31 27 27 26 25 24 27 23 22 22 19
492 3.3881271249604783 -1.1612817355282208 2.1659327064540079 227 163 146 0.27945130644223148 44 140 46 163 45 158 43 126 42 105 41 169 40 170 39 171 38 146 37 114 41 116 36 113 36 160 35 102 35 147 34 150 33 109 32 146 31 151 30 153 29 113 28 142 27 136 26 113 25 110 24 90 23 95 22 106 21 73 20 78 19 65 18 28 16 44
493 5.0069015339821039 1.0946077023318492 2.3586796766799276 255 255 255 1.0300332748228862 44 265 46 179 45 172 43 295 42 274 41 276 40 283 39 283 38 268 37 292 36 289
494 4.9189257351599576 1.5481152206175706 2.9013504413109112 11 20 27 0.32774761208457709 47 158 46 182 45 175 43 181
495 3.8697411014930378 -2.627015820105767 2.080191361811865 121 97 77 0.46075454476887118 50 183 46 190 45 179 43 83
496 4.2088640105096848 -2.3949975621342716 2.1191564394192373 60 53 40 0.20448797504775398 44 170 50 200 46 201 45 188
497 3.2069645318959283 -1.6881434463506844 2.0887747524846532 195 149 117 0.21029969018061626 44 227 47 182 46 217 45 255 43 207 42 193 41 152 43 160 40 199 39 232 38 212 37 181 36 227 35 213 34 192 33 194 32 207 31 209 30 204 29 157 28 155 27 148 26 125 25 125 24 126 23 139 21 83 20 89 19 84 18 47 17 15 16 21
498 4.0110482948179431 -1.6179273162561079 2.1063915768677006 191 138 106 0.12928794408819613 44 187 46 222 45 206 43 165 42 148 41 159 40 114 39 124 38 96 37 107 36 109 35 51 34 47 33 44
499 4.2013917917620551 -2.2763073728524028 2.0673577433531891 76 66 57 0.25299169127634713 44 213 46 259 45 243 43 191 42 132 41 143 40 151
500 4.1487468326088424 -1.5353626959501117 2.1163862775470932 245 183 156 0.1365510733581056 44 233 46 281 42 199
501 4.6025507233481395 -1.5011674492371891 3.0359702085743381 255 255 255 0.39847222857427084 44 298 46 287 45 326 43 281 49 270
502 3.1756400580121413 -1.1868260840062663 2.3168046858333255 148 52 51 0.91641650775056405 49 156 46 290 42 157
503 3.2015333884962245 -1.1171533255096524 2.3361486921679582 183 110 97 0.40749922750442708 44 305 46 293 45 274 43 284 42 262 41 266 40 278
504 4.4438053300781624 -0.83324833309013413 3.1896127522293014 82 58 34 0.27037600207787466 44 309 47 256 46 296 45 333 43 289 42 265 41 270
505 4.6987691139462031 -0.28785054414241801 2.4652839215651454 21 19 20 0.98965029133488258 44 260 42 167 40 67 45 334 39 82 43 239
508 4.0538005158280965 -1.8536180346914539 2.0099124975754581 110 84 68 0.15053493204911311 44 286 46 324 45 317 43 268 42 245 41 201 40 195 39 194 38 169 37 175 36 180 35 165 34 163 32 133 31 142 30 139
509 4.552216606228388 -0.88843771436676067 3.2049578307265953 38 24 12 0.39991525963198454 44 256 46 339 45 280 40 213
510 2.6122593828560743 1.295661569605826 3.4161847451494403 138 100 76 0.32434568885943937 47 268 46 343 45 337
511 2.6122593828560743 1.295661569605826 3.4161847451494403 138 100 76 0.32434568885943937 47 267 46 344 45 338
513 4.0059436803334343 -1.858889957223103 1.9821511569255243 100 74 54 0.27202992393244102 50 380 46 366 45 354 43 317 42 288 41 295
514 4.0059436803334343 -1.858889957223103 1.9821511569255243 100 74 54 0.27202992393244102 50 381 46 367 45 355 43 318 42 289 41 296
515 3.3523890349694616 -1.7889066227475916 1.8876279514142158 133 93 71 0.11403511454453773 44 337 46 369 45 356 43 319 42 286 41 293
516 4.498738434856473 -1.0721382553934713 3.0676855943499692 114 88 59 0.36066010575843488 44 347 46 382 45 368 43 325 42 299 41 267 40 253 39 247 38 222 37 197 36 198 35 150
518 4.2685156752833322 -1.1931555919914765 2.9422345931786245 255 255 255 0.61704803806506525 44 246 46 407 45 367
520 3.2678091912098579 -1.7747918413818338 1.9178227277102151 123 86 67 0.5216724386642464 44 384 47 384 46 419 45 402 43 358 42 328 41 338 40 316 39 309 38 254 37 297 36 270 35 261 34 246 33 242 32 237 31 243 30 245 29 228 28 213 27 222 26 202 25 206 24 196 23 210 22 185 21 198 20 182 19 176 18 173
521 4.833772147901227 0.50740852901270295 2.3200013596432125 22 23 26 1.1770927189910048 44 374 46 444 45 435
523 3.2750082461340355 -0.49399137921312081 3.5194555192932011 7 5 4 1.7278292028477937 44 426 46 459 45 450 43 390 42 379 41 380 40 352
524 3.0788972678687023 1.5270661838620596 2.7518269414632366 255 255 255 0.43505293204700485 44 430 48 465 46 463 45 453 43 392 42 370
526 2.9929185210043516 1.3976535311020226 3.020893543732198 9 8 8 2.0919519907553439 44 438 46 471 45 463 43 402
527 4.0508094976942939 -1.8240498350354399 1.9444031709459553 110 84 66 0.84498191380349752 44 442 46 473 45 468
528 4.0670256867860006 -1.1275108757299386 2.6317547571414162 185 143 107 1.8095306607419352 44 454 46 487 45 481
530 4.1145362612051111 -2.3128121807585167 2.2742776848372817 62 51 42 1.6130753180275841 44 468 43 429 42 404 41 400 40 378 39 374
531 3.277749620094085 -1.6676921822923785 2.1047163580336932 162 132 110 1.0463428879687358 44 362 47 356 49 324 48 326 50 276 47 334 46 399 45 382 43 338 42 310 41 320 40 293 39 294 38 257 37 279 36 272 35 263 34 247 33 243 32 239 31 245 30 247 29 210 28 193 27 204 26 191 25 191 23 176 22 157
532 3.7071478572222358 -2.5316031382016031 2.0015611246463312 76 67 48 0.55585270667039011 46 5 45 10 42 5 39 7 37 81
533 3.7269133614963015 -2.5171724582814665 1.9761864226523091 38 27 13 0.20688231452185826 44 12 45 11 43 7 42 79 41 80 40 84 39 96
534 3.7332645392035109 -2.4623023145904179 1.9331208358678678 57 44 32 0.28601640569963904 49 9 45 12 40 7
535 4.095501870293619 -1.8973536860892177 2.0139527606077339 98 79 65 0.11333229165983988 46 68 45 71 41 39 38 43
536 3.0538526160663499 -1.8446274120911164 2.1649794332164207 219 176 153 0.31831661509261505 44 124 45 74 43 156
537 3.3748319037785657 -1.2096460252712005 2.1176487076782236 198 150 124 0.23522507388861258 46 92 45 92 42 63 41 58 40 56 36 56 35 55 31 45 30 57 28 111 27 47 26 84 25 41 24 89 22 107 21 72 20 103 19 96 18 61 17 70 16 76 15 74 14 35 13 34
538 3.9914425856695162 1.1740170231300409 2.1247665611706852 15 7 4 1.0249337039655482 49 102 45 108 40 134 37 74
539 4.001625879363969 -2.3997888004918342 1.9639627052364281 69 53 39 0.25568407149425615 46 125 45 123 43 102 42 15 41 90 40 96 39 19 37 17 36 15
540 4.4325707010725894 -0.8099257571841687 3.1712515087532509 76 54 31 0.12810229670838347 44 144 45 164 43 128
542 4.9037062588296143 1.3947553526027441 2.9028068680633412 40 36 35 0.14905632662999166 44 154 46 180 45 174
543 3.2974719378786368 -1.6592314110346811 2.0969643529283797 227 183 153 0.11828148203057806 44 183 45 202 43 161 42 144 41 153 40 158 39 158 38 132 37 148 36 147 35 130 34 138 33 97 32 86 31 97 30 98 29 88 28 90 27 81 26 70 25 21 24 28 23 23 22 20 21 27
544 4.3442205504711602 -1.1865122545252376 3.1285899611731738 72 61 35 0.14428476943379354 44 248 45 213 43 229 42 216
545 4.0232231195477057 -2.5877658210936518 2.1231601602801176 132 113 95 0.38319601168099265 44 161 46 249 45 234
546 4.2543237361483763 -2.6921447738855036 2.4671643925501767 106 81 56 0.22795208077890208 44 164 46 251 45 235 43 144 42 123
548 3.2878288025050773 -0.90929909486384064 2.4234060143696539 162 109 88 1.3143311094613055 44 251 45 275 43 286 42 301 41 326 40 303 39 314 38 279 37 301 36 301 35 276 34 287 33 272
550 2.6647402874939394 1.1349802669887681 3.3688885359825917 255 255 255 2.0955090054326733 43 292 43 350 42 303 42 320
551 3.2445727546311844 -1.7153914149012386 2.0545393574462336 175 125 93 0.2929722287889715 44 290 45 359 43 272 42 251 41 256 40 240 39 231 38 210 36 228 35 212
552 3.3539439402697577 -0.56311719986783981 3.6521354976642266 9 7 5 0.83534943056859456 44 372 45 393 42 335
553 4.6175029777551986 -1.7439933285509277 3.1291649597515221 255 255 255 0.56476450998814032 44 365 46 432 45 406
554 4.5921079787174799 -0.32461330263468968 2.5174815895447598 18 17 20 1.3125004223708163 44 410 42 338 41 343 40 319 39 303 38 280
556 3.4197453685620478 -1.0583797147011662 2.1460634254447513 231 187 161 0.33219763214095205 44 433 43 398
557 4.3152804944880332 -2.7513509843205215 2.5653889888308603 55 40 25 0.59227855640360472 44 431 45 456 41 359
558 4.4048972452321138 -2.4668171714912948 2.4122858207860514 59 45 31 0.62369873161981604 44 416 46 467 45 457
559 3.0560870905078499 -1.6097899327005012 2.0992695836975566 255 255 255 0.10769719505027632 44 420 45 459
560 3.460988930646117 -1.0641001366940512 2.4224055217721592 226 180 152 1.6045294094617368 41 383 40 359 39 356 38 314 37 340 36 338 35 311 34 311 33 299 32 284 31 293 30 293 42 383
561 5.0857640683965313 1.2227645155192617 2.4365634360242669 255 255 255 2.0696215045890987 44 450 45 476 43 413 41 387 42 388
562 2.8446692846302439 -2.0898201580215043 1.8943324003006807 255 255 255 1.5721382255519889 44 467 45 490
563 4.5482232819341561 -1.0337312882562992 3.0730875266115172 126 101 68 0.54076882488222988 48 168 50 235 47 150 45 162 49 276 50 294
564 4.5142817556659276 -2.5322824671495443 2.7516759829691875 255 255 255 0.45270853726419519 44 327 47 324 46 355 45 310 49 243 50 254 43 262
565 3.7466047725917608 -2.5356097875232328 1.9832121171713342 69 52 38 0.22800085058545219 44 13 43 9 42 6 41 74
566 4.0237700014029185 -2.454738145665631 2.0030166169618777 60 47 34 0.13798366339666857 44 36 43 24 42 18
567 4.2451201124121303 -2.0849147957826033 2.1096731218432483 42 33 26 0.21592358333778711 45 138 43 37
568 4.0548049321711623 -1.8441395857051868 2.0127009950225538 113 88 71 0.0086683969626355217 46 71 43 40
569 4.230157538670734 -1.807222322919803 2.1859831450564862 144 117 99 0.042128692322266348 44 61 43 43 41 45
570 3.4191730518123475 -1.6855222944500881 1.925502154449769 188 140 112 0.41340611817637074 44 66 43 46 42 50 41 50 40 38 38 48 37 39 36 36 35 40 34 37 32 39 31 33 28 26 26 19 25 16 24 23 23 15 22 13 21 20 14 18
571 3.4940023744104418 -1.6374624791307828 1.9319061241726645 184 138 114 0.17455946918854723 49 76 43 48 42 51 40 49 39 66 38 56 34 39 33 39
572 3.3577254549868787 -1.6172993196152576 2.0246838743084394 184 136 113 0.23156730878128473 44 70 43 53 42 56 41 110 40 46 39 65 38 94 36 103 34 101 31 107 28 91 19 28 16 26 14 24 13 27
573 3.3929725857683364 -1.6206359350225406 1.9886529933018007 185 146 130 0.24019233528143899 45 84 43 54 41 107 40 48 38 95 37 102 36 50 34 102 32 95 31 101 29 91 26 32 23 27
574 3.2294182543676793 -1.190215397650169 2.1825575043317933 187 93 88 0.16455885560179023 44 79 43 61 42 65 39 75 36 54 33 47 32 49
576 3.586967453152492 -0.15107429980949902 2.7353333708610483 32 21 18 0.80526754328776851 44 89 43 74 34 59 31 55
577 3.5163809530984071 -2.4906255116708604 1.9847207194569589 81 68 49 0.84882161577874338 47 7 43 86 42 78 39 94 36 129
578 3.7523957328560416 -2.4451072942043184 1.9155097319529168 91 77 63 0.064895767056989961 44 98 43 88 40 85
579 3.5337338674794885 -0.47504200587516449 2.8840183530503385 217 167 127 0.71154878479157346 45 96 43 131 42 164 41 178 40 174 39 208 38 191 37 199 36 242 35 227 34 208 33 236 32 232 31 238 30 237 29 222 28 225 27 234 26 215 25 216 24 207 23 219 22 201 21 211 20 197 19 185 18 183 17 186 16 213 15 209 14 219 13 210 12 227 10 224 9 219 8 246 7 255 6 247 5 231 4 230 3 192 2 188 1 157
580 4.4311096291163317 -0.27514116032868235 2.2657419567047539 53 51 52 0.22710700528501465 46 173 43 134 42 165 40 175 39 175 38 150 37 120 36 163 35 151 34 117 32 115 31 128 29 58
581 4.4308390028105382 -0.27534885946743815 2.2583726667751094 53 51 52 0.2878745585737319 46 174 43 135 42 166 41 121 40 176
582 4.1559185552944626 1.3054361959857275 2.2069574803796028 133 100 76 0.49392639581751208 44 92 43 139 40 181 38 154 34 155
583 3.8986345597570682 -2.0377585189164553 1.8920933131526738 138 110 89 0.16316081788357986 47 177 50 258 43 152 41 145 40 152 39 151 37 136 31 81
584 4.5873097574673647 -1.5555208449509677 3.044428005438669 31 23 15 0.51872818515197039 44 237 43 167 42 202
585 4.9503541278618526 1.2681701099468607 2.7366231821516296 75 66 58 0.35180000943522249 43 179 42 169
586 4.0783584431244329 1.5288774498379056 2.3025326665955372 17 13 10 0.3837961540947864 44 206 43 182 42 172 41 187 39 177 38 155 37 166
587 4.5550951383784435 -1.7603773503088356 2.9909213118629978 47 37 24 0.63560780833830355 44 234 43 215 42 198
588 3.1507503607487655 -1.2272200763135659 2.3249929314667552 169 72 67 0.21111956273056473 44 301 43 222 42 208
589 4.5769832764647314 -0.97594649463964644 3.1565807288029006 79 61 38 0.65029795646352684 45 278 43 234 40 212
590 5.0111153048404118 1.0544815479968199 2.2507955802951543 133 115 93 0.84780615609645626 45 228 43 245 39 249 38 246 37 267 36 247 35 256 34 238 33 210
591 4.0995426432369753 1.7364730155463517 2.3313795864901383 255 255 255 0.94465223031154344 44 272 43 249 42 305 39 219 37 272 34 243 28 180 25 165
592 3.8253593513447126 -2.9459631400595141 2.7983495138461763 255 255 255 0.72442387636037742 44 275 41 243
593 3.944365350300604 -2.9353076396218882 2.7504311702179072 255 255 255 0.50237905080345957 44 276 43 252
594 4.2990749249316806 -2.6801673229067782 2.5306534753646739 36 27 18 0.7932035152754473 44 322 43 257 42 238 41 188 40 145 39 104
595 4.5785666478119387 -1.9165943664249729 2.960639779402606 255 255 255 1.4370872376773647 44 361 45 360 43 273
596 2.585576977130517 1.3250699462587943 3.498877662531263 139 103 78 1.2940295764391696 44 315 43 294 42 272 41 312 40 286 39 285 38 249 37 294 36 291 35 272 34 267 33 252 32 262 31 264 30 267 29 256 28 235 27 247 26 238 25 225 24 213 23 231 21 194 22 184 20 181 19 173 18 169 17 156 15 177
597 4.2933145638431842 -2.8401815045386143 2.5029156645484694 89 71 52 0.40671941285935442 44 321 43 304
598 3.9012175960388502 -2.2773265416818629 1.8853232127828214 124 98 78 0.33377872778422019 46 354 43 309 35 160
599 4.1425137441000928 -1.4472144003460141 2.1218833561834751 239 180 153 0.25199293693375813 44 344 43 324 42 294 41 305 40 276
601 3.0859787164431687 -1.7801334968923717 2.3541292058422689 91 75 61 0.99253767215632249 40 337 39 333 38 310 37 331 36 334 35 308 34 308 33 296 32 288 31 297 30 295 29 290 28 274 27 286
602 3.1398244077628727 -1.7987417184656751 2.0897280539500054 229 185 158 1.3212039510317068 44 382 43 357 42 351 41 350 40 328 39 332 40 336 38 297
603 4.4271574627743036 -2.5541589340030217 2.6112471643358734 66 50 35 1.2436270396295286 44 398 43 371 42 349 41 337 40 315 39 263
604 3.1268183348506882 -1.5002202244638176 2.1849264670819633 230 180 158 0.47314294036846 44 402 43 373 42 352
605 2.7418681631171209 1.2892530053710554 3.305364621669967 255 255 255 1.5877737121617224 42 356 41 355 40 334 39 329
606 3.423334200745654 -1.0503514732325341 2.1038795893145199 232 189 160 0.92721081519469239 44 434 43 397 42 377
607 4.2624911294096162 -0.51994823834033121 2.9478877707761466 227 181 136 1.208036390022069 44 448 43 410 42 385 41 385 40 361
608 4.0892298321576721 1.0187011286355803 2.172492956425307 20 14 13 0.32103523636761455 47 458 43 418 42 393
611 4.6125584828569997 1.5757123852860453 2.2510479890364188 127 127 127 1.3547009719227241 43 426 46 496 45 489 42 397 41 393 40 369
613 3.8985748799874278 -2.2774250635622724 1.8782308723746632 129 104 85 2.1181185540442238 44 209 48 250 46 255 43 188 44 167 49 189 48 194 47 171 46 198 45 186 49 185 47 169 41 138 40 184 39 182 37 130 36 133 35 117 34 129 33 126 32 72
614 3.3709843294749962 -1.1372832057454139 2.1599552371201014 227 173 152 0.3641933735825657 44 302 45 329 43 283 49 337 48 337 50 354 47 301 44 346 46 332 45 366 42 297 41 308 39 275 37 261
615 4.415340355198154 -0.49357238268987053 2.5456950631088571 31 26 26 1.2624295043093057 49 225 48 231 47 202 45 99 43 71 45 168
616 3.4284318222258543 -2.4715858278552263 1.9821365292428033 77 63 44 0.76464214930666596 43 6 42 2 38 2 37 3 36 0
617 3.8548054337308173 -2.2794692000451398 1.8779003216629901 128 103 82 0.2136124185446667 47 41 42 23 41 23 40 23 39 28 38 25 37 21 36 19
618 3.8815440354490756 -2.266531717594451 1.8828062021974572 138 111 90 0.31788021938691746 49 49 42 24 37 24 36 21
619 4.0848167585353021 -1.9076863210949344 1.9997928318968736 57 40 25 0.2989420985062195 44 123 42 35 41 35 40 32 39 49 38 40 36 29 35 30
620 3.3261192262805501 -1.6718658719191863 2.0751545315687014 112 65 45 0.18083205810862041 43 44 42 48 41 49 40 44 39 61 38 92 37 99 36 102 35 94 34 35 33 88 32 35 31 99 30 99 29 36 28 34 27 29 26 27 25 23 24 30 22 22 20 21 19 23
621 3.3169879229834747 -1.6556192888775001 2.0774186791284501 137 90 65 0.59967929231062722 45 82 42 49 40 109 33 135 32 136 31 144 28 127 27 189 33 164 26 99 26 128 24 129 23 113 22 89 21 87 21 122 19 109 18 131 17 118 16 125 15 126
622 3.0925550565095601 -1.6960027593048277 2.3834912331564295 184 140 120 0.18091386151816055 43 50 42 54 40 111
623 3.3704179484807453 -1.5970538957862415 2.0117828335387262 162 114 88 0.15165879902103802 44 71 42 57 41 55 39 69 37 53 36 49 34 45 33 42 32 44 31 38 30 48 29 43 28 44 27 37 26 29 25 27 24 34 23 28 22 27 16 37
624 4.1061913479853711 -1.6049838284402949 2.1653158719265191 236 181 162 0.12152992451783348 43 55 42 59 41 112 40 116 39 128
625 3.1865620090323961 -1.1890520174707537 2.2183949547464463 165 72 71 0.26257935815182809 42 64 41 60 40 57 39 76 38 106 37 61 36 112 35 101 34 110 33 107 32 109 31 125 30 119 29 107 28 110 27 101 26 83 25 81 24 87 23 94 22 78 21 71 20 77 19 62 18 60 17 69 16 75 15 73 14 34
626 3.2844529200084027 -1.1597309770291588 2.1876086670756756 205 106 103 0.15889788661365437 44 80 42 66 41 61 40 58 39 77 38 64 37 64 36 60 35 54 34 53 33 48 32 50 31 46 30 60 29 55 27 50 24 47
627 3.7192027119573159 -2.4709538082241713 1.938556435638916 78 70 55 0.22161443143542969 43 87 42 81 41 81 40 139 39 141 38 78
628 3.7067812409362038 -2.1769270185635823 1.8301900677366214 197 158 132 0.17935779258415047 48 134 42 91 41 94 38 28
629 3.0573137354996542 -1.3446293411091566 2.0974416513657621 179 127 110 0.14794772837352135 43 123 42 103 41 164 40 163
630 3.8863227012857942 -2.2112105060158598 1.8799994994039604 96 71 51 0.16426488685452609 49 191 42 131 36 136 35 120 34 131 33 127 32 127 31 137
631 3.8315510008804492 -2.0362439327246489 1.873561547888831 130 97 75 0.14522008245856055 45 196 42 134 41 96 40 101 39 109 38 85
632 3.1197191786413021 -1.6555443901767932 2.282092929129262 177 128 104 0.80783917209940381 43 51 42 145 40 204 39 236
633 3.0892815132002416 -1.3424441305654016 2.0905862616532946 214 159 145 0.59419157518818599 43 124 42 152 41 165 40 164 39 166 38 141 37 152 36 156 35 141 34 145 33 143 32 143 31 149 30 145 29 137 28 103 27 91 26 77 25 74 24 42 23 35
634 3.9550009829253425 -2.6858845673720184 2.2277367739277407 95 79 61 0.36850532405349917 43 253 42 176 40 137
635 4.7120164698090337 1.3368853525582309 2.2811604629424407 255 255 255 1.7242851950503435 43 351 42 228
636 3.0233744030450698 -1.9262670421346497 2.4690789653541705 131 90 70 1.262898373225293 42 247 41 253 40 268 39 268 38 233 37 250 36 179 35 164 34 162 33 157 32 163 31 172 30 169 29 230
637 3.0795987348946099 -1.7437769719031064 2.4040314996516514 45 30 20 0.78594668015088232 43 210 42 249 41 297 40 269 39 293 38 256
638 3.176876117873515 -1.432477200899003 2.0761529309668916 211 155 134 0.23836548064558469 47 338 42 292 41 303 40 274 39 272 38 235 37 255 36 260 35 250 34 233 33 232 32 230 31 233 30 231 29 215 28 200 27 209 26 193 25 174 24 172 23 144 22 125
639 4.6223378208436623 -1.2856140065609973 3.088257932129002 255 255 255 0.90087611731665562 43 364 42 315 41 341 40 301 39 313 38 241 38 278 37 289 36 240 36 281
640 3.4026504411077134 -0.48480916503941951 3.2546462649575929 231 186 148 0.53118740926830355 43 348 42 319 41 328 40 306 38 265 37 302 36 282 35 278
641 4.6134442843012415 -1.7276038692230311 3.0179525883406528 255 255 255 1.516678540474379 43 360 42 330 41 352 40 296 39 297
642 4.4523637501835065 1.4204358245056494 2.0164830719527913 255 255 255 1.2106302516542606 43 393 42 371 41 357 40 345
643 4.4507546423899882 1.4172384774113247 1.9986874023537491 255 255 255 0.16877869273622625 43 394 42 372 40 346
644 4.0431624151765355 -1.1799561003600849 2.3456231394007876 210 164 125 1.028704565334458 42 382 41 378 40 351
645 3.4641443907373448 -0.31745125033718824 3.0613768534258865 241 187 146 2.1820825353867108 43 411 42 386 41 386 40 362 39 359 37 341 36 339
646 3.1703548240236645 -0.072356762919099038 3.2492482152754381 11 10 8 1.4848455783095129 44 463 42 401 41 398
647 4.2542146282925124 -2.7492367154707034 2.4880260863535177 145 113 79 1.245737132755067 42 77 44 20 48 106 50 188 49 170 47 101 46 110 45 115 43 16 41 6 41 7
648 4.3424214933335508 1.7222213598838587 2.0830339425821016 221 169 135 1.3333805734024673 49 437 48 443 50 455 47 397 46 415 44 377 45 398 42 346 46 450 45 440
649 3.2286184396032129 1.6564177816422161 2.7970970663996706 9 8 6 1.4759838722894476 44 439 47 429 46 464 45 464 43 403 42 358 49 466 48 486 50 507 40 335 39 353 38 308 36 325
650 4.3932548959686555 -0.28770127948974328 2.771022710939671 14 14 10 1.8826047323683621 44 461 42 395
651 4.3059550404045783 -0.24719158639024849 2.4659115656569268 11 10 6 1.7928318159357204 43 424 42 399 41 396 40 374 39 369 38 330 37 354 36 355
652 3.7084237971437251 -2.4280370446361399 1.902698564425428 69 52 36 0.11741551729727077 44 11 41 3 39 8 36 5 35 10
653 3.7966790815794504 -2.2100411729730696 1.8406818970693106 160 125 100 1.0566187246719352 48 44 41 25 40 21 39 31 38 23
654 3.7425131000915184 -2.1175098657614453 1.8391159073632626 193 154 129 0.093322674610127818 48 46 41 27 39 37
655 4.0868925062170662 -1.9097537520447356 2.0047283484861804 59 42 26 0.24318037083892804 42 36 41 36 40 33 39 50 38 41 36 30 35 31
658 3.3783233701020712 -1.6281893653285655 1.9991141127825818 76 53 36 0.66691912479512649 42 55 41 52 40 110 38 55 37 52 36 48 34 100 33 41 32 37 32 89 31 32 30 41 29 89 28 38 27 32 26 71 24 73 23 76 22 68 20 24
659 4.1083715452306908 -1.6136374741301129 2.1280917167081546 168 98 70 0.32135074973811578 42 58 41 56 39 126 38 138 36 152 35 137
660 4.3167530944809727 -0.47552831865796646 2.5122685333686956 217 176 148 0.226868216261739 45 101 50 89 41 66 40 66
661 3.8085496499377647 -0.21987568043864628 2.4959560634599818 25 15 10 1.6216516073931262 44 88 41 67 39 84 37 70 36 67 29 60
662 4.1322733414117359 1.3664067981203329 2.226245401660047 38 29 25 0.87608653498689915 46 104 41 71 36 122
663 3.725887137200631 -2.5137231335858816 1.9698269501737971 32 25 9 0.10584319226080832 42 80 43 8 41 79 40 83 39 95
664 4.0264661266474731 -2.0342442261432394 1.9521192184182399 105 86 68 0.15970440718448464 47 134 41 98 39 111 34 87 32 77
665 4.0300343920445787 -2.0430843255881816 1.9703749547784504 105 86 68 1.0585532344119941 47 133 41 99 39 112 50 261
666 3.1105031630106916 -1.7057362776086675 2.3172666326537739 164 139 125 0.4029437631231329 42 46 41 104 40 40 39 119 37 147 36 146 35 168 34 168 33 161 32 169 31 173 30 170 29 191 28 184 27 147 26 174 25 170 24 169 23 175 22 156 21 158 20 149 19 139 18 97 17 116 16 122 15 122 14 135 13 131 12 134 11 126 10 100 9 106 7 117 6 85 5 82
667 4.1099861254121342 -1.5478135975873288 2.1673010501589181 250 197 170 0.13337700550112014 42 102 41 114 40 117
668 3.4329037085365832 -0.60682507254136664 3.3421480767779173 14 9 6 1.4639227445379739 42 70 41 120 40 121 39 173 38 149 37 118 38 68
669 3.1355202204092607 -1.6593174698307489 2.1297247001394348 130 86 70 0.56759713409561519 42 98 41 151 38 51
670 4.0070335067958238 -1.5762082246314024 2.1073700454336368 237 192 157 0.10841215837475311 43 166 41 161 38 137 37 109
671 3.221223443317403 -1.2107670928300338 2.1812524807909179 187 93 85 0.32539358943587032 42 153 41 166 39 167 37 156 36 159 31 181 29 171 27 162 25 144 21 99 20 127 18 109 17 123 16 134 15 135 14 144 13 138 12 148 11 102 10 115 9 115 7 133
672 5.0085286545796732 1.069360029223084 2.2356788105284338 128 110 90 0.65344763378249504 42 114 41 183 40 179
673 3.0282087664514634 -1.8980708930861732 2.2270063173337951 237 194 173 1.5213855464834947 42 139 41 198 40 191 39 229 37 249 36 257 35 260 36 269 34 245 33 241 32 236 30 259
674 4.268867293736248 -1.7088125410771993 2.149827046841609 86 69 53 0.35635565399200725 42 254 41 208
676 4.5549672311192122 1.3066431368827782 1.8750692077526716 216 161 121 1.5295432007179492 42 322 41 239 40 226
677 4.068303137610739 -1.629482369526247 2.1135163813295295 119 42 19 0.042306943668477592 42 257 41 260 40 243 39 238 38 215 37 231
678 3.3907025340249635 -0.57360452003605822 3.3648347322884584 9 6 4 1.4649058412798754 41 272 39 279 38 242 34 254 33 249
681 4.4855885139377722 -0.44751034109501053 2.7242827408842043 29 26 26 0.87525376269287369 42 337 41 354 40 333 39 327 36 321
682 4.595178594769612 -0.59225856168223734 3.0681445513272942 255 255 255 1.7468883996205904 42 367 41 367 40 343
683 3.717281272095398 -1.0168347014992005 2.4778494293217399 145 109 80 2.2599125592667679 41 379 38 302 37 323 36 320 42 378
684 4.6276170997429844 1.5943103336320466 2.2967737630252634 255 255 255 0.71178345808021692 42 396 41 394 40 368
686 3.6006419133675838 0.75235603634736947 2.7946499439887962 12 9 7 1.4502798795511005 42 407 41 404 40 381 39 376 38 337 37 361
687 4.0143720764886002 -2.8045663835451013 2.3825506562842689 255 255 255 1.6409720153551424 45 400 43 329 42 306 41 336 44 415 46 452 45 441 40 314 38 273 37 273 36 128
688 3.5494069294707802 -2.4097826999227783 1.9055612372159894 69 54 34 0.17065503862568643 42 3 40 4 39 5 38 7 37 80 35 65 34 71 33 71 32 67
689 3.3665576266714945 -1.7052581333515586 1.9374130721038678 133 88 64 0.18605800990271149 42 42 40 37 39 55 38 47 37 94 34 92 32 78 31 23 27 21 21 18 20 63 18 48
690 3.3689793052343098 -1.6572470212957831 1.996662444672842 42 27 17 0.14223045238200188 41 51 40 42 39 63 38 54 37 51 36 47 35 39 33 37 32 87 31 29 30 39 29 37 28 35 27 30 25 25 24 31 22 24 21 28 19 26 16 27
691 4.0315784941852533 -1.5758485573994199 2.1239060429599439 143 79 56 0.46668207857340005 42 150 40 52 39 70
692 4.0802162324084019 0.51442075981373703 2.0425516668149966 41 31 24 0.21226340531686991 42 72 40 68 38 71 37 71 36 69 34 61
693 4.1700724543103602 0.63843614365802093 2.0686282773736338 152 116 87 0.18368733440447008 41 68 40 69 34 62 33 53 28 60
694 3.8272358759907745 1.5936761237411807 2.2758274734170252 48 50 45 0.16053026538706008 44 93 40 77 37 77
695 3.9167946975312984 1.6523124960396973 2.3012561720246483 59 58 57 0.15749331863754634 43 80 40 78 39 90
696 3.9167946975312984 1.6523124960396973 2.3012561720246483 59 58 57 0.15749331863754634 43 81 40 79 39 91
698 3.0220159411716589 -1.8505768124111401 2.3413981969340991 192 148 127 0.40587717796085987 41 43 40 106 39 157 38 173 37 178 36 226 35 209 34 230
699 4.4055841110545391 -0.49505140667207331 2.6467055702706546 202 161 132 1.546624358874644 41 179 40 122 39 81 36 114 32 182 30 182
700 3.5179753815824504 -2.3681475224146813 1.8755976215966415 94 72 51 0.13605003910790153 41 131 40 141 39 142 38 121
701 4.0556300440607895 -1.8855316857348399 2.0047342626268492 61 40 25 0.21864496849460302 41 147 40 155 38 130 37 92 36 90 35 80 34 88 33 82 32 79
703 3.2720289329438685 -1.087387558441705 2.2262349334361398 215 169 144 0.28143135385527152 41 172 40 172 37 159 35 149 34 152 32 147 31 153 30 154 29 142 28 143 26 112 25 112 23 131 22 111 20 105
704 3.1619248019732091 -2.3121623067812065 2.1129317571755006 240 194 169 0.85453554884536853 41 190 42 128 40 183 39 223 38 228 37 243 36 267 37 276 35 259 34 269 33 254 32 247 31 256 29 258
705 3.3483121523008554 -0.58324329804584107 3.721951893048657 8 7 5 0.71525241605335177 41 230 40 214 38 190 37 198 36 201 32 180 31 187 29 176 28 167 26 150 25 150
706 4.5549672311192104 1.3066431368827771 1.8750692077526685 217 162 122 1.5295432007179925 41 240 42 323 40 227
707 3.6098079392768132 -2.4179168965071995 1.8877280172881197 97 84 65 0.32104281486826397 43 185 40 232 39 181
708 4.4591082975156384 -1.3250198579429138 2.9468319215310359 30 17 6 0.38328891738702636 41 264 40 249 39 205 38 148
710 5.0007437676827537 1.0943120090396459 2.3422529487477464 255 255 255 1.1266807324292454 41 277 45 173 40 284 39 284 38 269 37 293 36 288 35 271 34 256 34 237
711 4.4999016738727899 -2.5038133437229231 2.6531867762236159 255 255 255 1.5815741583386433 41 317 40 291
712 4.055094032437311 -1.7725760627717986 2.0418182289510698 81 54 35 0.40139314026290018 41 319 45 381 40 292 39 292 38 255 37 277 36 271 35 262 34 231 33 229
713 4.9630955651679347 1.5822467489408187 2.4943676866953552 147 123 97 1.3542362005957536 41 347 40 323 39 320 38 271
714 3.1906470633915309 1.6717538049554785 2.8113253421930615 0 0 0 0.021245630863496394 41 333 45 416
715 5.0490413562560388 1.1900191541446958 2.393852966928403 255 255 255 0.90786303083805275 41 369 40 344 39 344
716 4.1861961272326047 -1.7194060002319225 2.2236119910886956 234 184 157 1.9869867031204864 41 376 40 348 38 299
718 2.9678438242628968 1.3651872897210007 3.1363405165455198 11 9 9 2.3122910835282435 41 388 40 363 39 360 38 317 38 323 37 345
719 3.3648199105070495 -0.7726243289212299 3.2300767672193942 255 255 255 0.90312283748479838 41 390 42 391 40 365 39 363
721 2.832819660459168 -2.2604288515718536 2.31967411109654 255 255 255 2.517301588041621 41 401 42 403 43 428 40 379 39 373 38 334
722 3.6006419133675838 0.75235603634736947 2.7946499439887962 12 9 8 1.4502798795511005 41 403 42 406 40 380 39 375 38 336 37 360
723 4.1841859322149846 0.6755113576876578 2.0711988738053808 161 121 85 0.6230556496820554 43 242 41 238 40 221 44 199 49 228 48 235 50 172 47 203 46 240 45 224 43 176 41 180 39 212 38 194 37 203 36 205 35 154 35 191 34 181 33 149 33 179 32 152 32 186 31 157 30 157 30 186 29 149 27 139 26 118
724 3.5494069294707802 -2.4097826999227783 1.9055612372159894 68 53 33 0.17065503862568643 40 5 42 4 39 6 38 8 37 79 35 64 34 70 33 70 32 66
725 3.7068686678212592 -2.4265641925092876 1.8996234387534552 68 51 36 0.095670466651943495 36 6 35 9 39 9
727 3.3430018978061349 -1.6618391711385072 2.0448219273164296 128 99 84 0.10971479189114675 40 45 39 62 37 49 36 45
728 3.1558155290858747 -1.3504639488696319 2.10501173635509 62 14 9 0.414070566286658 41 57 39 71 38 61 37 58 36 52
729 3.2043976468926822 -1.1039433885681713 2.2732683232130668 147 84 70 0.30987445060936392 40 62 39 78 38 109 37 113 36 162 35 148 34 151 32 177 33 204 31 185 30 214 29 175 28 164 27 196 26 147 25 179 24 147 23 182 22 165 21 165 20 156 19 147 18 141 17 151 16 176 15 170 14 180 13 173 12 187
731 4.1389881254069412 1.3814979367741336 2.2148894308768057 109 83 67 0.42508416476298388 40 76 39 87 34 66 35 112 33 121 32 122 31 135 30 130 28 147 27 111 26 119 25 86
732 3.9725292730884001 -2.4335739391205298 1.9644740877729208 100 86 69 0.46883651647863972 40 95 39 102 36 13 35 18 34 12
733 3.1128339205761746 -1.7072170144672525 2.3108402507991563 178 149 143 0.22958469538940421 42 47 39 118 38 90
734 3.3593934751370207 -1.6343356697799731 2.0215881214153049 77 52 34 0.29765150769225385 42 100 39 122 38 93 37 100 35 95 32 88 22 66 21 62 19 53 18 21 17 21
735 4.1021738296411652 -1.6037795970207558 2.1570300937725664 234 179 159 0.19059880019746794 40 115 39 127 38 98 37 151 36 151 35 136 34 141 33 138 32 98 31 113
736 3.1414813181626582 -1.3182596157757829 2.1947114936961896 134 80 65 0.14340105517979665 40 118 39 129 38 103 37 155 36 158 35 145
738 3.0783905461928827 -1.7041203407932626 2.4779421924850311 173 123 96 0.52779564323388317 40 50 41 156 39 162 38 181 37 229
739 4.1886647799863912 -1.6191866455944322 2.1051245084082995 208 129 104 0.23391660647637144 46 326 39 200 38 182
742 4.621003803592548 -1.4994257990151012 3.0531391928253999 255 255 255 0.28889178441878643 40 298 39 273 38 240
743 3.1630408374426473 -1.2801716213777468 2.2700395947684431 242 189 166 1.3652883340722497 40 277 39 274 38 263 37 286 36 280 35 275 34 274 33 259 32 250 31 260 30 261 29 247 28 242 27 252 26 245 23 246 22 230 21 234 20 220 19 210 16 237 15 227 14 241 13 233 12 249 11 243 10 260 9 264 8 277 7 292 6 322 5 298 4 301 3 306 2 303 1 305
744 2.87280091611927 1.4096870712896925 3.3881168956184551 8 7 5 0.69939350326754768 40 309 39 305
745 3.1648051483734241 -1.2029394935919018 2.6541775518269288 255 255 255 0.78433108286846898 40 300 39 312 38 288 37 312 36 318 35 296
746 4.461064070514202 1.427058641816201 2.0797729264531712 255 255 255 1.0864868584355807 41 356 39 318
748 3.4195260400961067 -1.4273485996785555 2.0873036610238929 242 189 162 1.770280398688985 39 365 38 324 37 346 36 347 35 319 34 316 33 306 32 297 31 308 30 304 29 293 40 370 28 279
749 4.3180451546654322 -0.23258748657966735 2.4882332993664846 9 7 4 1.9659178532800534 40 375 39 370 38 331 37 355 36 356 35 324 34 323
750 4.1200119274719071 -2.3057441387546511 2.3455792549745906 0 0 0 1.1605581991296874 45 491 46 497
751 3.9300875647947584 -2.3988261412718948 1.9400623331380069 63 44 30 1.8642502107054004 44 31 48 22 46 26 43 21 41 15 39 18 44 29 49 28 48 21 47 26 46 25 45 30 43 22 42 13 41 16 40 14
752 4.2101223195499022 -1.9109423822350651 2.0704327258088551 73 61 48 0.78239656988682449 42 39 41 42 40 36 39 53 44 56 49 145 48 150 50 142 47 70 46 144 45 72 43 41 42 40
753 4.600746564446025 -1.2721142383317443 3.0792651574190186 255 255 255 1.0403593109323674 48 418 47 369 46 406 41 265 40 251 39 206 49 336 48 289 50 290 47 249 46 292 45 273 44 304 43 227 42 213 37 196
754 4.0896109808792342 -1.6465913799563674 2.0968985840376764 241 198 174 0.43558855738256658 41 162 40 161 39 161 44 232 50 217 47 238 46 278 45 261 43 213 42 197 41 209 40 201 38 135 37 150 36 150 35 135 34 104 33 99 32 97 30 107 24 40
755 3.9243641806937797 -2.0228072249261815 1.882033149711799 50 34 22 2.2918792957860594 46 60 48 143 39 45 49 62 50 56 47 64 45 63 37 30
756 3.8951136514781948 -2.2738218350571513 1.8747604984394635 128 103 82 1.5184985682246699 48 363 46 353 43 308 41 248 39 183 43 189 44 168 49 190 47 170 46 199 41 139 37 131 36 134 36 175 35 118 34 128 33 125 32 71 31 77 30 23
757 4.6356885923727349 -0.31925969415545569 2.5576709023110995 32 30 31 0.44941887183642565 45 413 39 280
758 3.638908855984667 -2.5411408129398549 2.0184413073415728 57 46 27 0.15696759219928622 40 0 38 0 37 0
759 3.4895876828209671 -2.4216487256870844 1.9210946949035377 64 49 29 0.22021799691907473 39 4 38 4 37 5 36 3
760 3.4930541156484489 -2.4278150942597492 1.93287263867934 64 49 29 0.22887327233739799 39 3 38 5 37 6 36 2 34 3 33 6 32 10
761 3.6225931380087117 -2.4768405379248186 1.9524518415854508 57 46 27 0.34256833296510525 40 6 38 10 37 7 36 74
762 3.126525473410247 -1.7033608095818997 2.282306907200943 105 63 49 0.16374299595959563 40 41 38 50 37 43 36 98 35 89 34 96 33 96 32 84 31 93 30 96 29 87 28 88 27 123 26 67 25 95 24 102 23 111 22 88 21 86 20 62 19 83 18 46 17 57 16 66 15 58 14 65 13 63 12 65 11 15 10 16 8 32
763 3.1084009861765165 -1.6711835455445736 2.3346485172251574 163 116 93 0.24510277300074226 39 67 38 57 37 46 36 41 35 49 34 43 33 95 32 94 31 37 29 96 28 95 27 79 26 68 25 68 24 70 23 21 22 63 21 59 20 66 19 49 18 50 17 18 16 25 15 27 14 64 13 23 12 28 11 14 10 17 9 18 8 30 7 27
764 4.0934363576901642 -1.4984423852535931 2.147125801553873 202 125 100 0.5352072264139689 40 53 38 59 37 56 35 98 34 48 31 43 30 54 29 98 27 93 26 40
765 3.806358732102177 -0.23549248582612659 2.4977098720188478 223 178 149 0.73475064670438472 39 83 38 70 36 65 34 57 33 51 32 55
766 4.2927542136421639 0.78386140074812038 2.0167346625556153 222 177 136 0.15698003765436022 43 77 38 73 37 73 36 70 35 61 33 54
767 4.1337467807965806 1.4584816855696359 2.2279383816689391 111 88 71 0.47110009788705964 39 88 38 74 37 124 36 73 35 113 33 152 31 162 30 131 28 148 27 142 26 121 25 119
768 4.2810613231888741 -2.8673232647482645 2.5473761065529681 115 86 64 0.16823468472721947 39 140 38 77
769 4.1019898135436073 -1.485567669119352 2.1209884189595973 238 176 151 0.27075550561174544 43 56 38 101 37 112 35 99 34 107 30 110 27 97 26 79 25 76 23 40 22 37
770 4.4809502444128819 -0.27471163151353983 2.2804564738929844 48 42 38 0.15987750726334604 40 123 38 114 36 116 33 50
771 3.8929417124002059 1.6304171806724079 2.2894378168557674 56 54 55 0.19131138297429606 39 178 38 156 36 168 35 114 34 125 33 67 31 67
772 3.7826982768480306 -2.5759835223476699 2.0307957462795958 89 72 56 0.50449142312648287 39 180 38 158 37 169
773 3.5811880470157837 -2.4351712238998777 1.9216592479928825 63 51 33 0.16133754615586671 39 221 38 159 36 171
774 4.9620294121923862 1.6333277091538092 2.4614338388236625 149 123 97 1.280143037185492 39 217 38 199 37 211 36 127 33 123 31 65
775 4.9620294121923862 1.6333277091538092 2.4614338388236625 149 123 97 1.280143037185492 39 216 38 200 37 210 36 126 33 122 31 66
776 3.16315944660629 1.6587333441830563 2.7376567547489197 6 5 3 0.025290693892763241 39 218 38 203
777 3.0358835052370461 -1.8135915385214874 2.4307611931624358 129 80 58 0.1328041687292402 39 197 38 209 37 252 36 259
778 3.2101308613567467 -1.1501954635295435 2.2673099267249635 215 110 106 0.37680977425873841 39 246 40 250 38 221 37 237 35 226 34 207 31 217 30 213
780 3.1136834069422066 1.4871429745669724 2.686326195063625 255 255 255 0.034706838311617541 39 289 38 251
783 3.5591547811853919 -0.90511803468548579 2.5817611116416161 109 77 54 2.1789825069689384 39 339 38 303 37 325 36 310 35 286 34 289 33 275 31 281 30 288 29 283 28 264 27 271 26 264 25 260 24 252 23 264 22 245 21 251 20 244 19 234
784 4.3748745328311269 -0.91040076514475665 2.8416631453236896 41 20 9 0.28740901167735067 39 352 38 305 37 313 36 302 34 55
785 4.4878604810419818 -0.67622293742341133 2.5776114828463754 255 255 255 2.3086989590303304 38 326 37 347 36 348 35 322 33 308
786 5.0266671262244049 -1.8285109019851689 3.3010579474667647 255 255 255 2.2126977967158066 39 371 38 332 37 351
787 3.9688233579884939 -2.4274321824236553 1.9565053265644259 100 86 69 0.30025639380557073 41 87 40 94 39 103 38 16 44 30 50 19 47 24 46 29
788 3.4982016876209663 -2.172778807646655 1.8144681189369429 192 144 117 0.55962824043895887 44 356 49 378 48 401 50 408 46 393 45 376 43 332 39 290 38 253 41 284 40 262 39 262 37 245 36 268 35 242 34 224 34 244 30 222 29 205 28 192 27 202 26 189 25 185
789 3.4629721832077043 -2.31283457045638 1.8605289220677699 150 117 92 0.16806602550033711 41 9 37 11 36 10 33 14 34 74 32 15 31 14 30 18 29 9 28 8 27 7
790 3.470266639137412 -2.3000951211347878 1.8453210296679907 132 96 73 0.19239985132063284 38 13 37 12 36 11 35 16 34 8 33 15 32 16 31 15 30 19 29 11 28 10
791 3.7245114103086174 -2.2518252473991884 1.8231002408759471 147 112 85 1.0805768705548944 45 46 37 19 36 17
793 4.0065955262536903 -1.7375837173987918 2.0268759081711005 94 62 40 0.209189636715227 39 58 37 41 36 96 35 42 30 43
794 4.0871655725495435 -1.495372879912974 2.1413029456490156 203 127 101 0.38199885633610448 38 60 37 57 34 49 31 42 30 55 29 99 27 94 26 39 25 39 23 38 22 36
795 3.4095193946348723 -1.1587133130876621 2.1467572152265761 193 144 119 0.18899583884358551 40 60 37 65 36 57 35 103 34 111 32 112 30 121 27 104 26 87 25 84 21 75 18 63 17 34 16 46 15 42 14 38
796 3.1378051958865276 -1.6752078033132154 2.2766563378996638 200 147 127 0.24309707622712487 38 52 37 97 36 99 35 91 34 99 33 40 31 105 30 106 28 89 27 80 26 69 25 69 24 72 23 75 22 62 21 61 20 20 19 51 18 51 17 59 16 69 15 63 14 17 13 64 12 29 11 16 10 69 9 64 8 33 6 40 4 28
797 3.3913678075311715 -1.6436517010246252 1.9871263845179403 64 50 37 0.40104741868069116 39 64 37 101 32 90 31 100 30 100 29 90 28 92 24 33 22 26 20 25 19 27
798 3.1291741655632008 -1.6595222122558873 2.3021286354893888 188 136 109 0.32690374502870323 38 58 37 106 36 100 35 90 34 98 32 137 31 146 30 143 29 134 28 130 27 120 26 98 25 94 24 71 23 74 22 64 21 85 20 90 19 50 17 88 16 94 15 62 14 66 13 65 12 66 11 47 10 68 9 19 8 80 7 69 6 41 5 26 4 27 3 35 2 34
799 3.9504998601736045 -2.6750238565855367 2.2153644784177198 87 71 55 0.3090028898939029 38 76 37 127 36 170
800 3.9308303411658532 -2.0101351216342462 1.9156570708097231 123 97 77 0.1591404536664488 38 128 37 140 36 140 35 123 34 84 33 81 32 76 31 85 30 24 29 20 28 18
801 3.1731587071032146 -1.1713284902622685 2.43877174778265 217 167 143 1.17641298743145 38 108 37 158 36 196 35 184 34 206 33 235 32 231 31 237 30 248 29 233 28 219 27 233 26 211 25 215 24 205 23 238 22 199 21 210 20 194 19 200 18 180 17 194 16 226 15 204 14 216 13 205 12 222 11 222 10 246 9 240 8 263 7 273 6 298 5 281 4 287 3 286 1 284
802 5.0089048410187464 0.79535515636779341 2.1400207762404522 151 130 104 1.2302107618103433 38 195 37 204 35 190
803 5.0488010051969132 0.89492054373803664 2.2226391294726131 149 126 104 1.28025172686278 38 196 37 205 36 206 34 182
804 4.0874828398213188 -1.7314690890158142 2.0140745584337161 242 187 164 0.1920330608779475 41 255 37 226 36 229
805 4.4393424798272827 -0.7372878003223472 2.9555132510754047 55 41 21 0.73125720701574259 38 264 37 264
807 2.741932617387318 1.2272117947005912 3.4278414018488688 255 255 255 1.0226151319419368 38 248 41 124 37 270
808 3.2333687385886982 -2.4089113505509436 2.0843787261103914 90 67 44 0.34943506425683174 43 145 37 274 36 297
809 3.1053548617601985 -1.4105278544664706 2.1287925382701145 230 180 164 2.3834897933405585 38 260 37 284 36 276 35 266 34 270 33 257 32 249 31 259 30 269 29 261 28 240 27 251 26 244 24 232 23 244 22 227
810 2.6563312391088414 0.96591465532018494 3.5880144189232741 255 255 255 0.2912741277216464 38 267 37 303
811 4.9761549656637181 1.5851658729386899 2.5343702972493789 146 122 98 1.5355031971829851 38 292 37 305 36 311 35 290
812 4.9661977880141484 1.577199149366582 2.5177917097547526 146 122 98 1.8039227176556951 38 293 37 306 36 312
814 4.0243305384451098 -1.2407071899947435 2.2856595455210202 214 168 133 1.2459663425447749 38 287 37 311 36 300
815 3.1119992615121266 1.5122469795242326 2.7456482845457177 255 255 255 2.0435588199146539 38 281 37 316 36 313 35 292 34 292 33 278 32 270 31 266 36 296 30 256 29 241 29 267 28 237 28 256 26 224 26 248 25 240 24 215 24 237 23 243 22 211 22 232 21 229 27 265 20 225 19 213 18 196 17 189 16 221 15 215 14 234 13 219 12 241 10 268 11 240 9 258
816 3.5503015884092064 -0.88734246304376074 2.5433690303060361 109 77 54 0.41313521959744898 38 304 37 324 36 309 35 285 34 288 33 274
817 4.3476350194588074 -1.0956799727249662 2.7782452865936849 57 35 14 1.858828860311819 38 315 37 334 36 319 35 283 34 253
818 3.244573733321253 -0.37191957141423293 3.4097489034387172 10 8 6 1.0680318954244399 33 309 32 298 31 309 29 296 28 282 30 307 27 289 26 282 25 277 24 267 23 278 20 261
819 3.6180585742745635 -0.33129565772578706 3.2808985417263825 241 188 146 1.3906603208238273 38 321 37 344 36 344 35 316
820 4.173737730215314 -2.0644550016584162 2.182828080402575 92 73 59 0.45101350952944647 38 328 37 350 36 351
822 4.3345293174122741 0.30181038273863264 2.1113714914746762 239 198 154 1.8235948096026842 38 333 39 372 37 356 36 357
823 3.7275049889988221 0.67579613434289809 3.0798951079339121 13 10 8 1.6756099734947696 30 315 29 304 28 291 27 298 26 292 25 288 24 278 23 289 22 267 21 274 20 269 19 255
824 3.7064099565711004 0.66958935847287204 3.0643272408417088 13 10 8 1.6041811709983245 29 303 28 290 27 297 26 291 25 287 24 277 23 288 22 266 21 273 20 268 19 254 18 243 17 254 16 279 15 277
825 3.3577472353314004 -2.3448025439089828 1.9314286671275462 147 115 89 0.19934817345326611 37 10 36 9 35 15 34 7 33 13 32 9 31 8 30 8 29 75 28 70 27 65 26 3 25 55 24 4 23 3
826 3.9468367458363822 -2.2494978826465784 1.900863984702841 98 78 57 0.20209589005742604 39 33 36 22 35 22 34 21 33 21
828 3.1616690618513279 -1.2215131472781178 2.4710538687551713 211 166 141 0.2563669176758967 37 63 36 53 35 100 34 148
829 3.4570239340068327 -0.17380846909212314 2.7815279918745777 23 16 14 0.082314944490442757 38 69 36 66
830 4.1313632273754823 1.3917017458365513 2.2406128207130802 32 22 18 0.41841345239752031 40 75 36 72 33 120 32 124 30 129 27 176 26 91
831 3.6744715103527077 -2.3582337878769328 1.874047031164028 132 104 79 0.50784654302320009 37 85 36 77 35 68 34 75 33 73 32 69 29 13
832 3.0650447589437468 -1.770873105951462 2.3258780421524499 189 142 116 0.38516354779573592 38 45 36 91 35 81 33 85 32 80 31 90 29 133 26 97 24 101 19 82 17 83 14 99 12 96 11 84 10 97 9 103 8 76 7 66 6 80 5 121 4 73 3 76 1 35
833 3.4798789055151218 -1.6517387879891383 1.9321375700814996 97 60 40 0.18716519956250083 44 130 36 94 35 85 30 103 29 93
834 4.0592827412168715 -1.6402266925800624 2.0942678541697388 123 58 41 0.2180214945084514 37 105 36 106 31 110 30 50
835 4.2118325046164262 -1.6348339210544425 2.0985105179856758 240 181 152 0.26133222595542477 37 110 36 110 35 97 34 105 33 101 32 100 31 115 30 109 29 97 28 45 27 40 26 35
836 2.7526273303493514 1.1949329714126917 3.4775819483298989 255 255 255 1.7342098466585401 38 153 36 119 35 155 34 240 32 195
837 4.2290763108956062 -1.7542008710173804 2.123824784192708 231 168 134 1.7506339843212799 37 184 36 145 35 87
838 4.1437882522422962 -1.5353948195569551 2.1177976899017894 245 184 156 0.20088985715640695 37 187 36 189 35 173 34 171 33 167 32 171 31 178 28 137 27 133 26 109 25 109 24 81 22 75
839 4.1549067769872412 -1.5413801637010538 2.1362491460204938 245 184 156 0.13383158974013853 37 186 36 190 35 174
840 3.0661041871858252 -1.3441919597430181 2.1261151974699821 169 117 102 0.61522395567766419 37 189 36 192 35 176 34 199
841 3.2562520513365185 -0.55964670454606102 3.6847597983718989 16 12 9 0.42317267542242443 42 221 36 200 35 187 30 184 29 143 28 166 27 138
844 3.1970055402192084 -1.3719335005713025 2.0866328834138264 227 175 153 0.91081144639339651 37 233 36 234 35 220 34 201 33 199 32 212 31 213 30 210 29 168 28 161 27 157 26 108 25 75 24 80 23 36
845 3.4385968977056716 -0.59845981649562818 3.4642064613905079 11 7 4 0.12684954122196171 37 238 36 241
846 3.8633294262679958 -1.9218237129920694 1.9126445597346866 178 141 117 0.15692958089334269 37 248 36 256 35 246 34 228 33 226 32 226
847 3.9709805477532711 -1.5510521537237809 2.0937638489098802 239 199 165 0.078882001061298293 37 282 36 274 35 265
848 2.8401693616396742 1.3377336636908959 3.1467709439282965 9 8 6 0.40744363929696764 37 296 36 294 35 280
850 4.5827544125840163 1.5039235169936525 2.189293952707664 255 255 255 1.6449154930800587 37 336 36 322 38 318
851 4.5827544125840198 1.5039235169936547 2.1892939527076694 0 0 0 1.6449154930800056 37 337 38 319 36 323
853 2.9175651271768128 -0.87163248728975484 2.6678491139891491 255 255 255 0.96398723955232235 37 359 36 358 35 328
854 3.2694691002656033 -2.310600032170306 2.0143162742591221 215 169 144 0.64293618709825751 38 283 37 307 36 305 35 281 34 283 39 324 33 268 32 275 31 270 29 259 28 239 27 249 26 242 25 242 24 228 23 232 22 213 21 217
856 2.6900188255768711 1.1024862418136487 4.1232767715880856 255 255 255 0.90060060810732423 37 335 36 332 35 312
857 3.3763348159749671 -2.3879524609430192 1.9495201638841999 72 52 32 0.19760465322728607 37 2 35 1 34 68 33 5 32 63 31 69 30 85
858 3.0468112917348771 -1.7844763715687035 2.370689059737467 182 137 110 1.1171056437493694 36 32 35 33 34 25 33 29 32 30 31 25 30 32 29 29 28 21 27 18 26 12 25 13 26 13 24 15 24 18 22 9 21 14 20 12 20 13 19 12 18 12 18 13 17 13 16 20 15 22 14 13 14 14 13 14 12 21 11 12 10 10 8 24 7 23 6 31 2 23
859 3.0451210357854328 -1.7844048294695825 2.3749852914420231 182 137 110 0.21489183911782794 36 33 35 34 34 26 33 28 32 31 31 24 30 31 29 30 28 20 27 17 26 11 24 17 22 8 21 13 20 11 19 11 18 11 17 12 16 19 15 21 14 12 13 13 12 20 11 11 10 9 8 23 7 22 6 30 2 22
860 3.1626871044948341 -1.7040643648275771 2.1030259920941941 245 204 174 0.080064845331528661 36 34 35 35 34 31 33 35 31 95 30 36 28 24
861 3.1627412654144824 -1.7041231708665221 2.1031379705832203 245 204 174 0.073167919180094909 36 35 35 36 34 32 33 34 31 94 30 35 28 23 27 20
862 3.3818808722116764 -1.6912881473045329 1.9376938397426124 190 141 120 0.25327178299828718 37 38 35 38 29 27 28 25 27 23 26 18 25 15 24 22 23 14 22 12 21 19 20 15 19 16 18 16 17 20
863 3.0840264360753866 -1.7054460592233784 2.3691945317984118 82 57 40 0.50638112821630377 37 44 35 45 32 42 31 35 29 86 27 77 25 63 23 20 22 18 21 25 16 23 15 25 13 21
865 3.1691283362546625 -1.173785672622605 2.3123991191048132 185 92 88 0.34366801375981726 36 59 35 53 34 51 33 108 32 108 31 126 30 118 29 111 28 112 27 102 25 80 24 86 23 93 22 76 21 100 20 102 19 60 18 84 17 68 16 74 15 71 14 78 13 78 12 75 11 57 8 88 7 83 6 98 5 95 4 90 3 98 2 93 1 63
866 3.4337745622784697 -2.375030148250739 1.9035315618204922 81 61 41 0.83806016877702472 39 15 42 11 35 63 33 69 32 65 31 73
867 3.673050800137597 -2.3015264161999696 1.8328398238921444 156 125 99 0.035161798980152204 36 81 35 71
868 3.0008185821379505 -1.8638717615024971 2.3779826412874385 209 164 143 1.0373924243497918 37 33 35 79 33 133 30 228
869 4.1412747639417296 -1.8206793432059287 2.0827764999428693 71 51 36 0.14030829854725166 36 143 37 145 35 86
871 3.4095509546203973 -1.1585110965449523 2.1471372674976346 190 144 119 0.1954101242599311 36 58 35 104 34 112 32 111 30 120 27 103 26 86 25 83 24 91 22 80 21 74 20 42 19 66 18 62 17 33 16 45 15 41 14 37
873 4.0591101114839319 -1.4641590039318848 2.129228556013385 237 179 152 0.17800215127795757 36 153 35 138 34 142 33 139 32 103 31 116 29 101 28 105 27 96
874 4.0899728271032352 -1.4498354429617695 2.1401635077266725 187 119 92 0.10475309237910309 36 154 35 139 34 143 33 140 32 140 31 119 30 111 29 103 28 107
875 4.0899728271032352 -1.4498354429617695 2.1401635077266725 187 119 92 0.10475309237910309 36 155 35 140 34 144 33 141 32 141 31 118 30 112 29 102 28 106
878 4.0623582362199997 1.4032342323269202 2.234550040483823 32 27 23 1.6295476655154593 36 166 35 157 34 124 33 151 34 157 32 123
879 3.1756914376423335 -1.1419871194563003 2.3535483012048859 183 104 91 0.42665802687992127 36 161 35 185 33 173 32 176 31 184 30 152 31 152 29 141 28 141 27 135 26 111 25 111 24 119 23 130 22 110 21 103 20 104 19 97 18 83 17 100 16 105 15 103 14 118 13 109 12 109 11 101 10 114 9 118 8 125 7 136 6 146 5 135 4 133 3 135 2 94 1 106
880 4.6274306315524321 0.38974872350622741 1.8216213562284891 176 148 113 0.78345396054893757 36 203 35 188 34 180 36 265 33 178 32 183 31 154
881 2.8686374855349692 1.3008321090599315 3.6007405962767605 18 12 12 1.7783423391703128 34 241 33 267 34 265 32 260 31 254 30 266 29 254 28 234 27 245 25 235 24 226 20 205 18 168
882 3.8273300052663406 1.5430754801241844 2.2575556639911101 17 13 14 0.48234465734894028 36 250 35 237 34 222 33 219 32 201 31 202 30 194 41 242 28 151
883 3.9657393013478686 -1.5522521947980314 2.0847059426459049 238 198 164 0.80971073652170666 36 275 35 264 34 249 33 245 32 229 31 246 32 240 30 233 29 217 28 187 27 193 26 136 25 101
884 4.6105810928400475 -1.0353741473197282 3.1174579941367693 255 255 255 0.86935970148803909 36 264 37 300 35 269
885 3.0397326945686141 -1.7858558520311738 2.5609680688842538 255 255 255 0.79068542788364704 37 278 35 274 33 244 32 238
886 4.4027464575230963 -0.45416915337718944 2.5635594158601744 37 32 32 0.50100747951140367 36 303 35 277 34 278 33 250 32 242 31 248 30 251 29 236
887 3.4091554861216449 -0.93789477547640476 2.3309345591649633 231 180 154 1.0516869455120614 36 308 35 284 34 286 33 261 32 253 31 275
888 3.1237111849054573 -1.8247737481220034 2.0460000902302671 238 195 169 2.2430366549551302 36 327 37 330 35 304 34 307 33 295
889 3.2182220119498521 -1.6239967081170394 2.5106890702733216 247 199 177 1.6502446736723873 36 329 30 286 29 278 28 273 27 278 26 271 25 269
891 3.3631305300299106 -1.6953641604692165 1.9964185462051114 122 76 59 0.17571146912749144 36 342 35 314 32 290 31 299 30 297
892 3.3262265797597075 -0.85679932766173839 3.3470416742922895 255 255 255 1.5085022500788532 36 353 37 352 35 321 19 246 17 245
893 3.2768325340889879 -2.3929651352008836 2.0236631787585768 114 86 63 0.14398800077059187 36 8 34 0 32 3 31 3 29 1
894 3.6656806457368027 -2.4353649009961003 1.9230432091488849 85 73 54 0.10118544948089754 35 8 34 5 33 10
895 3.6656806457368027 -2.4353649009961003 1.9230432091488849 85 73 54 0.10118544948089754 35 7 34 6 33 11
896 3.0650034261201231 -1.7184626722302525 2.4113804986855349 167 131 118 0.18716281985548883 35 44 34 41 33 92 32 92 31 145 30 140 29 132 28 126 27 119 26 126 25 93 24 127 23 140 22 120 21 120 20 114 19 108 18 96 17 115 16 121 15 121 14 132 13 126 12 129 11 125 10 144 9 143 8 155 7 116 6 129 5 122 4 115 3 125 2 118 1 140
897 3.0929482195569076 -1.6683098040011373 2.3683217233321621 173 121 96 0.27346465500278894 35 47 34 44 33 94 32 43 31 103 30 105 29 95 28 94 27 84 25 67 23 73 21 60 20 67 19 22 18 49 17 17 16 67 15 61 14 16 13 62 12 27 11 13 10 15 9 17 8 29 6 39 5 25 4 26 3 33 2 33 1 49
898 3.2445918753616088 -1.1743171903200744 2.1985667891413687 141 51 50 0.26309767962970532 36 55 34 52 32 110 29 112 25 82 24 88 22 79 21 102 19 63
899 4.9776667336652576 1.0729937111394172 2.1951788573713822 119 104 82 0.19586611780488128 35 108 34 64
900 4.9776667336652576 1.0729937111394172 2.1951788573713822 119 104 82 0.19586611780488128 35 109 34 65
901 3.1375820659198763 -1.621439579555916 2.1866918471254806 190 140 112 0.59231564000157855 36 101 34 169 33 163 32 170 31 210 30 206 29 192 28 195 27 205 26 190 25 190 24 199 23 214 22 187 21 201 20 186 19 178 18 175 17 177 16 201 15 198 14 191 15 184 13 182 12 199 11 195 10 217 9 193 8 209 7 213 6 233 5 173 4 172 3 176
902 3.1337572995588761 1.6330186643107223 2.6613245278975963 6 5 3 0.21637400882331756 35 202 34 185 33 221
904 3.6672161087644102 -2.5252689826789139 1.9884577548185189 46 36 19 0.8157384425865436 35 240 36 219 34 189 33 153 32 157 31 207 30 133 30 200 29 153 28 71 28 153 27 143
905 4.6787783086090284 0.35293024303901344 1.8306886716890027 214 169 125 0.36882669057297762 35 254 34 210 33 177
906 2.7718320634676652 1.1858644932594009 3.1006126798868143 31 28 28 0.33186584042458106 35 193 34 215 33 213 32 222 31 225 30 243 29 224 27 215 26 198
907 2.7718320634676652 1.1858644932594009 3.1006126798868143 31 28 28 0.33186584042458106 35 194 34 216 33 214 32 221 31 224 30 244 29 223 27 214 26 197
908 3.0733285413454388 -1.8977549936684057 2.4671542332432423 194 149 127 0.61166957739477834 35 210 34 229 33 228 31 230 30 227 29 209
909 3.1311462629075417 -1.6190768779411735 2.3146186632379724 229 181 154 0.35243808535254811 35 215 34 232 33 231
910 4.1007112821829219 -1.4175225209986977 2.3474890256313659 241 195 162 0.83525911621933113 35 267 36 298 34 235
912 2.6803302825759698 0.9599118610845403 4.138724199964587 217 165 129 1.7610195182620818 36 286 34 259 33 264 32 269
913 4.572756798902164 1.4812218892285869 2.1984457695290125 255 255 255 0.93185019043375639 35 288 34 282
914 3.4526121380249704 -1.6531677917362111 1.9373275629554365 95 62 49 0.42058796376497698 35 282 34 284 33 269 32 264 29 244 25 209 24 200 23 193 22 170
915 4.5232216864150407 -0.26159566966949283 2.2992300630802429 216 170 139 1.4072895006100725 36 202 35 152 34 118 42 339 41 329 40 307 39 281 38 243 39 304 37 265 36 243 35 228 34 179
916 3.122007958184533 -1.3356116480136795 2.1134963189980303 69 13 9 0.19693611123741772 36 157 35 142 34 146 40 245 39 243 38 185 37 190 36 193 35 177 33 144 32 144 31 122 30 114 29 50
917 3.0839679796524764 -1.7592538208246176 2.3023015903168567 194 145 119 0.27068986396645622 37 37 33 31 32 83 30 33 29 82 28 81 27 72 24 64 23 64 22 56 21 55 20 58 19 44 18 42 17 52 16 61 15 56 14 60 13 59 12 63 11 44 10 66 9 62 8 77 3 26 1 36
918 3.0836439262791275 -1.7586724193748164 2.3020210184124954 194 145 119 0.2066127914545659 37 36 33 32 32 82 30 34 29 83 28 80 27 73 24 65 23 65 22 57 21 56 20 59 19 45 18 43 17 53 16 62 15 57 14 61 13 60 12 64 11 45 10 67 9 63 8 78 3 27
922 3.7299177849706942 -2.342425461128478 1.8557811707491065 107 82 62 0.39970293349036307 34 77 33 74 31 19
923 4.1182091322036758 -1.4454017288256624 2.1420330556846308 233 173 147 0.291355395240739 34 108 33 102 32 104 31 120 30 113 29 51
924 4.0639970603884503 -1.420048456950268 2.1430003891361293 237 182 152 0.13215448865094789 34 109 33 104 32 107 31 44 30 56 29 53 28 48
925 3.5327266740898242 -0.6415808478855265 3.5585344884474903 15 11 9 1.8947067130892665 34 114 33 112 32 181 31 219 30 236 29 221 28 224 27 242 26 235
926 3.9564256729464362 -1.9992674778761637 1.92680795645728 97 70 51 0.15747165669619251 35 126 33 130 32 129 31 87 30 93 29 80 28 77 27 14
928 3.855776609048835 -1.9790204506847671 1.8930178226616439 124 93 70 0.44776913310363498 37 224 33 156 31 140 30 137 29 129 28 76 27 70
929 3.0711465422434201 -1.6793992923516556 2.4081673853485359 174 124 92 0.26167642761474053 34 167 33 162 32 168 31 176 30 175 29 164 27 152 26 127 25 126 24 128 23 141 21 121 20 115 19 86 23 110 18 75 17 87 16 93 15 93 14 103 13 98 12 99 11 87 10 98 9 105 8 108 7 68 6 83 5 80 4 78 3 80 2 30 1 48
930 4.0941838642118897 -1.5366697033372381 2.1571187775758434 247 196 170 0.73841103249133722 34 196 33 166 31 177 28 136 27 132
931 4.1100249517424077 -1.7383087114252245 2.0512368452006706 242 186 163 1.1205318154245993 35 248 33 195 32 208 31 175 30 173 29 161 28 131 27 128 26 101 25 98 24 105 23 78
932 3.1553938013892782 -0.50255700717336671 3.6893665177139727 241 195 160 0.50219042714717688 34 209 33 205 32 218
933 2.6677819500967122 0.98447300589850983 4.1598108845227983 212 159 123 0.38895638357175033 35 192 33 212 31 189 30 218 26 186
934 3.3254009806011249 -1.1700050405107199 2.1575400237912499 149 61 58 0.48615962157668269 34 251 33 247 29 234 28 221 27 232 26 209 25 214 24 204 22 197 21 209 20 193 19 162 18 162 17 170 16 175 15 169 14 147
935 3.3254009806011249 -1.1700050405107199 2.1575400237912499 149 61 58 0.48615962157668269 34 252 33 248 29 235 28 220 27 231 26 210 25 213 24 203 22 198 21 208 20 192 19 161 18 161 17 169 16 174 15 168 14 146
936 3.1034699206240144 -1.3499449827041821 2.185155592603202 156 99 92 0.70269221647180102 31 274 24 234 22 228 21 233 20 219 19 208 18 199 17 204 16 235 15 225 14 240 13 232 12 248
937 3.1790978566091073 -1.2186315873273501 2.3815493169500312 109 30 26 0.52044050066167136 34 275 33 260 32 251 31 261 30 262 29 248 28 229 27 239 26 233 25 229 24 220 23 236 22 216 21 220 20 208 19 199 18 190 17 196 16 228 15 222 14 228 13 225 12 237 11 233 10 245 10 262 9 239 7 272 6 296
938 3.561255123279027 -0.70869943219431097 3.1598084700653084 185 140 102 0.10586542738506163 34 277 33 262
939 3.4265601588860051 -0.65477738066184255 3.6654580284044469 255 255 255 1.2422628778704987 33 263 31 276 29 262 27 261 25 250 23 240 22 221
940 2.7130784705963609 1.0710379231627518 4.0755675554393971 255 255 255 1.2810518545609277 34 261 33 265 32 256 31 279 29 252 30 278
942 4.0946166085265459 -1.4585554222519985 2.1246453856660512 208 144 119 1.8491014147797411 34 271 33 270 32 265 31 273 30 271 28 228 27 238 26 232 25 228 24 190 24 218 23 202
943 3.9492085238336032 -2.4104506455735786 1.974801930839295 86 69 53 0.95322817580861474 34 296 33 282 32 263 31 271 30 258
944 4.7425226042377471 0.43473683688577908 1.8827453984863365 167 140 109 1.3069819961898317 34 305 33 288 32 268 31 278 30 264 29 251
945 3.4757703799148092 -1.060511880719974 2.4461438178872319 231 179 153 0.21368392089651253 34 312 33 300 32 285 31 294 30 292
946 3.7938559826549403 -0.81203595114984739 2.5739420829207047 234 194 154 0.94098119572922168 34 313 33 301 32 286 31 295 30 294 29 288 28 265 27 272 26 266 25 262 24 254
947 3.0296246614190823 1.3892853004907177 3.4371692305164645 11 8 8 3.192628838415402 36 346 33 304
948 4.7600088130019609 -1.4249999138471243 3.5782554395706292 177 138 106 0.55441507325402717 34 317 33 307
949 4.3011775269942651 -0.19769510539122634 2.4577539582940027 9 7 4 2.0223248962314604 34 324 35 325 33 312 32 302 31 312 30 309
950 4.2834064697127268 0.25670302590370264 2.0467884513032679 240 200 156 1.0810664727793511 34 325 35 326 33 313 32 299
951 4.1131322626524911 -2.3156427777002508 2.8835878722732522 231 187 162 1.2040567909666446 34 327 33 318
952 4.1131322626524911 -2.3156427777002508 2.8835878722732522 231 187 162 1.2040567909666446 34 326 33 319
953 5.0037025461747424 1.0578363993049429 2.2377101854465851 130 112 92 1.0390018400138128 35 257 34 239 33 211 39 250 38 247 37 268 36 248 32 120
954 4.3529661198820886 1.7401631284878871 2.0701814308361746 218 164 129 1.4015071214121215 40 228 39 255 36 216 41 335 40 312 39 307 35 203 34 187 33 191 44 378 46 416 45 399 43 300 42 233 37 212 32 202 31 203 30 197 29 186 27 182 25 121 25 160 24 162 23 168 21 110
955 4.0418659829949055 1.7517960044453869 2.3124736475756205 255 255 255 1.3185172089992299 47 432 46 466 43 395 42 374 39 348 37 328 35 302 33 292 49 436 47 418 46 449 43 382 44 414 42 359 41 358 39 331 38 296 37 319 36 317 35 295 32 274 31 280 30 275 30 282 29 257 28 248 27 248 26 240 25 239 24 227 23 229 22 212
956 3.3281276221370377 -2.435098340828465 2.0219232393674833 64 47 27 0.084245551006395247 33 0 32 4 31 1 30 2
957 3.3239032753997297 -2.3938494334993634 1.9791607700292164 82 59 36 0.20559506404113406 33 4 32 5 31 6 30 4 29 3
958 3.3976478573186339 -2.4194540155675068 1.9564842267803011 57 40 19 0.27408662868538497 33 2 32 6 31 4 30 5
959 3.3976478573186339 -2.4194540155675068 1.9564842267803011 57 40 19 0.27408662868538497 33 3 32 7 31 5 30 6
960 3.4359976075247434 -2.4401657757194357 1.9625565105648632 80 66 48 0.090836867671741275 34 2 32 8 31 9 30 7 28 3 27 4
961 3.5545154871608395 -2.4350774120149996 1.9341914002489158 103 87 66 0.32812748192774005 35 3 32 12 31 11 30 12 29 5 28 6
962 3.6066379043793186 -2.4400549246611147 1.9114854732676763 107 93 75 0.16236103069939387 33 7 32 13 31 12 30 13
963 3.6343412943624509 -2.301612074848836 1.8272727511436442 137 104 77 0.043262709006111816 33 18 32 17 30 21 29 14
964 3.7091963026322321 -2.257757303654957 1.833991161733733 176 138 112 0.056257052386500229 34 18 32 18 30 22
965 3.0735745688419458 -1.9907148038929028 2.5398524535090186 210 169 149 1.1186232138583583 33 25 32 23 30 25
966 3.0466426586617112 -1.8015504016460155 2.4025546894106267 111 59 35 1.1682693554578989 37 93 32 29 30 30 29 24 28 79 25 12 22 6 19 10 16 17 14 10 7 20 34 24
967 3.1144737687715587 -1.7237036631115548 2.2956492246761622 98 59 47 0.19722528061276504 36 40 32 33 31 92 29 85 28 87 26 66 25 64 23 69 20 60 19 47 18 45 17 56 16 65 13 17 12 23
968 3.065514735212628 -1.3481468315400886 2.0865083207728548 190 139 122 0.20371337760677197 33 103 32 47 30 53 29 49 28 102 27 43 25 38 23 85 22 31
969 3.4422455413813973 -0.19556372276902684 2.7921143188887934 237 191 165 0.20276113285920747 35 58 32 56 27 53 30 64 25 45
970 3.5000298772323748 -0.63376023389500014 3.444086778425004 203 154 125 0.15117887421588583 34 115 32 114 30 122
971 4.2013848945416372 -1.4897600773212847 2.1267070006033491 255 255 255 0.65585362958447924 33 142 32 142 29 169 33 168
973 2.7140153164171323 1.0349933274727621 3.9857962821378958 255 255 255 0.658944838423839 33 183 34 213 32 190 31 223 30 239 29 180 28 173 27 173 26 158 25 154 24 159 22 144 23 162 20 141 21 150 19 126 18 121
974 4.9252734383319039 1.5261528191903426 2.4199798480860597 147 124 100 0.24098211686444068 33 186 32 196 31 195
975 4.9414946034911775 1.5172899989792001 2.3859188093492305 255 255 255 0.4256537858358968 33 185 32 197 31 196
978 3.030859236378121 -1.8254623725843666 2.2065729424600864 130 90 70 0.16046793166689011 33 255 32 248 31 257
979 3.9858189072198744 -1.0546456328354059 2.4623419527582939 221 177 139 0.72097079997371316 33 271 30 249
981 3.5495921798555794 -0.90387733236484047 2.7207510974946034 154 120 92 0.44959880393093848 33 303 32 292 31 301
984 4.2588124179168796 -0.16905329284475251 2.4489941950638476 10 8 5 0.82644976208464005 33 315 32 304
985 3.2868763877529963 -0.98445162337566172 3.3269272937013756 255 255 255 1.3481483360390509 31 314 30 310 29 299 28 286 27 293 26 286 25 282 24 273 23 284 22 262
986 4.3447712159894669 -0.79787096661266765 2.2664009064793467 255 255 255 0.98190570649613229 33 317 32 306 31 315 30 311 29 300 28 287 27 294 26 287 25 283 24 274
987 3.1338264141312706 1.4932516845620636 2.7261605666866311 255 255 255 1.0497021271886262 38 201 36 214 35 235 34 219 33 217 32 200 39 288 38 252 30 192 29 183 28 177 27 180 26 165 25 162 24 164 23 171 22 149 21 191 20 144 19 169 18 149 15 152 16 150 14 161 13 157 12 170 10 183 9 226 10 229 8 188 9 180
988 3.4050862618590125 -0.63433660196916342 2.885318238544369 183 138 101 2.3441785526076826 33 146 32 113
989 3.1952478580836297 -1.5597851437972179 2.1276599683860828 110 84 68 1.5173256508856634 33 302 32 291 31 300 30 298 29 291 28 275 27 277 26 270 25 268 24 256 23 269
990 3.2789954573202453 -2.4335857001780932 2.0608402890222512 68 51 30 0.19600005814042282 32 1 31 2 30 1 29 74 27 64
991 3.456356564926681 -2.2262999270719721 1.8264568250311968 216 167 142 0.20202285428484906 33 16 31 17 26 6 24 5
993 3.3707206021150382 -1.6579787093409215 1.9974433043194371 32 17 9 0.11168501744546119 33 38 31 30 30 40 29 38 28 36 27 31 25 26 24 32 22 25 19 25
994 3.3733052300541595 -1.6425961107845799 1.998656997882114 87 67 49 0.10609830049854367 32 36 31 31 23 25 20 23
995 3.9727597407943529 -0.19672272992435394 2.8639819267964342 32 19 13 1.6756326704914832 33 52 29 64
996 2.8282206067751905 0.069847596828252922 3.4922818680744738 24 15 10 0.31093212105534712 32 58 31 59
997 2.663413482277627 1.3006974192308147 3.5899122066687106 197 144 113 0.20939998538588545 33 63 31 63
998 3.2260647688373352 -1.7701893396603487 1.9800657239346868 141 103 82 0.42144578722274856 32 25 31 89 25 8
999 4.0579721116389891 -1.6388453229962974 2.0928751279632305 127 63 46 0.13442815179731826 36 107 31 111 30 51
1000 4.0870189477446415 -1.5966857457078647 2.138952081632171 232 180 157 0.13482926733809145 32 99 31 114 30 108 29 47
1001 3.126606044422056 -1.3367288724457014 2.1203353456868479 71 14 9 0.097355268809593401 32 145 31 123 30 115
1002 3.9403266993457291 -1.336912498961556 2.1852571264339433 145 103 74 0.73244617060244699 33 202 31 124
1003 4.4751041379378496 -0.2558325125492476 2.2544414767279113 211 168 143 0.060336807495924114 32 150 31 129 30 124 29 59
1004 4.0662328943094757 1.3583506475406291 2.2212101293165087 29 24 22 0.80384627591680446 32 155 31 133
1005 3.1387693339594227 -1.5096251602404531 2.3290716474044499 236 190 160 0.3461790625064185 32 101 31 148 30 176 29 165 28 185 27 208
1006 4.9971522278526628 0.53562885143286521 2.0745443065270317 255 255 255 0.36722938375118247 32 116 31 155 30 156
1008 3.2693420679375294 -0.90607147176691893 2.4548288276530794 132 86 65 0.23249087260146936 32 216 31 218 30 215 29 220
1009 4.1481697900978132 -1.7091987441086673 2.0490886224089317 175 104 77 0.28179724319079408 32 228 31 232 30 230 29 213 28 196 27 206 26 177 25 173 24 171 23 178 22 122 21 124
1010 3.3014030340898883 -1.2173244708110322 2.1417414231786918 231 188 162 0.31731191692289529 33 246 31 235 30 234 29 218 28 202 27 211 26 196 25 193 24 191 23 203 22 178 21 185 20 174 19 145 18 139 17 150 16 173 15 136 14 145 13 110 12 78 11 60
1011 4.0157940946178199 -1.337856744704184 2.2629968435764551 151 115 92 0.367288471108902 32 241 31 236 30 235 29 172
1012 4.3385230667003345 1.7260118813405727 2.0875691881205807 222 169 136 1.1749084399928624 34 295 37 320 31 268 26 221 25 238 23 227 22 206 20 203 19 190 18 144 15 148
1013 4.3385230667003345 1.7260118813405727 2.0875691881205807 222 169 136 1.1749084399928624 34 294 37 321 31 269 26 220 25 237 23 228 22 207 20 204 19 191 18 145 15 149
1015 3.5576381089351314 -0.90618688263419356 2.5839079391866564 112 79 56 1.7342100978499084 33 286 31 282 30 287 29 282 28 263 27 270 26 265 25 261 24 253 23 265 22 246
1016 3.5285027092020407 -0.66092434681760037 2.7936541103238843 230 188 147 0.79332712103118674 32 277 31 283 30 289 29 284 28 266 27 279 26 273 25 271
1018 3.9058757377368258 -1.1365348003781226 2.3426509196849272 164 132 99 1.3310622330148005 32 283 31 292 30 291 29 279 28 253 27 260
1019 3.0857389965020849 -1.842585708851372 1.9904418835800219 240 196 171 1.2819302216057069 32 287 31 296
1020 4.3570194965187525 0.90580058203219604 2.1074747380711871 221 174 134 0.53988566256219628 32 294 31 304 30 300 27 280
1022 3.3305201240619406 -2.3990861893832092 1.9863324817545156 83 61 36 0.18153776985103517 31 7 30 3 29 2 28 2 27 2
1023 3.4676485868688043 -2.2993499674347979 1.8431397481868792 133 98 74 0.11464285170166122 31 16 30 20 29 12 28 11
1024 3.430572466180752 -1.6882939846302054 1.9100480148469174 139 90 65 1.2705201041908138 32 27 30 29 27 24 26 21 25 18 24 26 22 15 20 16
1025 3.3108187587420965 -1.7054956424735257 2.0312222215980471 136 92 68 0.10397377730250791 31 98 30 37 29 81 28 82 27 74 26 16 24 20
1028 3.1949074873185821 -0.53871630410732707 3.6653264963131642 218 169 140 0.39108005150396608 31 52 32 52 30 62 29 114 28 114 27 106
1029 3.6068435716850558 -0.15595752868250023 2.5845821570972536 29 17 14 1.0644800038478794 34 60 35 59 29 62 26 45 24 49
1030 4.0695037448717759 1.3712585179130219 2.2353139803093462 30 24 21 1.0466743970593675 31 134 30 74 28 64
1031 3.4881789414053026 -2.4272789222033984 1.930026210936876 63 48 28 0.15100454561362397 31 71 30 86 29 78 28 5
1032 3.4881789414053008 -2.4272789222033979 1.9300262109368747 63 48 28 0.15100454561367727 31 72 30 87 29 77 28 4
1033 4.1268398987194193 1.3634125540360063 2.2540212247967002 82 66 54 0.75343746655105459 37 76 30 128 29 70
1034 3.1161335203414722 -1.3719339739879919 2.2275547245063523 53 12 7 0.35923392024567652 31 121 30 149 29 167 28 160 27 156 26 139 25 177 24 139 23 181 22 162 21 164 20 154 19 143 18 138 17 149 16 172 15 166 14 178 13 169 12 142 11 179 10 153 9 151 8 164 7 172 6 189 5 181 4 181 3 180 2 177 1 203
1035 4.980953725092375 0.53355477364945991 2.0610411779001598 255 255 255 0.41545771998190911 31 156 30 155 29 145
1037 3.7675060450288247 -2.5433013158380859 2.0131024571808149 37 28 12 0.77378304558252953 31 226 30 201 25 91
1038 4.5715880400827587 1.3424110258315325 1.972259443711706 216 161 120 0.86803164770286423 31 192 30 220 28 171 29 203 27 171 26 48 28 62
1039 3.8754419163224187 -1.9269138636500498 1.9200913528039709 177 141 117 0.025554536736047458 31 229 30 226 29 208
1040 3.075631166210834 -1.7339561252573132 2.3596835878549118 37 23 13 0.19449673320168903 31 244 30 246 29 231 28 214 27 226 26 205 25 208 24 198 23 213 22 186 21 200 20 184 19 177 18 174 17 176 16 200 15 197 14 207 13 197 12 214 11 213 10 235 9 206 8 228 7 232 6 255 5 239 4 246 3 227 2 223 1 251
1041 3.3406652404217052 -0.58637403846996961 3.2934846084103349 11 7 5 0.96069096007919919 31 262 30 250
1044 3.1349529353360568 -1.6148891688647975 2.4175630537861545 0 0 0 1.7830664016633024 31 288 34 285
1045 2.9887791677303666 0.22131980974155555 3.6311832129374819 12 9 7 1.5341307771881396 31 303 30 299 29 292 28 276 27 284 24 263
1048 4.1955177234460761 -0.16215293565191768 2.3629565630412026 9 8 5 1.7764850599419986 33 314 32 303 30 308 31 311 29 297 28 283 27 290 26 283 31 313
1049 3.1586896282318819 1.6574017421756619 2.7279613771691738 6 5 3 0.47484035727147117 32 204 31 205 30 198 35 201 34 186 33 222 29 188 28 182 26 167 25 166 27 184 24 167 22 151 21 153 19 133 18 124 17 140 16 154 15 155 14 168 11 112 10 188 8 192 6 219 5 206
1050 2.717116278346952 1.0339709670689763 3.9950511403351152 255 255 255 1.3662984412653094 33 182 34 214 32 189 31 222 30 240 34 262 35 232 31 251 29 179 28 172 27 172 26 157 25 153 24 158 23 161 22 143 20 140 21 149 19 127 18 120 15 147 14 49 13 46 12 165 14 160 11 159 10 180
1051 3.2102914310267847 -2.423599597634011 2.1506003982087751 124 98 74 0.26657125780644658 30 0 29 0 28 0 27 0
1052 3.0600020790696871 -1.7588812913502503 2.4823295743475882 84 59 46 0.26723105188771201 31 26 29 31 28 28 27 76 26 23 24 66 23 16 22 59 20 56 18 40 11 82 7 114 5 76 1 34
1053 3.060231082677046 -1.7596700462329238 2.4826688911078758 84 59 46 0.25901381357987285 31 27 29 32 28 29 26 24 24 67 23 17 22 60 18 41 11 83
1054 3.3792157111236976 -1.612590940225223 2.0032867001834953 183 138 117 0.067814062214950718 30 47 29 39 28 39
1056 4.1254518857417048 1.3619881186794613 2.2504752821106271 78 65 54 0.91928433470487048 37 75 29 71
1057 2.608318545141818 1.3005821275280254 3.6060493449706899 196 139 109 0.37169131272347306 30 77 29 72 28 65 27 60 26 50 25 87 24 56 23 55 22 50 21 47 19 39 18 37 17 47
1058 4.0576507882487052 -1.4648568301695644 2.1278972302849466 240 181 153 0.15425859042121551 31 117 29 100 28 104 27 95 26 78 25 77 24 83 23 39 22 40
1060 2.8348202677468151 1.2262998557531226 3.5661420413823492 38 31 29 1.5564964293093109 30 72 29 123 28 150 26 122
1061 3.0879946944431178 -1.4778014583686914 2.2140572074445357 188 137 118 0.43088528900325773 30 207 29 193 28 198 27 228 26 206 25 211 24 202 23 216 22 193 21 204
1062 3.0996915906801439 -1.4821540615128981 2.2227784954335208 188 137 118 0.48866750584282626 30 208 29 194 28 199 27 229 26 207 25 210 24 201 23 215 22 192 21 203 20 189 19 180 18 177 17 163 16 181 15 186 14 192 13 184 12 201 11 196 10 218 9 210 8 234 7 238 6 236
1063 4.3466059555870187 -0.45679377513133534 2.5137489574247578 36 31 28 1.0920876917602897 30 183 29 200 28 165 26 185 25 149
1064 4.6064363864149396 1.3517160013358263 1.9955956614912849 216 161 120 0.8005609627214525 31 62 29 202 28 170 27 170
1065 3.1765895172724652 -1.7958409491284524 2.6703614906168518 213 165 134 0.27490318734325964 30 205 29 212
1067 4.5975227342499956 1.3294683640645368 2.009267342453926 219 164 123 1.3556933486205835 30 253 29 238 26 218 28 245
1069 3.5915280144733588 -2.2354476570545367 1.8208307709220464 199 160 132 0.66482017093553825 31 272 29 242 28 209 26 188 25 123
1070 3.7512542488703433 -1.4664676031142863 2.0172739530538655 190 147 117 0.49853831157942191 30 270 29 245 28 227
1071 3.1762270166969624 -1.2177435689790852 2.3814470711559945 100 28 24 0.45722244942829299 30 263 29 249 28 230 27 240 26 234 25 230 24 221 23 237 22 217 21 221 20 209 19 198 18 191 17 195 16 227 15 221 14 227 13 224 12 236 11 232 10 244 10 261 9 238 7 271 6 295
1073 2.7509540073879832 0.92296803008204198 4.3318024903133363 204 152 115 1.9443845518733505 30 277 31 285 29 272 28 254 27 263 29 264 26 256 25 263
1075 3.5472905881772063 -2.2091975651975679 2.3085664432263187 246 202 179 1.1699628106343389 30 306 29 295 28 281 27 288 26 280 25 275
1076 4.2973439955549058 -0.19772850102971345 2.4549103050113388 0 0 0 0.78137220432258125 33 311 32 301
1077 3.3886872157265113 -0.50059847051281792 3.203187760573357 227 183 143 1.7096048970947113 30 276 29 263 32 267 31 277 30 274 28 243 27 254 26 246 25 253 24 245 22 239 21 241 19 224
1078 3.3640432757276195 -1.6890831017677133 1.9972461936506256 91 57 44 0.9286815098741984 36 341 35 313 31 298 32 289 30 296 29 287 30 290 32 281 28 272 27 276 26 269 25 267 24 255 23 267
1079 4.1146527954900023 -2.2067845147367873 2.7677963006982624 166 123 99 2.0318509237363735 30 312 29 301 28 288
1080 4.1146527954900023 -2.2067845147367873 2.7677963006982624 166 123 99 2.0318509237363735 30 313 29 302 28 289
1081 3.4612895358322646 -2.3115108594147635 1.8581575157003745 155 120 95 0.12841316266316152 29 10 28 9 27 8 26 4
1082 3.0176039277014364 -1.8333549104869229 2.4750962764251154 197 156 137 0.33081987589831119 29 23 28 19 26 96
1083 3.0572552033536788 -1.8040544517620032 2.4520241416714184 121 73 50 1.1448106178157205 34 90 28 27 27 16 25 11
1084 3.4081471097249847 -0.2199497120369488 2.8511791700590425 232 185 160 1.1404130933963845 31 53 34 58 29 61 27 52 26 43 28 54
1085 3.651633976278843 -0.16377724276448202 2.5622990616874235 28 17 13 0.21943172981010961 29 63 28 55 27 56
1086 3.4274532571848435 -1.8843744782196832 3.0938058116338656 176 100 79 0.62699453487976675 29 46 28 97 27 127 26 133 24 170 23 177 22 158
1087 3.1983789810088359 -1.0978197570449 2.297848868425068 183 138 118 0.22884461457108174 31 49 28 113 27 49 31 48 26 85 25 42 24 92 22 81 21 76 20 45 19 67 18 64 17 37 16 79 15 79 14 86 13 83 12 80 11 63 10 35 9 38 8 50 7 41 6 61 5 37
1088 3.194185492716592 -2.4078102535873041 2.162843250812025 138 104 78 0.45165324624020003 29 126 28 123 26 92 25 90 24 58 23 57 22 51 21 49 20 52 19 40 18 0 17 2 16 2
1089 3.2727813584314753 -1.3934082005746313 2.1108476767391036 208 150 127 0.32722512710626989 29 139 28 134 27 92
1090 3.982294889022882 -1.438251665014308 2.1308500997259987 239 192 159 0.21547134677168553 29 198 28 162 27 158 26 142 25 142 24 144
1091 3.8401651924371798 1.5463182390838335 2.2583043387668891 15 11 12 0.36426521458334521 29 226 28 190 27 199 26 187 25 159
1092 3.0137249787966933 -1.9672727139743833 2.4065284392586221 223 180 158 1.2558624771872382 29 206 30 224 28 212 27 236 26 201 25 204
1093 4.0561675987831007 -1.7683176021575269 2.0410729452471017 107 77 57 1.5175887617164445 29 232 28 215 27 227 26 175 25 130 24 132
1094 3.4641091665860024 -1.0794673776064012 2.5623205857100109 239 187 160 0.24186629805580201 29 281 28 262
1095 4.5955965631117124 -0.080242388438873491 2.0107611712086486 230 183 141 1.008434351928889 29 285 28 267 27 273 26 267 25 254 24 246 23 258 22 241 21 243
1096 4.2612518903339947 0.20812015304251227 2.0407888927721247 240 201 158 2.0071633486418237 30 305 31 310 28 280 27 283 26 277
1098 4.0025976399900571 -1.3801251783864044 2.213079741378845 235 191 159 0.75424505367413452 30 116 29 104 28 140 33 234 32 214 31 215 30 179 27 100
1099 2.5816130264896864 1.3059765307552915 3.6542943414689866 255 255 255 1.7220809610720569 33 216 29 225 28 207 39 251 37 269 36 290 34 264 33 251 32 246 31 255 29 239 34 242 27 216 26 222 25 223
1100 3.0980918168850975 1.5116497990674878 2.735704624374109 255 255 255 1.9380345409832103 29 240 28 238 48 426 47 377 46 426 44 411 45 436 43 381 42 357 41 370 40 324 41 331 39 330 39 345 38 282 37 315 37 327 40 325 36 314 35 291 35 298 35 299 34 293 33 279 33 290 32 271 31 267 36 295 29 266 28 255 27 264 26 225 26 249 25 241 24 214 24 238 23 242 22 210 22 233 21 228 20 224 19 214 18 195 17 190 16 220 15 214 14 235 13 218
1101 3.0503636658474869 -1.7722177307458846 2.3853825179162493 92 54 43 0.46019729322964448 34 27 27 19 26 14 23 10 17 11 15 20 4 24
1102 3.5132029801054188 -2.1597984222558604 1.8111625971181879 198 147 119 0.20909018566327636 28 73 27 68 26 58 25 4 24 7
1103 3.4285816379189753 -1.7088789309609469 3.0718765202996501 210 150 132 0.35949654973741779 28 98 27 86 26 75 25 73 24 79 23 84 22 70 21 66 20 73 19 57 18 56 17 92 16 97 15 69 13 72 12 73
1104 3.3980358442031298 -1.6585148470875684 3.0171003650722703 211 152 129 0.41973277116479785 28 99 27 87 26 103 24 111 23 121 22 101 21 95 20 96 19 58 17 63 15 37 11 52
1106 3.1248047151142648 -1.3463490796668702 2.2159363785110493 152 103 94 0.31549147942523692 28 108 27 90 26 107 25 107 24 113 23 124 22 103 21 97 20 100 18 81 17 97 16 102 15 99 14 112 13 107 12 107 11 97 10 109 9 112 8 117 7 129 6 141 5 131 4 128 3 132 2 131 1 148
1107 2.8993124214915142 1.1085740738778715 3.8027031542996372 54 41 33 0.76495493918517155 28 63 27 108 26 120 24 160 23 186 22 167 21 168 20 176 19 165 18 165 17 172 16 194 15 212 16 218 14 222 13 215 12 232 11 228 10 254 9 254 8 270 7 281 6 279 5 233 4 233 3 244 2 199 1 224
1108 3.4037795807430316 -1.8869689059096941 3.0267776340434791 216 165 142 0.3344000613896933 28 129 27 126 26 134 25 131
1109 4.1834059043937915 -1.5814926107091836 2.0968024932472007 213 134 107 0.74345152694009953 28 159 27 153 24 82 23 89
1110 3.4082401876427073 -1.7002930136740959 3.0115850220163498 144 75 54 0.27895290247961996 28 132 27 154 26 179
1111 3.9224240798701135 -1.3493286303014822 2.1409526177768665 239 194 162 1.3784860358653888 28 163 27 161 26 145 25 143 24 118 23 92
1112 2.8291054782452765 0.67500558477307915 3.7213157231927463 131 102 79 0.43193871058213523 27 167 26 154 19 123
1113 3.1569997189025547 1.6571484765313496 2.7277378793581848 6 5 3 0.43842481020256197 28 183 27 185 26 168 30 199 25 167 24 166 29 189 22 152 21 154 19 134 18 125 17 139 16 155 15 156 14 169 11 111 10 189 8 193 6 220 5 207
1114 3.3721326753497314 -0.86850197055512324 2.3264647009765538 152 107 83 0.19429208303008916 36 64 24 93
1115 3.2484352944135915 -2.4788102088215807 2.2612683096342314 78 57 38 0.30259879582265303 32 235 27 219
1116 3.12617463800771 -2.3776047239406521 2.4459711824048256 158 123 98 0.70735016456157818 30 203 27 220 26 199
1117 3.9530095609665614 -2.2309386281521846 1.9116785533391336 100 77 57 0.4166468665217764 28 210 27 221
1118 3.4311451366564971 -1.5879213607789888 3.0421281466999019 196 136 121 0.43216414983578971 28 217 27 230 26 208 25 212 24 219 23 217 22 194 21 205 20 190 19 182 18 179
1119 3.2993093247536938 -2.3154647200137166 2.0339110518655037 239 193 165 0.11041993557470542 28 251 27 257 26 250
1120 3.5502053934872402 -1.9152736125310887 1.8636592706359567 228 184 158 0.91775267171086261 27 266 26 252
1121 3.2992863300269208 -1.0452979167715193 2.4142232621125101 236 184 158 1.696003117263704 28 261 27 269 26 263 25 259 24 251 23 263 22 244 21 250 20 243 19 233 18 217 17 227 16 254
1122 3.0905144750811053 -1.6892464860085528 2.3627053820493726 185 142 121 1.7125363835883944 37 45 35 46 34 97 31 36 30 46 28 30 27 78 37 96 35 88 34 42 33 93 32 93 31 104 30 104 29 42 28 85 26 64 25 66 24 69 23 19 23 72 22 61 21 58 20 19 20 65 19 21 19 48 18 18 17 16 17 58 16 24 16 68 15 26 15 60 13 22 13 61 10 14 8 28 7 26
1123 2.8601404177511811 1.2800132362179428 3.7801993398458196 182 182 182 1.3509686152550595 29 265 28 246 27 255 30 265 26 247 25 248 24 236 23 250 22 226 31 253 21 227 20 215 19 193 18 187
1124 3.3383214559181802 -1.6430778559043029 2.0613187169477847 139 93 75 0.16665049255829031 28 37 26 28 25 24 23 24 22 23 21 29 20 22 19 24
1125 3.4846466867771149 -1.661912171885185 1.9198092701295606 191 143 116 0.16294460406502678 27 34 26 33 24 35 23 29 22 28
1127 3.1253408316632028 -1.3545846158232009 2.2538059037979146 163 123 105 0.56788726548728352 27 42 26 38 25 36 6 49 5 31 4 36
1128 2.9282582723239816 -0.077942921434119378 3.5113668432322758 26 14 10 0.67106057721250778 27 57 26 46 25 48
1129 3.0970661733373239 -1.3519928687877212 2.1730326500051591 66 6 5 0.18915193016932635 27 44 26 76 25 106 24 114 23 123 22 104 21 130 20 125 18 106
1131 4.0675421699846979 -1.7156812105426462 2.0288286319676008 241 188 164 0.30431180963440962 27 129 26 102 25 99 24 106 23 79 22 69
1133 3.0809902710228463 -1.3868524929134658 2.1945091617263257 179 132 121 0.3796078900071721 28 101 26 106 25 105 24 138
1134 3.2980211381695028 -1.6288260540402244 2.0909896758944146 217 171 142 0.26087842860036375 27 149 26 129 25 127 24 103 25 96 23 112 22 65
1135 3.1286544519994415 -1.4036224482856907 2.3043388378849929 165 115 93 0.24481425509377019 27 130 26 138 25 135 24 176 23 179 22 161 21 163 20 173 19 160 18 158 17 167 16 185 15 189 14 197 13 186 12 203 11 199 10 220 9 215 8 241 7 244 6 266 5 249 4 256 3 262 2 228 1 256
1136 2.8808967868424653 1.1496084894175789 3.7699580613736527 54 41 33 1.0784895357178825 27 141 26 159 25 155 24 180 23 187 22 179 19 189 7 258 6 280 4 237 3 245
1137 4.1571127718811756 1.4611198290814329 2.2379809057493567 114 90 70 0.44768888414327063 27 177 26 160 25 156
1138 2.7741351928427278 1.2103990774821474 3.4536469306106827 36 30 28 0.47069367034381659 28 149 26 162 25 183 24 181 23 188 22 168 21 189 20 177 19 166 18 166 17 173 16 195 15 195 14 204 13 193 12 211 11 206 10 226 9 223 8 253 6 282 5 266 4 265 3 269 2 268 2 291 1 287
1139 3.4289698055916769 -1.9375347229085715 3.0660055891835505 159 83 61 0.74212394568595086 27 190 26 176 25 171 24 186 23 195 22 172 21 177 20 169 19 156 18 155 17 161 16 164 15 123
1140 3.4262452754119166 -1.6672126829996119 3.087403570970233 197 130 109 0.3917802658311933 27 155 26 181 25 176 24 175 23 201 22 177 21 183 19 181 18 178
1141 3.5361157424124423 -0.91870374981827896 2.2981786353167735 167 129 101 0.1758073109110613 27 241 26 213 25 196
1143 2.8641315547200241 1.377834504667766 2.7580668626385361 13 10 8 1.2691908755381887 33 187 26 223
1144 3.0200674842429129 -1.9077218693437816 2.2152897725800358 242 199 176 0.22934149323720016 27 237 26 230 25 227 24 216 23 233 22 215 21 218 19 195 18 188 17 193 14 225 10 233 9 228
1145 4.4334733733454934 1.3924239207276681 2.0158975643559591 255 255 255 0.68387652007226007 28 233 26 236 25 218 23 225 21 213 20 202 19 188 16 146
1146 4.4279379014590399 1.3938400181070729 2.0135867710312683 255 255 255 0.37404977120246968 28 232 26 237 25 219 23 224 21 214
1147 3.9432262482205549 1.6192920567166778 2.1800725800821761 0 0 0 1.5789737034027103 27 235 28 247
1148 3.068956181448927 -1.7510815805827598 2.3880212427411029 71 54 42 0.20885662833848623 27 259 26 254 24 239 21 238 20 229 17 210 16 244 15 237 13 244 12 255 10 278
1149 3.4810010499351272 -0.58534536586220665 3.5138677773788602 6 4 2 0.79444534475662076 27 262 26 255 25 246 25 251 24 243 23 256 22 238
1150 3.6794023112397896 -1.615517910716094 2.0636006245885472 234 183 149 1.1143090583740642 27 267 26 260 24 249 23 254
1151 3.3235710321612659 -1.6583444705123833 2.9130332889148089 171 105 85 1.8997046702279234 27 268 26 272 25 270 24 261 23 273
1152 3.06220197472694 -1.7662849266642149 2.2999584032885823 154 109 84 1.1577185101249934 26 274 25 272 24 260 23 272 22 251 21 257 20 251 19 237 18 226 17 236 16 263 15 260 14 270 13 269 12 286 11 278 10 306 9 296 8 316 7 336 6 376 5 348 4 351 3 349 4 345 2 344 1 361 27 287
1153 3.2420342135225573 -0.40698194978843522 3.4112516891126274 0 0 0 0.67773219285060804 35 315 37 343 36 343 34 318
1154 3.6462951488294073 -1.1416410311001721 2.6924304264544334 228 177 150 1.7155426149746442 26 285 25 280 24 271 23 282 22 261 20 264 19 250 18 239
1155 3.1641375635736058 -1.6613359272918626 2.1193545722892306 245 201 173 1.1289140817103338 31 258 30 260 29 243 28 226 26 243 24 240 23 252 22 234 21 230 20 216 19 205 18 198 17 203 16 225 9 231
1156 3.2185884507284457 -2.3697808549892563 2.0697956251261678 145 108 83 0.44034245690015561 26 1 25 1 24 0 23 1 22 52 21 51 19 1 18 2 17 3 16 3
1158 3.0718891278218794 -1.7174199255339671 2.3891662677290171 84 62 49 0.27335747484794665 27 26 25 20 23 18 20 18 19 13 13 15 26 63
1159 3.4400155036873246 -1.7642673776539195 3.0668217203359447 162 106 83 0.27897484536935085 27 39 25 31 24 37 23 81 20 34 19 55 18 25 16 72 14 27 13 29 12 34 11 20 10 20
1161 3.2427110873094813 -1.1623739335991659 2.2084936209622859 207 108 106 0.100527077134729 29 54 25 40 20 41 17 31 16 43
1162 2.9097958626421927 1.2505004885658135 3.8722378550368681 255 255 255 0.15930757304682219 27 58 25 53 24 55
1164 3.0527308196882101 -1.7643394811522572 2.4270416147781626 77 46 34 0.47288943838266062 28 84 25 62 11 43 12 19 10 65 9 61 3 25 2 21
1165 3.3521167030632846 -1.6021337293942488 2.0396194680889499 178 126 98 0.18296120502306026 31 106 25 70 22 67 20 68 19 29 18 22 17 24 16 36 14 25
1167 3.447279211235057 -1.7438058393001707 3.1199810800386576 206 135 116 1.832312058417227 26 74 25 102 24 110 23 120 22 98 21 92 20 122 19 115 17 120 15 128
1169 3.2290517144107191 -1.1056119872489003 2.2310902366418519 183 106 93 0.20930121797980933 30 181 25 147 24 146 23 183 21 137 20 132 19 119 18 112
1170 2.770905481333219 1.2116907737637217 3.453237141166098 36 31 29 0.11950785646777008 26 163 25 184 24 182
1171 3.6189229703027888 -2.135962877279288 1.8183294641594274 224 185 158 0.41905767620249268 26 200 25 186 24 168
1172 3.3712927290772536 -0.91838336289475875 2.26166429879608 229 177 153 0.40256532178425719 26 212 25 195 24 193 23 204 22 166
1173 3.5512848580018854 -0.92291018636983002 2.3077763003132805 162 119 94 0.1299300457038868 26 214 25 197
1174 3.0201624360434067 -1.8612785982556375 2.4053714973247473 212 166 145 0.046745703042546993 26 203 25 205 24 195
1176 4.3672454732976842 -0.12168606640059759 2.1538701422587589 233 190 150 0.4304208221316283 28 231 25 231 24 224 23 222
1178 3.4826423879680122 -1.1939525847875685 2.8831927968855675 159 115 87 1.5039574701124014 26 262 25 258 24 250 23 270
1179 3.4843605984584722 -1.4934199802618648 2.1322949381137004 241 191 167 1.1475612142039706 26 275 27 281 25 273
1180 3.9590140569523884 -2.0720849896349312 2.6812547896381238 162 121 97 1.5857504278288184 26 288 25 284 24 275 23 286 22 264 21 271 6 390 5 358 4 359 3 367 2 360 1 376
1181 3.9911617420527667 -2.0926329959903365 2.6978082776151444 162 121 97 1.7082216661048075 26 289 27 295 25 285 24 276 23 287 22 265 21 272
1182 3.1035322284288114 -2.3475542353435808 2.356949974323137 201 154 129 0.11618124666744971 25 2 24 3 21 5 20 4
1183 3.3698355557004001 -1.7059416217232466 1.94221580824948 137 90 64 0.028113874048612795 27 22 24 21 23 13
1184 3.1635193930930812 -1.1776963112545353 2.3258958239029344 187 97 92 0.2390351365143438 27 48 24 45 23 44 21 39 17 30 12 42
1186 2.5967606441270794 1.2980822892613302 3.5952284530782688 197 140 110 0.23750149052488681 25 88 26 51 24 57 23 56 21 48
1187 3.2471750511982638 -1.7711883915734803 1.9529832786508938 121 83 63 0.16396857099997525 25 60 24 61 23 61 20 10 19 9
1189 4.1681711837209017 -1.4988322792910396 2.1216161467086758 217 144 120 0.37930757264895959 26 110 24 84 22 39 21 38
1192 2.8467241483544208 1.2081635218996656 3.6871327298972165 50 75 41 0.31170174784455312 25 120 24 121 23 165 24 161 22 147 21 152 20 160 19 151 18 147 17 154 16 177 15 175 14 203 13 192 12 210 11 209 10 228 9 225 8 255 7 259 6 281 5 265 4 264 3 274 2 241 1 265
1193 3.3787682368693215 -1.6595290099846371 2.9676193995899647 162 93 70 0.34236260289290277 25 133 24 134 23 146 22 126 21 160 20 152 19 141 18 135
1195 3.3918287577498427 -1.5433712811909199 2.9371475729862899 212 157 136 0.17551944338745176 25 140 24 143 23 150
1196 4.0683986534126104 -0.79487977296347101 2.4969231268930603 207 162 120 0.43209750537242914 25 148 24 149 23 152
1197 4.622776890947236 -0.24014027308007121 2.2454644902992174 226 179 140 0.23085768264455148 25 151 24 151
1199 3.3355874283669733 -1.7462221931903172 1.9125743860687219 199 153 126 0.69110113809736484 25 188 24 185 23 191 22 169 21 173 20 168 19 155 18 154 17 160 16 163 15 160 14 171 13 127 12 97 11 46 10 18 9 20 8 34
1200 3.4165297452971499 -1.8598203729694569 3.0276893279468595 224 173 147 0.24149126631584528 27 191 24 187 23 196 22 174 21 179 25 172
1201 3.5329657669803702 -0.46971033853712268 2.8834077615854037 219 168 128 0.18371441076409598 26 216 24 208 23 220 21 212 19 186 18 184 17 187 16 214 15 210 14 220 13 211 12 228
1202 3.2924334050949802 -0.53277191625083731 3.6645304503535545 20 15 13 1.5887243414199195 25 247 24 223 23 221 23 249 22 222
1203 3.4315412101592102 -1.7226592423884501 3.0542983605075227 159 95 74 1.0441777031426831 25 245 24 233 23 245 21 239 20 231 19 220 18 206 17 225 16 247 15 248
1204 4.4436391016528205 -0.41823922662343882 2.3827842054120287 255 255 255 0.19842423407310855 25 252 24 244
1206 3.6647704419636824 -1.1441680595010622 2.6988854725211908 227 178 152 1.4470701147330616 25 281 24 272 23 283 22 260 20 263 19 249 18 238
1207 3.6197204568928982 0.7079560000781816 2.9020272477439075 0 0 0 2.1352507390896762 34 329 35 330 36 361 37 363 33 320 32 309
1208 3.6197204568928982 0.7079560000781816 2.9020272477439075 0 0 0 2.1352507390896762 34 328 35 329 36 360 37 362 33 321 32 310
1209 3.3050291313627902 -1.6747195870425562 2.0573836828249759 182 135 112 1.5139947701048049 33 87 30 38 29 35 28 32 27 28 26 26 25 22 24 29 44 63 41 48 40 43 39 60 38 53 37 48 36 44 35 37 34 34 33 36 32 34 29 34 28 33 21 17 21 26
1210 4.1714864604372766 1.2315721833387232 2.1976060192404328 99 75 57 0.25715589990162957 36 121 35 110 34 122 33 119 32 121 29 118 28 117 24 95 25 51 32 191
1211 3.1693141296714296 -1.3293487315632544 2.1414668107949533 228 178 164 0.48874259317723401 27 131 25 108 24 115 44 240 49 214 48 219 50 151 47 191 46 223 45 264 43 220 42 203 41 218 40 205 39 201 38 186 37 193 36 195 35 178 34 172 33 169 32 173 31 179 30 178 29 170 27 159 25 139 23 86 23 148 22 74 22 129 21 35
1212 4.57476874940913 1.3264537455597387 1.9975771093043686 221 165 126 1.0684329546318621 28 244 25 233 24 209 29 237 26 217 23 223 27 243 22 205 20 200 18 164
1213 3.2309974017625192 -2.4064648882395914 2.0919961544497374 90 65 44 0.17610019684948849 24 59 23 0 20 1
1214 3.0348590847395913 -1.9139390309204909 2.5330087642981391 193 155 132 0.68106098970789208 24 11 23 6 22 54 24 10 21 54 19 81 17 82 16 89 15 90 14 97 13 94 12 95 11 80 10 95 9 102 8 106 7 113 6 126 5 118 4 113 3 120 1 137
1215 3.4684529907983013 -1.7323301689058754 3.0251247213744916 202 143 120 0.38256161480716055 24 41 23 32 22 100 21 93 20 94 19 89 18 77 17 93 16 99 15 97 14 109 13 105 12 105 11 95 10 107 9 71 8 83 7 70 6 44 5 28
1216 3.1099552380153468 -1.3323493494559566 2.1688816575653176 153 97 87 0.27859479882837468 25 37 23 34 22 34 21 67 20 75 19 33 18 58 17 64 16 73 15 70 14 74 13 31 12 37 11 22 10 75 9 29 8 42 7 34 6 54 5 32 4 37 2 42
1217 3.104554724017119 -1.7448927424596181 2.2891325923022867 178 133 113 0.11483554155720253 34 30 23 66
1218 3.104554724017119 -1.7448927424596181 2.2891325923022867 178 133 113 0.11483554155720253 34 29 23 67
1219 3.0988829476969131 -1.7135719316129159 2.3463657927881005 83 66 51 0.11488079354343543 24 68 23 71 16 63
1220 3.4182515421739414 -1.805491150359424 2.9914484843299842 211 169 143 0.39891578482196688 24 76 23 82
1221 4.1602844085178416 1.474468574148682 2.2909511306730801 66 57 48 1.9141686765205344 24 96 23 100
1222 3.1211906825375273 -2.1942965087381765 2.6207759844293745 175 137 116 0.28423105192633025 24 60 23 107 22 86 21 80 20 86 19 79 18 93 17 113 15 120 10 197 7 206
1223 3.2529716067045911 -2.0063617615793001 2.8172396631738792 132 104 84 0.18707321801457469 24 100 23 109 22 119 21 118 20 110 19 138 18 129 17 144 16 161 15 159 14 170 13 162 12 177 11 172 10 214 9 205 8 227 7 230 6 253 5 218 4 243 3 221 2 217 1 246
1224 3.4615473628879059 -1.8507093804596801 3.1249906029098042 191 119 98 1.1740690250772017 24 107 23 116 21 125 23 143
1225 3.4339587553584558 -1.8045736900068194 2.9762724989725164 99 41 25 0.21044475372231342 24 77 23 118 22 94 21 127 20 119 19 112 18 132 17 145 16 168
1226 3.0989559629630046 -2.1926394918692793 2.5763835080984272 155 115 91 0.14245086717071906 24 97 23 138 21 116
1227 3.4891367826947861 -0.63594068630263412 3.4823579492054737 13 9 8 0.24989457578411267 24 150 23 153 20 138 17 130
1228 4.5481861645080395 -0.22128416768652617 2.1738641289629523 224 177 137 1.0109955484991338 24 152 25 198 23 154 22 137 21 142 20 139
1229 2.8574518284229695 1.2494388036708277 3.8183447536067012 255 255 255 1.0066217787745866 26 161 23 167 21 151 20 142 14 93
1230 3.4231469881045733 -1.8571601242365321 3.0305610498925653 225 173 147 0.29123310513806233 24 188 23 197 22 173 21 178 20 170 19 179 20 188 18 176 17 179 16 203 15 200 14 211 13 199 12 217 11 217 10 239 9 233 8 258 7 261 6 284 5 271 4 275 3 276 2 274 1 295
1231 3.5249633651975678 -1.1099929875237207 2.9066763256527253 196 150 113 0.89212734993419929 24 206 23 218 22 220 21 223 20 211 18 200
1232 3.6187591353178208 -1.927304614529082 1.9010190409228509 233 193 167 0.41930539439454823 24 230 23 234
1233 3.6851208051359459 -1.6529289100217326 1.9876933465352742 230 182 147 0.48486494000859032 24 231 25 244 23 235 22 189 21 180
1234 2.767755909088347 1.1776785431307164 3.869875989041522 184 142 117 1.2515764794899784 24 225 23 241 22 225 21 226 20 213 19 204 18 193 17 200 16 219 15 213 14 202 13 177
1235 4.2425755028149545 -0.37315170737540115 2.4522642929386596 19 15 10 1.99929785776642 24 222 23 248 19 202 22 203
1236 3.1794059364318588 -1.667482325155824 2.1215449758385834 246 201 176 0.99922492632152016 24 241 23 253 22 235 21 231 20 217 19 206 18 197 17 202 16 224 15 219 14 226 13 222 12 216 11 216 10 238 9 230
1237 3.8080599972792073 1.7135495822441857 2.3632767559330752 10 8 6 1.7832315206697638 23 260 22 231 21 244 20 226 19 215 18 204 17 209 16 234 15 234
1239 3.2657464836737451 -0.45776638267531256 3.467079794488571 0 0 0 0.29291693404642161 38 316 39 358
1240 4.1571623077896103 -0.10797929451295774 2.3639574926934337 9 7 4 1.3048588242217354 24 268 25 278 23 279 22 258 21 266 20 260 19 248 18 234 17 239 16 269 15 266 14 274 13 272 12 290
1241 3.4898780061883934 -2.0796032632940724 2.7468975833642535 198 154 136 1.6642601198803346 24 269 23 280
1242 3.4549264675598308 -1.8512483430329754 1.9845219610217686 0 0 0 0.69923194828841972 31 317 32 307
1243 3.4549264675598308 -1.8512483430329754 1.9845219610217686 0 0 0 0.69923194828841972 31 316 32 308
1244 3.4363545236379509 -1.7746348876814089 3.1171507405825949 199 126 105 1.9116017802313461 27 41 25 33 23 80 27 38 26 36 25 72 21 91 20 93 16 126
1245 3.9017820718673373 1.6421072513197457 2.29332534025023 60 58 59 0.55885584802220922 28 152 25 89 23 53 35 200 32 223 29 185 28 179
1246 3.064992924743914 -1.7714632553975342 2.2952361426547689 103 59 40 1.6547729536891649 29 26 25 14 24 19 23 63 38 44 37 35 34 28 33 30 29 25 28 22 26 15 25 61 24 16 22 55 21 15 20 14 20 57 19 14 19 43 18 15 17 54 15 23 13 16 12 22 12 62 10 11 9 16 8 25
1247 4.3575634370205059 1.7441797559383583 2.0732394024651786 216 162 126 1.0258212990478082 25 161 24 163 23 169 44 274 46 312 43 301 42 234 41 334 40 229 40 313 39 256 37 213 36 217 35 204 34 188 33 190 32 203 39 308 31 204 30 196 29 187 27 183 25 122 21 111
1248 3.0388001155004103 -1.7723034841869789 2.4392420372251147 138 97 75 0.57273586018340217 24 14 22 7 21 12 18 10 11 10 16 16
1249 3.3632951257892136 -1.9174559583922468 2.9950814074671719 141 72 53 0.27566078173692049 23 31 22 17 21 24 19 17 18 17 16 22
1250 3.5710951555337025 -0.14890193248230216 2.6321174047903488 25 16 14 1.5393942754572325 27 55 30 65 22 43 20 47 17 39 15 46 12 50
1251 3.1235814775394561 -1.3290562333393858 2.1430533934473308 140 77 67 0.34288063326693441 23 127 22 73 21 68 20 37
1252 3.1199919073588833 -2.1215756690153662 2.6341111104683135 174 137 114 0.30027436927602869 23 108 22 87 21 82 20 88 19 80 18 73 17 80 16 87 15 89 14 55 13 91 12 93 11 79 10 93 9 55 8 65 7 61 6 75 5 63 4 63 3 65 2 70 1 79
1253 3.3954230458429961 -1.7611571640330963 2.9306829317059044 223 174 143 0.54384098595613561 23 83 22 96 21 128
1254 3.1222680411762069 -1.469055265999627 2.2842636401902174 192 140 119 0.23382614600042714 24 108 22 97 20 121 18 103 16 128 15 130 14 136 13 134 12 141 11 130 10 108 12 106 9 150 8 115 8 162 7 125 6 138 5 128 4 124 3 131 2 128 1 146
1255 3.5121653407443976 -1.3453226462163195 2.9729650838521486 192 143 112 0.24555422476662375 23 96 22 109 21 136 20 131
1256 3.3421769519393933 -0.88937050866075817 2.2906917570334757 207 152 130 0.10806666742141786 23 132 22 112 21 104
1257 4.2604913236464341 -0.4312702995903327 2.4691014474398507 40 34 32 1.8758968765453925 25 43 22 113 21 141
1259 3.4451464400741192 -1.5551428313917366 2.9629289504882115 212 158 136 0.60956586425160508 23 149 22 130 21 132 20 155 19 144 18 159 17 168 16 207 15 202 16 187
1260 4.3670070975612365 1.4871600745927347 2.0548054134573226 222 170 133 0.26630636561565119 25 157 22 142 21 148
1261 3.384752324439297 -1.5858370043459664 2.913552567746164 178 130 104 0.25774525901421863 24 136 22 160 21 162 20 153 19 142 18 137 17 148 16 171 15 165 14 177 13 168 12 184 11 198 10 219 9 214 8 240 7 243 6 265 5 248 4 255 3 261 2 259 1 278
1262 3.5398416586665529 -1.5114816789132433 3.0017759768288617 116 81 64 0.72374388916535826 23 151 22 164 21 184 20 191 21 207 19 183 18 189 17 206
1263 3.4543484249345773 -1.650699449099676 1.9386354331036524 117 82 66 0.062105489027085646 23 194 22 171 21 176
1265 3.8829296306977024 1.721732099515048 2.3314624532352308 13 11 9 0.324798759327034 23 207 22 181 19 171
1266 3.351911708913212 -1.7120639640151463 2.8615478997683992 176 127 101 1.4661153790438475 23 199 21 159 20 150 19 158 18 136 17 181 16 183
1267 3.3596480175475119 -1.1057786217726935 2.169312274779382 234 189 161 1.4687018089909909 23 247 22 219 21 222 20 210 19 184 18 182 16 190
1268 2.7594235669784846 0.87186170267333041 4.3330268303635844 184 136 98 1.951770857372475 23 266 24 257 22 248 21 255
1269 3.2385013517438486 -0.9266118724777388 3.2437501929512509 0 0 0 0.92616442419162315 32 305 33 316
1270 3.1264011788612609 -2.3804872483667658 2.3988764385170178 190 151 128 0.4082302428550591 24 2 21 4 20 3 17 1 16 1
1273 3.4624143924062873 -1.8057392499553266 3.0191802046648402 202 158 134 0.35315752176538151 24 38 21 64 20 33 18 57
1276 3.3881159419305691 -1.6223704792762033 2.9505230715172024 221 167 142 0.12696378391098073 22 102 21 96 20 99 19 93 18 80 17 95 16 101
1277 3.1106716829149104 -2.2018262316836457 2.5830729658342593 154 114 90 0.67649420366704971 22 118 21 117 19 105 18 89 17 110 16 159 15 157
1279 3.1335556232951807 -1.3142137039789126 2.1777695111959918 133 77 63 0.34876278474867134 22 163 21 131 20 126 19 118 18 107 17 122 16 131 15 132 14 141 13 136 11 98 9 113 8 120 6 142 7 132 5 132 4 129 3 133 2 89 1 103
1281 2.9146985155235976 0.9702731375186795 3.8051269037328304 8 4 2 0.39081238031617327 23 159 21 147 18 117 12 161 10 176
1282 3.3054239713266491 -2.5425982090652912 2.4769569374229796 69 51 34 0.83988095171243826 24 123 21 155 20 84 19 104 18 87 17 105 16 156 15 179 13 120 12 118 10 136 9 132
1283 3.3868504521625398 -2.3916606354483649 2.8533069041861614 60 43 28 1.0631989347015902 23 137 21 156 20 147 18 127
1284 3.900618370764195 1.6859861868876085 2.2782602912243028 255 255 255 1.2573385381759856 22 182 21 169 20 161 19 128 18 122 19 100 17 138 16 149 15 154 13 160
1285 3.0077910257200813 -1.8669624523294077 2.2729693265188837 136 96 74 0.2430815042949509 25 187 21 172 20 165 19 152 18 151 17 157 16 178 15 180 14 188 4 221 3 224
1286 3.3638853058070284 -1.7207853221263332 2.9210042988509981 225 181 153 0.33133374876186322 22 175 21 181 20 171 19 157 18 156 17 180 16 204 15 201 14 213 13 201 12 218 11 218 10 241 9 235 8 260 7 264 6 287 5 274 4 278 3 279 2 253 3 255 1 276
1287 3.4447720572536613 -1.9463298956188841 3.0682715792817712 161 85 64 0.14472104088316115 22 188 21 202 20 187
1288 2.8190233933420128 1.1909317969565829 3.8043843415446785 30 20 16 1.3929690620665176 19 192 18 194 17 201 16 233 15 231 14 233 13 229 12 240 11 239 10 267 9 270 8 284 7 282 6 314 5 289 4 296 3 273
1289 3.1615087936104582 -1.6084239978657602 2.7368055815608709 174 126 99 0.29936031489440218 22 191 21 219 20 218 19 207
1290 4.2121184607176199 -0.32457255385758244 2.4382665216618618 13 11 7 2.0438949526731545 23 257 21 242 18 209
1291 3.4158651912011786 -1.2464965351090969 2.8815199830886566 160 112 78 0.83709821048875166 22 236 21 249 20 248 19 239 18 228
1292 3.3601724137873874 -1.6686045263962082 1.9827751647148582 120 73 57 1.7100893615088906 23 268 21 252 20 247 19 232 18 214 17 224 16 251 15 238 14 248 12 245 11 231 10 258 9 209 8 210 7 121
1296 2.9262732477817126 -0.12792616393647951 3.6642746400347281 238 198 154 1.5506825028557301 22 256 21 263 20 257 19 245 18 235 17 240 16 270 15 267 14 277 13 274
1297 2.9205522458037785 0.26563089704222154 3.5409766861048499 13 7 6 2.1637680927337404 22 254 23 276 21 264 20 258 17 241
1298 4.423259244860354 -0.76850952273186279 2.2862214089667772 255 255 255 1.6133844690051482 22 263 23 285 21 270
1300 3.0782137003485728 -1.3998109641206591 2.2310291387338621 194 144 127 1.2923478569233133 23 200 22 176 21 182 28 100 27 89 26 105 25 104 24 137 25 136 23 180 24 177 22 159 20 172 19 159 18 157 17 166 15 188 14 194 12 202 11 197 9 211 7 245 4 257 3 263 1 282
1301 3.3193049062895477 -1.6922349636782998 2.0370108641378 80 57 46 0.30488720410058512 22 11 23 12 34 33 31 28 19 15
1302 2.6820013129632536 1.109084532528134 4.0487160623261067 255 255 255 1.6966348251454328 32 279 31 290 29 286 28 268 27 274 26 268 25 264 24 258 23 271 22 249 21 259 26 278 23 275 20 254 19 242 18 231 17 243 16 266 15 263 14 275 13 275 12 291 11 282 10 309 9 303
1303 2.851102476336401 0.76031379636402452 3.7336108476840781 8 5 3 0.40378658437589182 27 168 19 124 18 116 9 173 8 179 7 188 6 209 3 195 2 193
1304 3.8258342414020357 -1.755542982388824 1.8655179025522728 255 255 255 1.6696449692450068 22 243 17 178 16 202 21 253 15 185 14 107
1305 3.1075614464068821 -2.1357399894714435 2.6307344753865669 139 102 82 1.7389859434968855 21 9 20 6 19 7 18 8 17 7 16 12 15 13 13 7 12 13 11 5 9 11 8 10 8 11 7 13 7 14 6 19 3 12 1 18
1306 3.0320445401756735 -1.8472889884270225 2.1895637711408993 153 111 87 0.072896198833313081 26 8 20 7 18 9 13 12
1307 3.2084363072942566 -1.1526688755941688 2.5998937683540637 167 123 104 0.17139324281153259 21 40 20 43 18 30 17 35 16 78 15 78 14 85 13 82 12 45 11 62 10 78 9 81 8 49 7 86 6 60 5 36 4 89 3 45
1308 2.9298881337284208 1.0613146787592547 3.844237087685678 52 38 30 0.4094108645214104 23 51 20 51 18 34 17 46 16 51 15 50 14 48 13 45 12 90 11 37 10 46 9 93 8 96 7 93 6 113 5 104 4 102 3 109 2 52
1309 3.1986373362946638 -2.2207389989694803 2.7336780326958197 116 89 69 0.42075007776867779 21 53 20 54 19 42 18 39 17 49 16 58 15 87 14 96 13 55 12 59 10 57 9 54 8 62 7 59 6 74 5 59 4 61 3 9 2 64 1 12
1310 3.0419191299142909 -1.7788237914689258 2.4100864527864045 156 111 91 0.30491475079605429 23 9 20 55 16 18 15 19 14 11 12 18 9 15 7 21 5 18 4 23
1311 3.3216763763330541 -1.9073192505540109 2.9181188291186793 115 78 59 0.54676334583799313 21 57 20 64 19 85 17 86 12 133
1312 3.441616122223166 -1.7535244885173276 3.0315652114882026 157 101 83 0.41842615127529831 21 65 20 70 19 56 17 62
1313 4.0677200359351309 0.5189779609599281 2.0258754678043438 221 175 132 1.5365162646411168 21 77 20 81 19 69 18 33 16 145 15 145 14 157
1314 2.0993998098718736 0.49173946947991753 1.6636383144256006 167 122 85 1.3790571344063323 33 180 20 82
1315 3.1192751338545461 -2.1914750593642007 2.6206576702863282 175 138 117 0.26061594582279196 21 81 20 87 19 78 18 92 17 112 16 119 15 119 14 131 13 124 12 127 11 116 10 196 9 138 8 148 7 205 6 169 5 162 4 159 3 158 2 154
1316 3.4117720295644554 -1.6573814084358687 3.0640938019401256 172 104 86 0.28780204780275914 25 35 20 97 19 91 18 78 17 94 16 129
1317 3.1729556681311633 -1.1890533234821308 2.4118899413093873 205 145 126 0.12665217326411082 23 128 20 101 19 94 16 104 14 117
1318 3.4239352423058489 -1.9678053560989295 3.1067124023234198 255 255 255 0.57765463682975682 23 174 20 112
1319 3.3056411742362068 -1.1366415846364186 2.1917737692031816 211 115 108 0.20108998618303645 22 132 20 129 17 101 16 107
1320 3.6607781172153158 -0.67000264244896413 3.6280411936230665 8 6 4 0.21929679142410621 21 140 20 137 19 121 16 144
1321 3.4059401341402853 -2.4070975792267015 1.9599753055314773 84 63 41 0.16600798396973498 21 171 20 146 19 135
1322 3.3940391303534949 -1.752217988469438 1.8802411098243834 221 174 145 0.60273841981591647 21 174 20 148 19 107 18 98 17 84 17 117 16 92 15 59 14 62 13 19
1323 3.9780537116221608 1.7044089134846097 2.2977774417087575 255 255 255 0.40961716238423196 21 170 20 162 19 129
1324 3.3101327708718267 -2.1447420076403052 1.8418698143858487 236 188 160 0.10936328416555731 21 195 20 164
1325 2.7748217016899224 1.2099601318601856 3.4535466700907378 33 26 25 0.48714259647334973 21 190 20 178 19 167 18 167 30 73 17 174 16 196 15 196 14 205 13 194 12 212 11 207 10 227 9 224 8 254 6 283 5 267 4 266 3 270 2 269 2 290 1 288
1326 4.1394252083266529 -0.3536636077442315 2.5176409077572659 226 182 140 1.7654325409244587 21 225 22 202 20 198 19 187
1327 4.4581443847935951 -0.48263362077570865 2.6399477089890624 0 0 0 1.3478499290741235 27 137 29 57
1328 3.5385181321263151 -0.94938645209272909 2.747231773194085 176 141 109 1.1034190482749295 21 224 20 221 19 211 18 202 17 208 16 239 15 230 14 244 13 235
1329 3.710653822379439 -0.86200452544597217 2.5029896356474106 228 191 154 0.90920093875499064 20 222 19 212 18 203 17 197 16 231 15 223 14 218 13 189 12 190
1332 3.1651547731094976 -1.4926630342843894 2.1002287966533864 233 182 160 0.93924491479454697 21 248 20 239 19 229 18 215 17 212 16 246 15 240 14 237
1335 3.6476747869323738 -0.39030173280489805 2.7872447532108282 234 185 143 1.5169379321974013 25 276 24 266 23 277 22 257 21 265 20 259 34 322 33 310 32 300 29 298 28 284 27 292 26 284 25 279 24 270 23 281 22 259 19 247 18 236
1336 3.0254153671755368 -0.46628578441346041 4.0850550766353173 206 155 121 0.74967013716324438 24 179 20 159 19 150
1337 3.1609489455911071 -2.1278758793120165 2.3636241552772876 225 183 158 1.8777980240389474 21 256 20 249 19 236 18 225 17 234 16 260 13 267 15 258 11 276
1338 3.4700686050198217 -2.3095330812617738 1.8802970878370113 206 158 134 0.91879150263705578 20 53 19 2 18 5 17 4 16 8
1339 3.1787597935324783 -2.3269619678424918 2.637440933084152 125 95 72 0.20615761449297548 21 8 19 3 18 7 17 5 15 7 14 2 13 5 12 7
1340 3.1701556606824082 -2.2875540783969925 2.6504410356808519 99 71 50 0.41579687116402764 22 4 19 5 12 124 15 118 10 140 9 137 8 144 6 166 5 159 4 155 2 153 1 175
1341 3.2614040094418271 -2.2420910462205801 2.8221782435452019 51 30 15 0.32396325880489413 20 5 19 6
1343 3.2008234715527433 -1.1561529874911378 2.5829175667812692 193 150 132 0.20409491623626891 20 44 19 36 18 29 17 36 16 47 15 43 14 39 13 36 12 46 11 28 10 34 9 37 2 46 1 62
1344 3.3444046232535527 -2.5387005915839373 2.5485017709684135 146 116 93 1.8418706404221383 20 2 19 41 21 3 18 1 17 0 16 0 15 0 3 0
1346 3.4319642652892641 -1.8086488047216109 3.0300291754474609 160 102 78 0.25185036698165053 20 69 19 54 18 54 17 60 16 33 15 32 14 20
1347 3.255576117013061 -1.3783237245749773 2.0949798183062871 231 182 157 0.6178253891830322 20 39 21 98 19 59
1348 4.1245517863885865 0.4982457084033689 2.0483445367196982 21 12 10 0.70836745890293862 19 68 17 41 15 144 14 156 13 152
1349 3.4058281711744618 -1.6055004719653823 3.0409885116202942 210 149 130 0.086176968608896398 20 98 19 92 18 79 17 96
1350 3.3594397742346533 -0.9158144777702425 2.2578007347569038 230 178 153 0.20690452738269563 20 133 19 98 18 67 17 73 16 48
1351 4.0680541766425602 -0.38917692710907381 2.4205501197201249 26 20 16 1.7246992980008298 20 79 19 122
1352 3.1667364311081587 -2.4059654644993542 2.5568558849066338 158 123 98 0.70514756060074157 21 115 19 136 18 126 17 141 11 190 10 211 9 202 6 221 5 208
1353 3.4217854781712442 -2.4681806566850151 2.836898011150649 75 58 43 0.21294322703999005 20 107 19 137
1354 3.2409381219299358 -2.0529253853862297 2.7996920560821144 102 77 58 0.25458073309999735 20 166 19 153 18 152 17 158 16 179 15 181 14 189 13 180 12 198 11 193 10 213 8 226 7 229 5 235 4 242 3 252 2 246 1 270
1355 3.4548038845270699 -1.8129768457810078 1.8711746293446365 143 107 81 0.57604155490744646 20 167 19 154 18 153 17 159
1356 4.1818997903600312 -0.35629124331043627 2.5006401623847001 225 182 143 1.8109575629517842 20 157 19 163 18 163 17 171
1357 3.5802742534648186 -1.9996491212530283 1.8533549580717945 226 176 148 1.0833065384373575 20 206 19 175 18 172
1358 2.8834995453783101 1.3954489883161179 2.9957158859043007 8 7 5 0.37293193681482828 22 209 19 194
1359 4.389593706834674 -0.37383378143672652 2.3769173456887343 255 255 255 1.1879373982814803 20 212 19 201 16 216
1360 3.1534661984112469 -0.46075897210753392 3.6415586003703879 237 193 159 0.49321462314271469 20 199 19 203 18 185 17 198 16 232 15 224 14 231 13 228 12 239 11 237 10 273 9 273 8 291
1361 3.1489185882428044 -1.5921527265712139 2.7284827755511634 175 128 101 0.69031893310254011 20 230 19 219 18 205 17 214 16 252 15 249 14 257 13 256 12 269 11 261 10 286 9 284 8 305 7 320 6 356 5 331 4 334 3 339 2 333 1 352
1362 3.2338732924382869 -1.2650371357569337 2.7091034573625699 193 149 129 0.92949469397074092 19 221 18 207 17 226 16 253 17 215 15 250 14 258 13 257 12 270 11 263 10 288 9 291 10 297 8 313 7 331 6 369 5 340 4 346 3 350 2 345 1 362
1364 3.1707501129416293 -1.4913225778618333 2.100467287387124 240 188 166 0.57997701594589801 20 240 19 230 18 216 17 211 16 245 15 239 14 236 13 230
1365 3.1683339810924736 -1.8551459283976717 2.0614925345458044 238 195 169 1.9649992564735006 20 246 19 231 18 219 17 223
1366 3.3601183160292338 -0.44665605577061307 3.5004845340027142 9 8 6 1.4574010944070193 20 256 19 244 18 233
1367 3.1133968233162643 -1.7240951777753275 2.295327713943542 69 41 33 0.3287865315686771 37 42 36 39 35 48 33 33 32 32 31 91 29 84 28 86 26 65 25 65 23 68 20 61 19 46 18 44 17 55 16 64 13 18 12 24
1368 4.3670167020586339 -0.16304310862155189 2.1988026478321006 14 12 11 0.098239804747460885 23 47 18 32
1369 3.232971682843814 -1.6721725275505968 2.0866848349609901 212 175 150 0.69155294795636946 19 52 18 52 15 28
1370 3.1944432607015614 -2.4508060338713191 2.416203831058648 115 86 64 0.48726447778202198 19 77 18 71 17 78 16 54
1372 2.9182171017135778 1.0583061556230762 3.9046614580736998 89 66 52 0.17639385942104968 19 99 18 86 17 134 16 147 15 111 13 154
1373 3.1008001565986869 -2.1978228749510449 2.581803927991813 152 111 88 0.82882317508262737 19 106 18 90 17 111 16 160 15 158
1374 3.121954371528544 -1.3446949450179055 2.2153138899226859 158 110 101 0.14097863655709822 20 124 18 105 14 140
1375 3.1561290653221956 -2.1352323990047655 2.7026873405299439 118 85 64 0.18526493051670564 19 174 18 171 17 192 16 222 15 216 14 224 13 220 12 234 11 230 10 257 9 261 8 285 7 288 6 317 5 294 4 297 3 299 2 299 1 317
1376 3.3961422214941388 -0.91720198997753388 2.3432907862643964 164 110 89 1.5007750474111134 19 222 18 201 17 207 16 238 15 228 14 243 13 234 12 250 9 281 8 299 7 315 6 349 5 327 4 329 3 328 2 326 1 346
1377 3.1052409102877871 1.5185071581699772 2.7623370913927969 255 255 255 1.002479988196826 19 226 23 262 18 211 20 234 17 219 16 240 15 232 15 245 13 239
1378 3.3717912483517107 -2.1062405282555363 2.9124511552659245 78 57 41 1.3981891306161611 20 238 18 220 17 229 16 262 17 235 15 264 14 268
1379 3.6570119765383056 -0.82370112803003726 3.1229898500855269 176 130 93 0.46576493200908492 19 235 18 222 17 232
1380 3.7154482629094763 -0.25805541817146438 2.6639750037335981 242 192 147 0.50986239963015445 16 259 15 255 14 266
1381 2.8211863435712927 0.81054488774319544 4.3853339491329475 180 136 101 1.6078230932160329 19 241 18 230
1382 4.0905854450206887 -0.65861023333516899 2.2164717801444018 255 255 255 1.5306969956455014 19 251 20 265 18 240 17 251
1383 3.6797939053340034 -2.0102024826541607 2.5764506514330172 81 55 43 1.0824590664986311 19 252 20 266 18 241 17 252 16 277 13 282
1384 3.6807662554656266 -2.0148988008080475 2.5767628963672644 81 55 43 1.4754959263825285 19 253 20 267 18 242 17 253 16 278 14 285 13 283
1385 3.4573141203492312 -1.7247751535638247 3.0534499498566179 148 79 56 0.95911560549440289 22 33 19 31 18 26 22 99 21 94 20 95 16 98 19 116 15 96 14 108 13 133 12 35 10 72
1386 2.6589728430274868 1.242040376998873 3.8969532959099205 204 159 128 1.2747150993655012 32 194 30 191 29 182 28 176 27 178 26 164 25 158 25 202 27 179 24 183 24 184 25 54 23 54 23 166 22 48 22 49 21 112 21 113 20 179 19 168 18 123 26 219 25 222 22 208 21 216 23 206 20 214 17 175 17 188 16 197 14 163 14 206 13 161 12 173 11 163 10 185 9 182 8 190 7 200
1388 3.4225655884643151 -1.8212740611000795 2.9691733354693266 85 23 9 0.35398408611092391 20 30 17 22 16 31 15 66 14 67 13 69 11 92 10 105
1390 3.2888145210829691 -1.1967063171593411 2.1612888563072969 197 105 99 0.043220902792620197 19 64 17 32 16 42 15 40
1391 2.9190108313561676 -0.072167609771241092 3.5235315494356483 153 115 90 0.85495332834755722 20 48 17 40 16 50 6 67 4 52
1392 2.752798220913327 0.97449801609051923 4.0215494411590669 203 154 119 0.23303395434389698 19 72 17 44 12 88
1393 3.2822680926525032 -1.7712919823820734 2.8409230602413738 196 148 124 0.27171263760468034 18 24 17 61 16 71 15 68 14 105 13 102 12 104 11 94 10 148 12 137 9 147 8 208 7 212 6 232 4 171 3 229 2 226 1 250
1394 3.2678456739113959 -2.3385700398910174 2.7826168034590877 91 73 57 1.5927533070459854 18 6 17 79 16 10 15 4 14 1 13 49 12 6 12 92 15 86 11 1 11 77 10 1 10 89 9 3 9 50 8 4 8 5 7 57 6 9 6 121 5 54 4 4 4 56 3 57 2 57 2 62 1 74
1395 3.4169857372969603 -1.2023539946363666 2.1022622297969393 232 188 160 0.27808423977167868 18 111 17 102 16 77 15 75 14 36 13 35
1396 3.3175288232618603 -2.2441751125757752 1.9036526464165557 234 184 157 0.2887856766504065 20 163 17 109 16 84
1397 3.3942928372283028 -1.8566499147280915 1.8836200828386647 235 191 169 1.3883724668370923 18 130 17 114 16 90 15 55 14 98 13 57 12 25 11 85
1398 3.9243726945499859 0.73409902729673748 2.045957716047984 201 164 118 1.5424839481232322 18 115 17 131
1399 3.698872668480147 1.7003709619410317 2.3777561432695045 8 7 5 1.4707702252578165 17 220 14 245 13 238 12 243
1400 3.2184269990194623 -2.2926994551809003 2.7264559521301175 99 77 57 0.42277702919232713 18 224 17 233
1401 3.223978532676659 -2.1246774115717861 2.7846100386029731 112 86 68 0.095639745218546776 17 8 16 14 15 15 14 6
1402 3.4304723480047379 -1.8075480548457104 3.0301393914885306 162 106 79 0.28023346557226059 18 55 16 32 15 31 14 21
1403 3.2710160184894437 -2.3514366876406156 2.0037018395434298 197 154 129 0.46294344863045117 18 72 16 55 15 1
1405 3.1964273046066651 -2.2195078367632974 2.7346205858415402 111 86 66 0.45591245562112526 17 50 16 59 15 88 14 95 13 54 12 58 10 56 9 53 8 63 7 58 6 73 5 58 4 60 2 63 1 11 3 8
1406 2.7826161148964146 1.2100882156415866 3.4819848028086033 34 28 25 0.35012851879145218 19 75 16 83 11 71 9 130 8 99 5 109 3 113 2 105
1408 3.3438688018300917 -0.91764848258187481 2.2852492658571251 198 139 118 0.070570076791806088 17 103 16 110 15 105
1409 3.5312812398593549 -0.93830469787639181 2.518258426209635 152 120 97 0.64565836002787869 16 111 15 106 14 122 13 146 12 154 11 146 10 167 9 167 8 175 7 183 6 154 5 143 4 142 3 141 1 113
1410 3.3615831432778096 -0.5912852145414591 3.6990715127680449 19 12 8 1.7428457855524517 17 129 16 142 15 143 12 49 11 31 10 41 8 176 9 170
1411 3.4805857232610808 -0.62977197963496334 3.7081293698678142 255 255 255 0.06823321658867032 17 153 16 143
1412 4.4176854695574894 1.4153997857389506 1.992646359437537 0 0 0 0.31306880449930391 22 242 25 255
1413 3.455703279735741 -2.4414048332306559 2.8773250130382024 83 65 51 0.91109611154636538 17 142 16 158 14 187 12 213
1414 3.5609914357603754 -2.0744769669619028 3.0678649131685685 76 54 41 1.1122715776596379 17 85 16 162 15 182
1415 3.4773261014380257 -1.6538319579005161 1.9352465325678712 115 77 60 0.26983383583830217 17 162 16 166 15 127 14 106 13 103
1416 3.4441513476158621 -1.5721951499190894 2.003446371348848 232 179 148 0.20674718458881494 17 164 16 169 15 163
1417 2.8332521317444828 0.88248211194465243 4.5155469032518072 148 111 82 2.2661596195986986 16 193 14 232 13 237 17 133
1418 2.8645230226787217 -0.32474197618055517 3.8511316577572501 239 199 158 0.34049651974192507 17 228 16 256 15 253 14 263 13 262
1419 3.1758922331892387 -1.8928580243125477 2.6674927194268037 199 160 135 0.94095554392398895 17 230 16 257 15 259 14 269 13 268 12 285 11 277 10 305 9 295 8 315 7 335 6 374 5 347 4 350 3 356 2 349 1 365
1420 3.5637388847314413 -0.92656564411530873 2.5700629578896361 96 62 38 1.6030695590086685 17 231 16 258 18 221 15 254 14 265 13 263 12 281 11 272 10 292 9 282 8 300 7 316 6 335 5 319 4 324 3 310 2 307 1 325
1423 3.6687405663687276 -1.168672146831383 2.7494706755245204 0 0 0 0.35881978427765904 17 249 28 285
1424 3.6967842951366046 0.68984979948825642 3.0379286984517337 0 0 0 1.3139700449284668 30 314 31 318 14 287
1425 3.1840044543084844 1.6214461528479915 2.6820033305047692 7 6 4 1.3035408780133235 21 236 20 227 19 216 16 243 39 322 38 295 37 317 36 316 35 301 34 300 33 280 35 294 32 272 31 287 30 284 29 275 28 257 26 259 25 257 24 248 21 246 29 268 20 236 19 228 18 213 17 222 16 249 28 249 15 236 15 247 14 246 13 241 13 254 12 254 12 267 11 250 10 276 10 285 9 275 6 343 5 306
1426 3.2410629501311901 -2.4618448211466606 2.6329028800149077 119 94 72 0.30880064945603464 16 7 15 2 14 0 10 50 11 39 8 59
1427 3.5115812328178801 -2.1741601195951699 1.8133358907581087 206 155 127 1.1474824866054461 16 57 15 12
1428 3.223823407641135 -2.1251158619998654 2.7845113800626118 113 86 67 0.15891145645002147 16 13 15 14 14 5 13 10 12 15 7 15 4 15 3 11
1429 3.3806653041254826 -1.6283551829065879 1.9992271130785817 74 52 36 0.15111560965917104 16 28 15 29 14 26 13 26 12 33
1430 3.414984332965417 -1.841644446936459 2.9773556986793128 198 144 123 0.39227443794196581 16 29 15 30 14 22 13 67 12 30 11 49 10 70 6 38 6 128 5 75 4 72 3 75 2 76
1431 3.3963420792131567 -1.8147228356372769 2.9467627247818378 197 147 123 0.39173360244631983 18 23 15 33 13 70 12 69 11 51 10 103 9 67
1432 3.3927556269040786 -1.7970006215095868 2.9331287491919742 174 121 95 0.11940692956726787 16 35 15 34 14 23 13 25 12 31 11 17 10 22 9 68 8 82 6 88 5 86 4 77 3 79 1 92
1433 3.4078079007370583 -1.5921006746675492 3.0151924546054616 46 31 25 0.16239522036165477 18 27 15 38 14 31 13 30 12 36 11 21 10 29 9 27 7 31 6 46
1434 3.4515211596634865 -1.7795071528868796 2.9722084180872761 174 116 97 0.22392321183625141 16 34 15 67 14 69 13 101 12 103 11 93 10 106 8 158 7 165 6 180 5 171 4 169 3 170 2 165 1 194
1435 3.3307159179676349 -2.2842241733847537 1.9395978833069576 235 185 158 0.41106359896615813 16 116 15 85 14 51 12 3
1436 4.0581604435044092 -0.34076960762220221 2.4438346516660738 20 14 9 1.7217845315498472 15 108 14 92 13 86
1437 2.8862779801414225 0.92710810405065358 3.7968427242930591 80 58 47 0.34215224057030724 17 104 15 110 14 125 13 87 11 35 10 132 8 134 5 147 4 148 3 143 1 159
1438 3.1363822343355263 1.4869793973361316 2.7201054564130214 255 255 255 0.20243703448718081 16 113 15 113 14 127 13 119
1439 2.5771191539789999 1.3385487608875561 3.4714702110685671 135 97 71 0.50359650874883921 16 114 19 102 15 114 13 48
1440 2.5771191539789999 1.3385487608875561 3.4714702110685671 135 97 71 0.50359650874883921 19 103 15 115 13 47 16 115
1441 3.3598236754386375 -1.9246092764885496 2.9689331632549942 216 155 136 0.13044862719169995 16 123 15 124 14 133 13 128 12 132 11 124 10 143 9 142 7 158 6 174
1442 3.3957403391460135 -1.8845211111284834 2.9726924876338501 107 43 27 0.3342249228724895 16 124 15 125 14 134 13 129 12 179 11 173 10 201 9 190 8 205 7 208 6 229 5 238 4 245 3 254 2 252 1 275
1444 2.7903795366145765 1.1957581396744081 3.5229476057973645 4 3 3 0.31566861522415296 17 137 15 150 13 156 12 167 11 161 10 182 9 178 8 186 7 198 6 214 4 208 3 203 1 226
1445 2.7903795366145765 1.1957581396744081 3.5229476057973645 4 3 3 0.31566861522415296 17 136 15 151 13 155 12 166 11 160 10 181 9 179 8 187 7 199 6 215 4 207 3 204 1 227
1446 3.4930515323831335 -2.0012248320977339 3.0222481672436938 220 153 127 0.3582200317059428 16 165 15 161 14 190 13 181
1447 3.4004971577760092 -1.640767587771 3.0096410131584275 213 155 131 0.5123538380221746 16 170 15 164 11 177 8 211 7 215 6 235 5 245 4 250 3 257 2 255
1448 3.653884919076626 -1.6908872526718191 1.8853471695006976 0 0 0 0.039878978052827828 16 180 19 197
1449 3.2429545450517741 -1.3268892432523687 2.1210301800217772 241 194 169 0.46992972445195952 16 206 15 190 14 214 13 170 14 198 12 143 11 132 10 157
1450 4.3366588965215431 -0.24445205033219075 2.2762655179443092 5 4 1 0.30362849708833511 16 192 15 193 14 185 15 174 13 176 12 193
1451 4.5496005737330778 -1.7080177836967927 3.3193713749806122 255 255 255 1.3882932776955599 16 208 15 205 14 229 12 257
1452 3.6937189675165345 -0.89941816572900357 2.3845492228762337 255 255 255 1.9107998111249742 16 210 15 206 13 227 14 217 12 207 11 204 11 244 10 272 9 272 8 289 7 303 6 336 6 350 5 320 3 322
1453 3.9642180632184942 -0.78393835568004144 3.3995973120277005 194 148 108 1.492923648007175 16 212 17 185 15 208 14 183
1455 3.0864366066965094 -1.3449387646696922 2.1831663813605999 83 26 24 0.29237925218110855 16 236 15 226 14 239 13 231 12 247 11 242 10 271 9 271 8 287 7 302 6 331 5 314 4 321 3 304 2 317 1 320
1456 4.0791926772134541 -1.2055315504288402 3.2357857983489025 37 20 9 0.27356875994312979 16 230 15 229 14 253
1457 3.2911467465625228 -1.077412124279699 2.4049578468852761 225 175 150 1.7038473254815343 16 255 15 252 14 261 13 260 12 274 11 267 10 291 9 286
1458 3.1247588839286062 -2.1236883277654615 2.3728975130547694 226 183 158 1.2796209489543768 16 261 15 257 14 267 13 266 12 284 11 275 10 304 9 294 8 310 7 329 6 365
1459 3.624345757294559 -0.9463427157408435 2.5626385682691621 98 64 41 1.1511643338991022 16 265 15 261 14 272 13 271 12 288
1461 4.05006531168089 -0.94371615310329671 3.5328913608452268 255 255 255 1.7602792831944578 16 267 15 265 14 276 12 289 11 280 10 299 9 293 7 317 5 328
1462 2.949583525611394 0.79383389956042671 4.4544784824435553 163 122 91 1.1003191048008851 16 272 17 242 15 269
1463 4.3413942246183375 1.4384394207400697 1.9345692054309305 255 255 255 0.29704591658563817 16 273 15 270
1464 3.6908578689632447 -0.41970652462936031 2.8066313286797264 231 184 141 0.59418518340488369 16 274 17 246 15 272
1465 3.395681402804406 -1.6251842262156804 2.9547051963072102 220 167 142 0.30114856278028446 22 128 21 129 20 123 19 117 18 104 17 121 16 130 15 131 27 88 26 104 25 103 24 112 23 122 14 139 13 135 10 152 11 131 8 161 7 170 6 187 5 179 4 179 3 174 2 168 1 252
1466 3.3497042058557112 -0.45015483583834459 3.4962368784517937 5 5 3 2.3530540265423121 16 268 17 238 21 262 20 255 19 243 18 232
1467 2.992187882529683 -1.913239186298183 2.4821383554721344 194 156 136 0.68722266892707051 23 7 14 7 11 8 8 18
1468 3.0513790915395629 -1.8694524392113412 2.5419127995775899 191 153 133 0.54278809009078477 15 17 14 8 13 56 14 58 12 61 11 41 10 8 10 63 9 59 8 73 7 63 6 78 5 71 4 69 3 73 2 74
1469 3.418654768470911 -1.9035774135052999 2.9986126245060429 175 119 105 0.14472290329951074 15 24 14 15 13 20 12 26 10 13 7 25 4 22
1470 3.0750418790056155 -1.317059392843021 2.1331072077519213 140 78 67 0.069079389231593902 15 100 14 33
1471 2.937792044025906 -0.11405198443614331 3.5202611116961702 146 111 88 1.1417087143989262 15 48 14 45 13 41 12 52 11 34 10 42 10 43 8 54 8 55 7 50 5 42 5 43 2 51
1472 3.2289084445109473 -2.3930022124203356 2.6781389244180707 78 57 39 0.195875114340363 16 56 14 50 11 76 8 100 6 122 7 101 5 55 4 107 3 116 2 110 1 127
1473 3.4204753267367205 -2.3412022457082613 2.9461172578155548 69 53 41 1.7485675684121074 15 54 14 54 13 123
1474 3.3407077705997144 -1.9676330276125691 2.9324074956607786 68 45 28 0.22137522946620383 16 60 14 59 13 58 11 42 10 64 9 60 6 79 5 70 2 73
1476 4.2870371056599934 -1.3539348921342389 3.2302242051885308 94 68 45 0.23734612947078748 15 81 14 88 12 113 11 107 9 165
1477 3.2910075488872219 -2.325036468677649 2.7861012559314187 67 47 31 0.59748161287628176 16 85 14 94 5 114 4 108 3 117 2 61 1 75
1478 3.3775782660519962 -1.91681105696481 2.9972890754655745 134 64 45 0.095556497009225638 15 92 14 100 13 95 12 98 11 86
1479 4.2452080522022779 -1.5018386401845232 3.2009405319228277 77 53 33 0.49646914580873791 15 76 14 119 13 113 12 150 11 139 10 160 9 158 8 217 7 219 6 195 5 227 4 184 3 234 2 230 1 257
1480 3.1350010497404859 1.4870179150458405 2.7202786170687245 255 255 255 0.16165837029026908 16 112 14 126 13 118
1481 3.1720903426664089 -2.2550803642748374 2.670225226174038 126 98 78 0.37578217811775416 16 117 14 129 13 122 12 125 11 169 10 192 9 184 8 194 7 201 6 225 5 214 4 215 3 218 2 213 1 176
1482 3.1717361356622691 -2.2543510284920312 2.6705446793150136 126 98 78 0.32796267476631735 16 118 14 130 11 170 10 193 9 185 8 195 5 215 4 216 3 219 2 214 1 177
1484 2.7975298235627015 1.2467122209382631 3.77915260829469 255 255 255 0.78833187733017374 15 176 16 198 14 164 13 178 12 174 10 48
1485 4.2187870602267772 -1.6657494113241902 3.2244066265574975 29 14 6 1.3136789403157152 15 102 14 179 13 187
1486 4.3807094129135606 -1.4470495988010079 3.2963416646736263 33 16 6 0.77918414013441872 15 139 14 181 13 140 12 188 11 141 9 197 8 218 6 244 6 270 5 255 3 268
1487 3.9400339267090909 -1.7852422694043084 3.1591759985380978 63 52 40 1.4036477540427215 14 195 13 223 12 246 11 262
1488 3.4976107244496517 -1.4988756747029044 2.9653505552742283 82 43 27 0.3524089020123844 16 188 14 215 13 204 12 221 11 221 10 259 9 263 8 276 7 291 6 321 5 297 4 300 3 303 2 302 1 333
1489 4.1451035023693743 -1.0275329640440081 3.2971074299503247 30 11 2 0.69347383950081598 15 207 14 230 13 236
1490 3.9467706336151811 -1.6112954113969014 3.1623965672168666 47 31 18 0.30274909680177692 15 220 14 242 13 246
1491 3.3994487518013554 -1.126770666475972 2.7708986163299336 131 87 59 0.9434576017477555 15 241 14 251 13 248 12 258 9 287 8 306 7 323 6 359
1492 3.3994487518013554 -1.126770666475972 2.7708986163299336 131 87 59 0.9434576017477555 15 242 14 252 13 249 12 259 9 288 8 307 7 322 6 358
1493 2.900632359178946 0.29731886887922482 3.5334040976232721 15 10 7 0.76236716084335898 15 268 16 271 14 278
1494 4.1203077105701711 -0.57354890944281534 2.2999549094209577 255 255 255 1.3738168561859001 13 281 12 298 11 291 10 313
1495 3.4791203822231518 0.68892382667674446 3.0285000419272272 11 8 7 1.8878535059903978 15 276 14 286 13 284 12 299
1496 3.1837402105741086 1.6219174787307638 2.6824386631633077 8 7 5 1.2594693477465233 21 237 20 228 19 217 16 242 15 235 14 247 41 315 39 323 38 294 37 318 36 315 35 293 34 299 33 281 32 273 31 286 30 283 29 269 29 274 28 258 26 258 25 256 24 247 21 245 20 235 19 227 18 212 17 221 16 248 28 250 15 246 13 242 13 255 12 253 12 266 11 249 10 275 10 284 9 274
1498 3.3540823299466522 -2.3765937961872687 2.8390266948860123 59 40 26 0.37361035705585011 15 6 13 1 12 57 11 0 10 53 9 1 7 56 6 7 2 0 1 6
1499 3.3553189570307116 -2.3776261343500336 2.8385977659522084 59 40 26 0.38189145184089812 15 5 13 2 12 56 10 52 9 2 7 55 6 8 5 53 2 1 1 7
1500 3.4298106513451683 -0.97448241722896189 2.622629929297716 141 100 73 0.38547563922208994 15 44 13 37 12 47 9 84 8 90
1501 3.4790457643660977 -0.96238505851073153 2.5731136519880176 144 106 80 0.48250980235726681 14 42 13 39 12 81 11 64 10 79 9 122 8 129 7 142 6 200 5 138 4 141 3 188 2 99 1 112 1 209
1502 2.8438943238724352 0.34599617697213975 3.6604201556321936 116 84 55 0.90495698883307574 15 49 13 42 12 53 10 45 9 44 5 103
1503 2.8556007005487127 0.538802900201655 3.6757178348854342 9 6 4 0.4873780580201259 17 42 4 54
1506 3.3905037804975446 -1.5553417861769712 2.9166781202944003 174 125 99 0.18420711182806163 14 73 13 73 10 74 9 76 8 87 7 75 6 93 5 127 3 130 2 127
1507 4.2527673859825788 -1.5585539396944172 3.229281837039971 101 73 49 0.49413474637216553 14 81 13 80 12 79 11 103 10 116 8 123 7 134 6 144 5 133 4 131 3 182 1 206
1508 4.2670045284808573 -1.5209740087251185 3.2287135546372214 54 31 10 0.20505153651520164 14 82 13 81 12 110 11 104 10 117 9 116 8 124 7 135 6 145 5 134 4 132 3 134 2 134 1 150
1509 4.3421908635977102 -1.1858995080980212 3.2957154303612466 107 81 56 0.36782379345543131 15 45 13 84 12 82 11 65 10 126 9 126 8 173 7 182 6 201 5 188 4 188 3 186 2 232 1 260
1510 4.304179629752495 -1.1918120934981351 3.239228402112718 85 60 37 0.20782842178874125 14 89 13 85 12 83 11 66 3 102
1511 3.4114878123619969 -1.9247869460054032 3.0622334347418239 156 77 54 0.17720544494438248 14 101 13 96 12 131 11 121 10 141 9 140 8 153 7 161 6 177 5 168 4 166 3 165 2 161 1 190
1512 3.4116178113601228 -1.9247051296065265 3.0621914807322206 156 77 54 0.18120470153744719 14 102 13 97 12 130 11 122 10 142 9 141 8 154 7 162 6 178 5 169 4 167 2 162
1513 4.3061825217093821 -1.2661415216348517 3.2404880964691083 71 50 33 0.25460264014696132 14 121 13 117 12 114 11 109 10 124 9 123 8 130 7 141 6 150 5 137 4 136 3 139 2 137 1 154
1516 4.2839607186723434 -1.412150728357279 3.1774978298924124 59 38 19 0.35777135341597444 14 149 13 142 12 152 11 143 10 163 9 162 8 171 7 179 6 198 4 134 3 136 2 135 1 108
1517 4.4137077308574781 -1.3921643761166778 3.3225995648544924 255 255 255 0.96302661284704305 16 138 13 143 12 189 11 144 10 164 9 163 8 172 7 181 4 229 3 237 2 181 1 258
1518 4.5043632213541338 -1.0182473659571785 3.3857833268076432 255 255 255 0.76958343439399945 14 123 13 148 12 156 11 183 10 251 9 247 8 281 7 277 6 325 5 321 4 306 3 323 2 308
1519 4.013220445202216 -0.42132305910341744 2.5207094699389607 218 174 136 0.52900013276872349 14 184 13 150
1520 3.767079238411287 1.7404563253595144 2.3344517082934564 8 7 5 0.19604217152781489 14 165 13 159 12 172
1521 3.4057482061641764 -1.703206607446268 1.9105751728507887 162 112 82 0.5964202902770227 14 173 13 164 12 181 11 175 10 145
1522 3.4301762799039488 -1.5519264024246662 2.9587388632121936 208 151 131 0.44372271976113892 14 199 13 185 12 220 13 202 11 220 10 242 9 236 8 262 7 268 6 290 5 276 4 280 3 281 2 278 1 301
1523 3.7458066155280796 1.669684820258748 2.2755949719279425 255 255 255 0.99370944647402681 14 223 13 195 12 233 11 229
1524 3.1925683894090762 -1.8148786855095427 2.0647106545441023 227 182 155 1.4337370932556808 16 250 13 243
1525 3.6922300346576726 -1.6823947393522325 3.0038440669360691 158 117 101 1.7117474195001794 14 238 13 245 12 256
1526 3.622069733538519 -1.3534913726029354 3.0117534760655111 186 137 104 0.83299495877465524 14 249 13 247 12 272 11 265
1527 3.5321723458714338 -0.71346855928801745 3.0875087576606042 179 135 97 1.8674847003932786 14 254 13 250 12 261 11 254 10 280 6 361 8 302
1528 3.5262580365012597 -0.70138314000220381 3.0881607391889858 179 135 97 0.85689979293787466 14 255 13 251 10 281
1529 2.5600546301102307 1.3368767796621992 3.4057715590635125 255 255 255 2.1594913061632712 13 253 12 268 8 303 7 328 6 355
1530 3.2106359236682613 -1.1910694152294568 2.2661973673746107 195 90 88 1.7433460294252283 14 259 13 258 12 271 11 264 10 289 9 280 8 297 7 314 6 348 5 316 4 322 4 328 3 320 2 319 1 335
1531 3.2868232914518338 -1.0793809131975507 2.4058374407599299 224 174 149 1.4913350673359014 14 260 15 251 13 259 12 273 11 266 10 290 9 285
1532 3.7633019203743445 -0.62854242570937324 3.2566222761934664 228 182 139 1.5467831829590781 13 261 12 276
1533 3.3796025548585313 -0.5424158155077633 3.5325980969137074 6 5 2 1.5951375582757525 13 265 12 282 11 273 10 300
1536 3.1302769880559813 -2.2007333020210225 2.6316814196935221 173 136 115 0.20525426782568076 13 50 12 10 10 58 5 12 2 8 1 13
1537 3.1319696895568581 -2.2017910615272762 2.6316314656311883 173 136 115 0.15783018737910498 13 51 12 11 5 13 1 14
1538 3.3556316926579597 -2.1296194889867102 2.9241100070214738 66 50 36 0.39667240469060477 13 11 12 16 11 40 10 62 9 58 8 72 7 62 5 68 4 66 3 70 2 16 1 82
1539 3.3543509970619376 -1.1710297926761495 2.1603528554701459 136 67 53 0.15003047402673544 13 112 12 77 11 61
1540 3.1333847050706125 -2.387027650534427 2.2489637397407067 175 131 106 0.35377655793973473 13 89 12 91 11 38 10 49 9 0 8 2
1541 4.2996933559426935 -1.4544197355557236 3.2229712933586994 15 5 1 0.21868008340708894 13 115 12 112 11 140 10 161 7 178 6 197 5 185 4 187 3 185 2 179 1 207
1543 3.2326167301302808 -2.469107067901994 2.4849657509441645 142 111 89 0.68665297400087 13 121 12 119 11 72 10 86 5 0 9 95 3 1
1544 3.3859315837604433 -2.5430585781684285 2.7331778954520001 53 40 24 0.26754208150992009 13 90 12 121 11 114
1545 3.414445698386015 -2.5407043561036025 2.7830888456499938 71 54 37 0.9667981655735326 15 84 12 122 10 190 8 139 5 153 3 150 1 167
1547 3.3397477097319075 -2.3455782326773749 2.9120874900255558 105 83 65 0.69317974603927335 13 52 12 126
1548 4.3702648254756911 -1.6865052576290152 3.2378049934454669 25 13 5 1.2424160797918014 13 139 12 147 7 176 6 193
1549 4.1046683052018711 -0.47291781804015237 2.4899628700500935 255 255 255 0.74389869852701196 14 152 12 158 11 152
1550 4.2064852496156071 -0.021928626227257872 2.1835391891329357 12 11 7 0.34692071803850588 13 151 12 159
1551 4.3825271566627038 1.3642406049753304 2.022998953555982 0 0 0 0.42592659937303101 19 125 23 50
1553 2.5872814007753289 1.3388503550805537 3.4806896510539014 135 99 72 0.67043572977717758 14 167 16 153 19 132 12 176 11 166 10 186 6 158 5 152 4 150 3 115 4 106 2 107 1 72
1554 3.3954893140850801 -1.8854104626791348 2.9727125818313791 103 35 21 0.22401095109789887 13 130 12 180 11 174 10 202 9 191 8 206 7 209 6 228 5 237 4 244 3 253 2 251 1 274
1555 3.3936193690410597 -1.5462039078492869 3.0195407161789038 209 144 127 0.45438932364303658 13 167 12 183 11 178 10 206 9 195 8 239 9 213 7 216 4 254 3 232
1556 4.3170452605763607 -1.0179156632268145 3.3415412466009284 26 13 3 0.45716857758806489 13 149 12 191 11 182
1557 3.1525358416878917 -2.324150955293236 2.1446300246581442 240 195 168 0.41874382933535248 16 199 12 196 11 167 10 191 8 101
1558 3.2633286301338877 -2.1247809749250175 2.8332158078668606 75 53 37 0.12167068872744007 13 179 12 197 11 192 10 212 8 224 7 227 6 252 4 241 1 267
1559 4.3638041285806937 -1.6478590559716888 3.2804870678154776 255 255 255 0.52319820700653741 13 188 12 205 11 201 10 222 9 217
1560 4.3426603494582663 -0.22961439673740433 2.2872017411364398 10 9 5 0.10100315805085958 14 221 12 229
1561 2.3465016492049737 0.91835930602963967 4.1203778562626878 202 150 112 2.127241523577879 13 214 12 230 11 227
1563 3.6401696469789528 -2.1474298297712728 3.0633198236354859 64 47 33 1.2393625429203494 13 221 15 217 12 244 11 251
1564 3.6821545749333637 -2.3710513641198641 2.8188377536101683 70 51 36 1.14834676574496 12 294 11 287 10 310 9 305 8 326 7 343 6 385 5 354 4 358
1565 2.8989090505853556 0.74555116025890866 4.4301105889844861 152 114 82 1.2684920871785734 13 279 14 279 12 297 11 289
1566 2.928383421923781 1.068563802396211 3.860555515643008 35 22 17 1.8808972868714413 16 52 13 44 12 89 25 52 24 54 20 106 18 119 9 127 7 54 6 112
1567 3.1362916748401095 1.4935482964067757 2.7270953954556818 234 234 234 0.91564391802116729 13 158 14 162 38 202 36 215 35 236 34 220 33 218 32 199 30 193 29 184 28 178 27 218 26 166 25 163 27 181 24 165 23 172 22 150 21 192 20 145 19 170 18 148 16 151 15 153 12 171 10 184 9 227 10 230 8 189 9 181
1568 3.4230064307576269 -2.0819641668153417 2.9935314568554885 83 64 48 0.48429388221918163 12 17 11 9 9 14 8 17 7 18 6 28 4 18 3 16 2 15
1569 4.2953244633830661 -1.6412830665420917 3.2220847599553641 129 96 61 0.28667490574639476 12 41 11 23 10 33 9 79 7 80
1570 2.8228418319558473 0.90540283640577635 4.4702507573921384 201 149 113 2.056091036372921 12 163 10 178 9 92 11 36
1571 3.4054403610474058 -1.6502041700055712 2.9827360590583218 190 121 96 0.29733161347027642 14 30 11 54 10 26 9 72 7 30
1572 3.18578206028138 -1.1696049473987256 2.240614508081034 118 20 19 0.12427735628302196 12 76 11 59 10 77
1573 4.2669871215474915 -1.1835719135829563 3.1921350034050251 62 42 21 0.086078811754454893 12 84 11 67
1574 2.9198421768538974 0.99780388970184686 3.8342112172516831 60 44 35 0.3825637482772673 13 88 11 69 10 84 9 91 8 57 3 54
1575 3.3986934115158349 -2.4867628761476883 2.7984032277524484 99 78 60 0.081060322211182118 16 4 11 75
1576 3.4169126166370591 -1.6599637112832946 3.0665257698163852 171 101 84 0.12957349495976894 12 138 11 127 10 149 9 149 8 160 7 168 6 184 5 176 4 177 3 173 2 123 1 144
1577 3.4171366788255098 -1.6591448941340325 3.0663929220481707 171 101 84 0.057720657071237393 12 139 11 128 10 150
1578 3.4557299885226178 -1.7007082094888448 2.9950626582963844 171 110 90 0.48139449977726151 12 140 11 129 10 151 8 114 7 124 6 89 4 80
1579 4.3481685259210234 -1.8870299352664865 3.2012482769381867 25 11 5 0.75201587846830309 12 145 11 133 10 155 9 196 8 212 7 217 6 263 5 246 4 251 3 280 2 277 1 300
1580 4.3074094718001232 -0.98839979872989547 3.3072147754790517 104 73 45 0.56810662240880294 12 116 11 149 10 208 9 199 8 221 6 274 5 257 4 263
1582 3.4147133189874581 -1.8404626075423522 3.0065361544214708 219 168 143 0.15614876313759943 12 182 11 176 10 204 9 192 8 207
1583 4.3436456560763075 -1.1760926949480623 3.2568301558334403 100 72 46 0.21519605976821743 12 206 11 203 10 223 9 218 8 264 7 275 6 301 5 283 4 289 3 289 2 283 1 309
1584 3.8176018400652367 -1.4603817151169005 3.1150618810457766 48 32 15 0.55941508148974117 12 223 11 224 10 247 9 242 8 278 7 293 6 323 5 315
1585 4.2730957002927168 -0.87559885439790486 3.3892249610322267 34 16 4 0.60381340365857616 12 209 11 225 10 264 9 266 8 282
1586 4.3895394846919364 -1.4860132837041276 3.2696349780838601 41 22 9 0.72297765419426696 13 207 11 234 1 322
1587 4.4081458692259128 -1.267724348194444 3.306560441837755 17 7 2 0.60946779393102302 12 225 11 235 10 249 9 265 8 280 7 294 6 334 5 299 4 304 3 321 2 320 1 337
1588 3.7776759137324616 -0.6514210101115151 3.6211080876589881 12 10 9 1.713252627253155 12 263 11 246 10 265
1589 3.7381947707801029 -0.64805465396896822 2.6096077086492517 229 189 149 0.59302407183729122 8 290 7 304 6 337 5 302 4 308
1590 3.9521228652465177 -0.18359438107345238 2.4065629059140665 11 9 6 1.6131360031442497 11 256 9 268 8 269 4 147
1591 3.3300268133334368 -1.2243072755660982 2.0070940107046518 255 255 255 1.6247114507107827 12 279 11 270
1592 3.3278167921629573 -1.0351344314764008 2.1154458859346397 255 255 255 1.052958218991106 12 280 11 271 10 298 6 370 4 347 3 351 2 346 1 357
1593 3.4951114755634807 1.6072241667117271 2.5141726634437909 0 0 0 1.4277929654957493 12 292 11 283
1594 4.3475742276447464 -1.4144769414798999 3.2613155176348725 98 73 53 0.79168871449694533 15 80 14 87 13 116 14 120 12 111 16 80 11 106 14 148 13 141 12 151 11 142 15 104 10 121 10 162 10 207 9 161 9 198 8 170 8 219 7 221 7 251 6 196 5 184 4 186 3 236 2 231
1595 3.1713403517425931 -1.1840208156311709 2.2829670507378248 102 10 8 1.6379158335560429 29 110 26 82 20 40 16 41 15 39 11 24 12 43 33 46 30 59 29 109 26 81 25 79 24 85 23 129 22 77 21 101 20 76 19 61 18 59 17 67 16 106 15 72 14 79 13 79 11 58 10 76 9 35 9 80 8 89 7 82 6 97 5 35 2 47
1596 3.3246298516899584 -2.4736315845336403 2.7385999178403901 85 69 53 0.32803172836475791 12 2 10 0 8 0 7 0
1597 3.1197400852926016 -2.2248385578472791 2.6042888865009557 131 95 71 0.10338543409730051 15 10 10 2 7 10
1598 3.1197400852926016 -2.2248385578472791 2.6042888865009557 131 95 71 0.10338543409730051 15 11 10 3 7 11
1599 3.3338429211259086 -2.16933694634124 2.902437531303411 54 35 22 0.101246026744662 12 14 10 7 4 14
1600 3.3563371748474657 -1.6676062607062299 1.9373967781448711 158 108 81 1.2022673616382318 11 48 10 24 9 22 8 36
1601 3.4456675965662642 -1.5212532761396635 2.9689379949055352 171 119 99 0.2794607981774746 13 77 10 31 9 77
1602 3.6052772704230782 -0.73742272931382702 3.3314374090185286 186 140 99 0.42996336400153784 11 29 10 40 9 43 8 52 6 207
1604 2.8985244244089454 1.1132775084780355 3.7671780736502427 16 12 11 0.26667853073214859 11 70 10 85 8 58 7 94 6 68 5 105 4 103 3 112 1 121
1605 3.3514152013745551 -2.5275293087965398 2.7395818454064127 54 41 26 0.49049575155040648 11 74 10 88 2 149 1 168
1606 3.4008958495975246 -2.1660267065376702 2.9531985119790969 48 30 18 0.24311889742944878 13 93 10 94 9 101 7 108 6 123 4 110 2 112
1607 3.4412319763320345 -2.0711881132680432 3.0076993905350946 62 42 25 0.11898373530945891 11 81 10 96 8 149 7 157 6 173 5 164 4 164 2 157 1 182
1608 3.9911555612897582 -1.5052556731459394 3.1508824524346615 102 86 67 0.94900753318245612 11 26 10 118 9 117 8 169 7 220 6 268 5 254 4 262 3 267
1609 3.2464077653217358 -0.90810006861878889 2.4224452127421809 142 97 79 0.25749707237635966 11 108 10 123 7 143 6 151 5 139 4 137 3 140 2 100 1 114
1610 4.4041361649145836 -1.3366104128446072 3.3174063519556736 44 27 9 0.46453022183520576 11 145 10 165 9 164 6 199 5 186
1611 3.4664455974207447 1.0568640041983197 4.5283613728518652 255 255 255 1.67529303519186 11 156 10 179 9 175
1612 3.436132870014128 -2.3939299836926828 2.9103227535511369 104 83 66 0.18476901416852581 10 194 9 186 8 197 7 203 6 223 5 212 4 213 3 217 2 212 1 243
1613 3.5462184765898472 -1.9304946002841956 3.1121246330066752 206 137 109 0.39028618546700211 11 123 10 200
1614 3.4283868157756485 1.0693206273495746 4.4914503408233051 142 119 99 1.2145062225886001 11 157 10 210 7 297 6 309 5 287 4 314 3 312 2 292
1615 4.3602072707653949 -1.7121330123483727 3.2280703245834061 31 15 7 0.35824378078894614 11 200 10 221 9 216 8 242 7 247
1616 3.7098540194722189 -2.6815715605955508 2.8519591034775091 255 255 255 2.2685987006225763 11 211 10 231 3 324
1617 3.8533515580492481 -2.1348808772337122 3.1070452286196293 66 50 37 0.10343855597533738 11 215 10 237
1618 3.6519900785128097 -1.5474559172446949 3.0702448849914052 140 107 80 0.63102696318084539 12 204 10 243 9 237 6 320 5 296 3 318 2 316
1619 4.3925104150196512 -1.4724387637674605 3.2794307746624538 39 21 7 0.46139249231674662 12 224 10 248 6 300 9 244 5 282 4 288 3 287 2 281 1 307
1620 3.8220674367975151 -0.71422476934449408 3.4077056791627331 204 155 121 0.93931679079986985 11 226 10 252 9 249
1622 3.6408001187994641 -0.18693805605698807 2.6187193496686652 242 192 151 1.8589543004767839 11 247 10 266 9 267 8 268 7 256 6 248 5 232 4 146 3 52
1624 3.0682461012140481 0.87794868098743095 4.5651983740627671 0 0 0 0.54766464197132514 11 257 12 278
1626 3.3677302857290004 -1.9958298963866086 1.7419634833219828 255 255 255 1.4128533619309747 10 308 9 299 8 318 7 337 6 375 5 336 3 338
1627 3.1702017480915443 -2.2861740953683749 2.6507523541941493 101 71 49 0.55678854412419143 15 117 12 123 10 139 19 4 17 6 15 8 14 3 13 6 12 8 9 136 8 143 7 152 6 165 5 158 4 154 3 157 2 152 1 174
1628 3.8556013273776926 -1.6994372341782495 3.141657446945727 56 45 36 0.2762702694143247 10 30 9 31 8 41 7 74 6 92 4 83 2 86 1 94
1629 2.8538326176792919 0.43435238659769765 3.6672114667229438 101 73 48 0.33631491353270193 21 45 9 45 4 53
1630 3.3543048606938308 -2.2880645415684455 2.8823748999213601 75 57 43 0.072217733349095758 10 54 9 51 6 71 3 61
1631 3.3507954059126157 -2.2861906327498751 2.8832676831454647 75 57 43 0.043672503376438437 10 55 9 52 6 72
1632 3.5803376068375545 -2.3642856734909072 2.9955323813774433 58 39 23 0.21015112222885132 10 59 9 56 8 68 5 57 4 59
1633 3.5875116170858918 -2.3668650988040616 2.9939900584676513 58 39 23 0.17317943465519714 10 60 9 57 8 69
1635 3.1955477693274461 -1.3134393105169861 2.1404134759753388 234 186 159 0.31277713857006417 10 113 9 78 8 47
1636 4.3018761901351894 -1.1917067249409534 3.190852043476708 62 43 21 0.21167529354193074 10 81 9 85 8 92 7 88 6 101 5 100 4 94 3 103 2 96 1 111
1637 3.653316180590493 -0.88074750690930681 2.5045320441173038 186 153 123 0.40791415964157646 10 127 11 147 9 87
1638 3.7686267440721868 -0.19603100239886934 2.5121092843263853 0 0 0 0.12293498458346493 11 33 14 44
1640 3.1089603730182223 -1.7033103358791184 2.3161625413159248 179 151 143 0.13555939503958078 10 99 9 107 8 79 7 118 6 84 5 81
1641 4.2107457493231113 -2.0018292756232889 3.1498232084952749 104 82 62 2.028542012779063 10 71 9 109 8 159 7 214 5 243 6 260 4 248 3 256 2 254
1643 4.3000238814742575 -1.2768055427547587 3.3459624132375207 35 23 7 0.91021040027977551 10 80 9 120
1644 4.3449207648598831 -1.3211803248216547 3.1068746394858646 32 19 10 0.20961854556679252 10 122 9 121 8 127
1645 4.3233588769009748 -1.2303850989968363 3.239504242934454 23 9 3 0.20369634723319319 10 125 9 124 6 152 4 138
1647 3.0788862702480233 -1.3390330812663649 2.1017316023429293 160 108 93 0.51978909428462083 10 154 9 152 7 173 4 182 2 132 1 149
1648 3.9862896974090876 -1.6458501179538012 3.1483363836630494 52 41 28 0.69069949673063258 10 111 9 154 8 165 7 174 6 239 5 226 4 260 3 284
1649 4.2095914044393625 -1.6742702295831937 3.1367988226061998 12 4 1 0.77595240660168119 10 159 9 157 8 215 7 248 6 293 5 278 4 284 1 304
1650 3.2695747557069303 -0.55276011763962063 3.6939436954408906 233 183 149 0.30616497116395841 10 172 9 172 8 222 7 254
1651 3.436132870014128 -2.3939299836926828 2.9103227535511369 107 86 68 0.18476901416852581 10 195 9 187 8 198 7 204 6 224 5 213 4 214 3 216 2 211 1 242
1652 4.0194059727616303 -0.39102598291714902 2.491268709678244 255 255 255 1.1922863694273511 11 153 9 200 8 177 7 187
1653 3.6097172845910706 -2.3053779479254124 3.0118722244431835 102 80 61 0.15796964309063483 10 198 9 204
1654 3.4276685408520078 -1.6148734824710551 3.0574350003057562 211 146 127 0.28674746788127464 10 205 9 212 8 237 7 241 6 264 5 247 4 253 3 259 2 258
1655 3.7206397973268932 -0.19815259825548701 2.5797289508840855 240 191 151 1.2281035270324459 11 238 9 220 8 247 7 224
1657 3.4221257177151774 -1.8555700185240844 3.0310984400611467 224 173 147 0.10844357127964592 10 240 9 234 8 259 7 262 6 285 5 272 4 276 3 277 2 273 1 294
1659 4.4411359871916698 -1.1625869819529637 3.3625495485591772 255 255 255 2.0126411210406765 12 226 9 246 7 276 6 302 4 305
1660 4.4145922156462154 -1.05960642213435 3.3219098634257938 27 12 3 1.2594910425749766 10 250 9 248 8 265 7 253 6 303 5 284 4 291 2 284
1661 3.4275013839997808 1.0698553289182597 4.491932436918292 138 117 100 1.3440496534774693 11 158 9 253 7 298 6 308 8 183 5 288 4 315 3 313 2 293
1662 3.1239026707467907 -2.305408510289805 2.3227048411785223 220 173 145 0.4595823468486846 10 256 9 259 8 272 7 284 5 269
1663 3.1366515940746735 -2.2709696081851249 2.4274138529520259 215 170 143 1.523326886036356 9 276 8 294 7 309 6 345 5 308 6 328 4 317 3 298 2 298
1664 3.5097445103612288 -1.8990148730294687 3.0602197883482445 205 141 117 0.97331577699119565 10 279 9 279 8 304 7 319 6 366 5 337 4 343 3 347 2 342 1 359
1665 3.6010292516919327 -0.67097937924914663 3.290943692351747 216 168 126 2.2202993730062679 10 294 9 289 8 314 7 332
1666 3.0125715946351068 -0.088391411327210068 3.6821918369765694 236 195 152 1.9430876883071748 10 311 11 288 12 295 9 304 8 325 7 342
1667 3.0284936028427727 0.72969070056558638 4.4360187826394863 148 109 78 1.1317033322068684 10 312 11 290 9 307 8 330 7 346 6 389 5 357 4 357 3 365
1668 4.1231212849024033 -2.1903840394441607 2.565424967899447 0 0 0 3.5718868750897714 10 314 14 284
1669 3.3641346673695169 0.71983431118061392 3.036775473902332 0 0 0 1.7312442042671778 10 315 11 292
1670 3.4244648784170746 -1.8131550088217399 2.9722771476631591 94 34 19 1.2332047014570242 20 29 17 23 16 30 15 65 14 68 13 68 12 102 11 91 10 104 9 146 25 32 24 78 23 119 22 95 20 120 19 113 18 133 17 146 16 167 15 162 14 174 13 165 12 136 10 147 8 157 7 164 5 125 8 111 4 168 3 169 2 164 1 193
1671 3.0895064047840259 -1.5396699631497226 2.4095717104644425 245 194 162 1.3370507911155465 11 269 10 296 9 290 22 253 23 274 21 258 20 252 19 238 18 227 17 237 16 264 14 271 13 270 12 287 11 279 10 307 8 312 7 330 6 368 5 339 4 335 3 340
1672 4.1929623929018165 -2.7378054246474819 2.8736103250310876 134 109 86 0.2276916040312813 9 8 8 6 7 12 6 12 5 56 4 6 2 2 1 2
1673 3.2129878910499565 -2.2360552536202278 2.749320843043213 110 85 67 0.34801366097471009 10 5 8 8 6 17 5 11 4 12 3 6 2 6 1 9
1674 3.2129420451828796 -2.2358045167453287 2.749102229076354 110 85 67 0.3480815490070383 10 6 8 9 6 18 4 13 3 7 2 7 1 10
1676 3.4125214232429717 -1.792428492500258 2.9435393962606042 167 109 82 0.10870217685993211 10 21 8 35 5 23 4 25 3 30 1 44
1677 3.717177679969236 -1.6098849960847905 3.092643718749164 66 49 26 0.10360375518110151 9 34 8 45 7 77 6 52 5 91 4 86 3 93 2 88 1 96
1679 4.287828923459081 -1.9139791626738114 3.1323240906954606 87 66 49 0.17011978404114123 9 74 8 86 7 73 6 90 5 88 4 82 3 86 2 84 1 93
1680 3.6719145812957819 -0.69109713668781947 3.4885939989861061 220 169 133 0.46831820336465341 10 82 8 95 7 90
1681 3.7986294761303689 -1.9416699257527845 3.1542822432965165 71 55 42 0.72810184272868139 9 108 8 110 7 211 6 231 5 223
1682 3.406386169048055 -1.7405433889905362 2.9523903041704322 122 60 38 0.58003943369142197 9 69 8 112 6 134 5 172 6 181 4 170 2 166
1684 3.7069893124703324 -2.0772043948299301 3.1169794555465256 66 47 33 0.55942771191751195 9 104 8 151 6 176 7 160 4 219 2 218
1685 4.314199075786699 -2.1165546719076467 3.1514735498822004 43 25 10 0.90337926270320779 9 148 8 156 6 257 5 240 4 247
1686 3.7224828230453784 1.142573015940648 4.3067818390460184 94 81 68 1.0794421144331332 9 94 8 184 7 257
1687 2.6658172132358389 1.2604136316475372 3.6943068772588372 255 255 255 1.5819197896690564 9 183 7 149 6 118
1688 3.0480605972836288 -1.7886981532793194 2.4965191734947254 176 135 114 0.36070304980555856 21 119 8 203 6 175 3 166 2 163 1 191
1689 4.2487956477184889 -1.7473171240358163 3.1712502788222627 78 56 40 0.17665294971219045 9 153 8 213 7 218 6 238 5 250 4 259 3 264 2 261 1 279
1690 4.2033229255719862 -1.6730887265306158 3.1387237286479497 9 3 1 0.7655397742796769 10 158 8 216 7 249 6 294 5 279 4 283 3 266
1691 3.6844119711630388 -1.914404574847941 3.125180855246513 77 57 38 0.39433893511039247 10 146 8 232 7 263 6 286 5 273 4 277 3 278 2 275 1 297
1692 3.2223110759411382 -1.1066417253834602 2.2533752890324017 170 103 90 0.40939330092677939 9 243 8 243 7 250 6 243 5 228 4 228 3 184 2 180 1 208
1693 4.2985038723876663 -2.7575611172858974 2.9555488463611095 255 255 255 0.58039205324936849 9 260 8 273 7 285 6 315 5 292 4 271
1694 4.5465610227997013 -2.3712948123997735 3.0856608829570096 255 255 255 0.82347490614194496 9 229 8 275 7 289 6 319 5 311 5 325 3 326
1696 2.911533424537128 0.48053739885622671 3.9076803262239403 218 176 142 0.87427403380139257 9 306 8 329 7 345
1697 3.1224131856968427 1.5171102868885975 2.7623163128344492 255 255 255 1.8057792836039628 11 241 12 242 10 269 30 257 9 257 8 292 20 233 23 261 19 225 18 210 17 218 16 241 15 233 15 244 13 240 7 299
1698 2.8376221382979834 -2.2409436010981651 2.6242702189944946 140 110 87 2.6041679131160684 8 1 7 1 5 51
1699 3.2359139518488491 -2.3095776511230008 2.7353711934547604 102 80 61 0.14768538611747536 9 4 7 8 6 10 5 4
1700 3.2359139518488491 -2.3095776511230008 2.7353711934547604 102 80 61 0.14768538611747536 9 5 7 9 6 11 5 5
1701 3.4044632176741891 -1.5921117787856849 3.0159270284066189 63 46 39 0.092975548231270286 9 28 7 32 6 47
1702 4.3049090207138638 -1.8593180990789155 3.1704546793366486 126 100 77 0.20185211659208993 9 30 7 35 6 94 4 81 5 129 3 85 2 85 2 172
1703 2.8438879601232792 0.30734619794516099 3.642568512629766 26 16 11 0.28418133575606253 8 56 7 51
1704 3.1612372244781342 -2.1886240268164623 2.7316044206805055 122 94 72 0.4019332832098404 8 64 7 60 5 60
1705 3.7066733874652895 -2.101021579476003 3.1255086563424781 55 39 24 0.21164024045061239 8 22 7 65
1706 3.4184075682677566 -1.6879596238914365 2.9691887755290836 184 125 105 0.75412531312089337 8 84 7 71 6 137 5 126 4 122 3 128
1707 4.4183763820953983 -1.2533159669278495 3.3438379364178612 28 22 11 0.46319328704591689 8 91 7 87 6 100 5 140
1709 3.543470504170815 -2.1753267776259175 3.0538368364581308 55 38 24 0.2392231835685811 8 105 7 112 6 125 5 117 4 163 3 160 2 156 1 181
1710 3.8771918553783431 -1.619641672064466 3.1416923971960653 31 18 8 0.37735383637974468 8 118 9 33 7 130 6 140 5 130 4 125 2 129 1 202
1711 4.3455735897915941 -1.1703250084261607 3.1177085854246771 73 59 35 0.25006732269329601 8 132 7 144 5 142 4 139 3 105 2 97
1712 4.167430358326305 -2.846366793178257 2.8056344497709622 69 54 39 0.23048196756487963 8 141 7 151 6 162 5 156 4 152
1713 3.5041725597076523 -1.6440507134917859 3.0925685786965165 107 71 52 0.033086547536477842 8 116 7 171
1714 4.4532108246485933 -1.0213278500355598 3.3343437115197849 21 11 4 1.4631867352316266 10 170 7 184 5 190 4 189 3 106 2 184 1 155
1715 2.8702232336760756 0.86017897195431359 3.7693493813846377 8 4 3 0.3666592105126868 14 159 7 189 3 197 1 220
1716 3.3932982434368095 0.98787016302055064 4.5250441164974289 255 255 255 1.6876469616770529 7 190 6 210 5 196
1717 3.5714106476474017 1.0341574823559272 4.5161015343359203 255 255 255 1.2297876462606303 8 98 7 191
1718 3.5596061289856471 -2.3912978113164511 2.9830709100531028 111 89 68 0.35747442489924058 8 147 7 202 6 168 4 212
1719 3.1951401818820191 -1.7728870377646344 2.0153819791214698 222 179 156 0.87908285764070893 9 207 7 210 6 179 5 170 4 117 3 81
1720 3.5383548889897223 -2.2711088559074391 3.0249011115598021 100 78 59 0.28931153170620777 8 199 7 226 6 251 5 234 4 240 3 249 2 244 1 245
1721 3.1150001323565473 -1.4721794877605823 2.1235045829488897 207 159 138 0.41564129148733286 8 235 7 239
1723 4.2947492576652211 -1.0970895770729148 3.2090856409286932 30 9 2 0.19006973620088002 8 244 7 252 6 273 5 256
1724 3.2919421545278467 -1.6019692689255385 1.9718166007751028 255 255 255 1.265889390428568 8 261 7 266 6 262 7 235
1725 2.674642417877461 0.8952683959794957 4.4576045480871267 201 149 112 0.43417281917991857 8 249 7 279
1726 2.7653055847924692 0.90920183080940908 4.4554930467311475 201 149 112 0.65947261614257924 8 250 7 280 6 307
1727 3.1880171329060953 -2.1198433644407055 2.0227892208322 245 198 172 0.54679014742003629 8 286 7 286 6 318 5 270 4 273
1728 4.2835453975164546 -2.5745716891833665 2.9785583528284318 41 25 13 0.34957428294676246 8 274 7 301 6 329 5 309 4 318 3 316 2 314 1 330
1729 3.9842672630327982 -0.78202372734752978 3.4866851520822291 35 16 6 1.8700264437751084 6 362 5 329 4 338
1730 4.0797559535039838 -1.7291204934763609 3.126153751901148 49 42 36 1.5298499452250429 7 338 6 380 5 351 4 354 3 360
1731 3.0614465527919847 -0.27316527847471794 4.1517227048852074 174 127 94 0.021233529346625292 9 302 7 339
1732 3.5168291047768134 -0.45359975055779178 2.5010166486565844 255 255 255 2.1408947467637169 8 327 9 309 7 347 6 386 5 355 4 356 3 362 2 355
1734 3.4574267510887546 -1.7908440106295034 3.0467967432260066 157 97 73 1.2443477167501149 12 135 9 145 7 119 23 117 22 123 21 126 20 118 19 114 18 76 17 119 16 127 15 95 15 129 14 104 13 66 12 101 11 50 10 102 9 66 8 81 7 28 6 133 5 85 4 76 3 77
1735 3.4237280305517865 -1.471685732843494 2.9180174842675948 171 124 96 1.0574959260158492 10 112 9 114 8 119 7 131 16 133 15 134 14 143 19 35 18 82 17 99 16 103 15 101 13 172 12 186 11 136 10 156 9 156 8 214 6 241 5 93 5 251 4 127 4 261 3 95 3 265 2 176 1 97 1 255 1 281
1736 3.3102563278466657 -1.7866571254824835 1.9114128902955001 119 83 61 0.59457833874575916 16 223 15 218 14 208 13 198 12 215 8 231 9 208 7 234 10 236 9 232 6 230 5 222 4 174 3 171
1737 3.5257365754146708 -1.5976952507602455 3.0547659474157234 61 42 33 0.39490644883582543 8 238 9 194 7 242 6 289 7 267 5 275 4 299
1738 3.3674833471717434 -2.3551208477196011 2.8745394694335413 91 73 57 0.050852427635666504 11 3 6 15 4 8
1739 3.6992306793768752 -1.9947071428618175 3.1381107063739275 60 41 25 0.13126694850362017 7 24 6 34 5 20 4 20 3 23 2 19 1 86
1740 3.3614017787825188 -1.6924031866084273 3.1251638836960387 188 113 95 1.9777581769703114 8 39 6 43
1741 4.3011881863355281 -1.9008259518000039 3.1159772910957511 19 7 1 0.27870848952687588 8 40 6 45 4 33 2 38 1 51
1742 3.4005647349257058 -1.531134221220168 2.9185848180131035 164 116 90 0.22138095725705079 7 33 6 48 4 34 2 39
1743 4.2721504322423387 -1.6151693087883929 3.2133798523221824 79 49 22 0.33866675067604668 11 25 6 55 5 33 4 38 3 42 2 43 1 58
1744 3.9296760713177763 -1.5263423324200016 3.159431166969525 52 39 23 0.29195104320606302 7 39 6 56 4 41 3 96 1 99 2 91
1745 4.2819092641068366 -0.94328265212244722 3.2338298925129747 45 24 5 0.12182606774938005 7 48 6 64 5 101 4 50 3 51
1746 3.2277548122689419 -0.53958597622995863 3.6341180654925065 25 17 12 0.25817710223596768 8 53 6 65
1747 4.8601798889806727 -0.2586604144597961 2.244913953583402 0 0 0 2.2606458580488793 9 89 10 83
1748 3.4965279441024739 -2.5039546049340755 2.8833209059271674 112 90 71 0.22396016801924654 7 3 6 69 5 1 4 0
1749 4.4568134850631829 -0.87004104388940762 3.4136321022607321 91 73 57 0.3349571498289452 7 146 8 93 6 107
1750 3.3973884782850097 -2.1654820837464577 2.9549586297224772 50 32 22 0.20007474448798179 7 109 6 124 4 111 2 111
1753 3.6571294461050226 -2.389750931997781 3.0089605433773547 103 80 60 0.68215995447105271 7 155 6 170 5 216 4 161 3 159 2 155 1 179
1754 4.203841011861174 -2.4406565811427621 3.0151996144293864 112 85 63 0.77357955437999237 7 111 8 74 6 172 5 217 4 218 3 251 2 216 1 269
1755 4.1670716790840743 -1.8653140018721108 3.1344370738207195 8 2 1 1.947826556754346 9 111 6 188 5 89
1756 4.4069646576924573 -1.6399918374435292 3.2555548038719282 255 255 255 1.003872996002156 8 168 6 194 4 227 3 181 7 85 2 229 1 205
1757 4.2415645832592848 -2.7917903093112471 2.8738622854057212 51 36 22 0.28390444279128513 9 203 6 222 4 239 3 246 2 242
1758 3.3939534618173464 -1.9603491298218738 2.9966261462143278 221 155 130 0.48314458290548712 8 202 6 227 2 220 1 248
1759 4.3928515365117144 -1.8391315692285897 3.2329801454438556 255 255 255 1.1418327002556474 12 144 6 237 5 224 3 233 1 254
1760 4.223002834523462 -1.584081572477559 3.1254807348120703 24 12 7 0.46662195403641382 7 177 6 242 5 253 4 286
1761 4.4212408852013452 -1.1413231020215078 3.3507222140439739 255 255 255 1.277547445191521 8 220 6 245 5 189 3 238 2 233 1 261
1762 2.8336955774322843 0.18695920828487961 3.6253631171574874 212 169 127 0.46857984642509265 7 225 6 249 5 193 4 231 3 193 2 236 1 219 1 285
1763 3.1403904930708721 -1.6923551352255715 2.1316568484079168 231 187 158 0.74000030769595171 7 233 8 229 6 256 4 226 3 230 2 167 1 195
1764 3.7309282727113415 -1.8544587659065455 3.1393979808781518 68 50 31 0.18866386306835439 7 237 6 261 5 244 4 249 1 298
1765 3.121151825729978 -1.287048908232209 2.1454336015779329 255 255 255 0.44071685604359823 7 246 6 267 5 252 1 283
1766 4.3514109553140061 -1.7111514451827279 3.2273203498056189 30 16 6 0.25499823051419496 7 270 6 292 4 282 3 305 2 280 1 303
1767 3.2632763895967392 -2.1070727755241916 2.8183511858684938 85 62 44 0.17707771948825993 7 287 6 316 5 293
1768 3.243147610161726 -1.0165285272180911 2.3892742529361568 232 182 157 0.74886930626137849 8 288 6 333 4 303 3 309 2 306 1 308
1769 3.2815430447517451 1.5606384047316395 2.7103076246668882 255 255 255 1.5541664011015988 8 293 6 341 7 300
1770 4.0185504816874307 -2.682282119851104 2.8899891143667542 57 35 18 0.85714886456422956 7 310 6 346 5 324 4 333 3 337 2 332 1 351
1771 3.1620026841704236 -1.5612947439305316 2.0046570642127488 255 255 255 1.2281112202389739 6 347 5 326
1773 3.387643200376778 1.5178190800254636 2.3721907382444307 255 255 255 2.0528643884909115 7 327 6 354 2 339
1774 3.5383662279722294 -1.3573643286332484 3.0336556960563534 181 134 104 0.36768036290535983 7 321 6 357 5 332 4 336 3 341 2 335 1 355
1775 2.9102037836980115 -0.011799503366675092 3.7535622324827935 233 191 149 0.82782975665280412 6 387 5 356
1776 4.3829838955531528 -1.6394828446020706 3.2889055832169234 255 255 255 1.4385630305188775 13 206 12 238 10 263 8 279 6 297 11 223 9 241 5 280 4 285 3 285 1 321
1778 3.5153365873637545 -2.5033509571910999 2.8339203460059226 50 32 18 1.3479240925306879 7 4 5 2 4 3
1779 3.4926584740571056 -2.4937233180854461 2.8480034027291232 50 32 18 1.6811156747051372 7 5 5 3 4 2 6 6
1780 3.4412781657153908 -2.1319349858897754 2.994486080321467 57 38 22 0.2179540192419096 7 17 5 16 4 17 3 15
1781 3.4620144291959032 -2.1122595671549518 3.0240859502055404 55 35 19 0.27253710425060851 9 13 5 17 3 14
1782 3.34058120533994 -1.9029047855988879 2.9287831431031126 133 90 70 0.19525257726138309 6 37 5 22 2 20
1783 4.3101237757835502 -1.4711493558467916 3.2638838957275249 33 12 3 0.28835405508392992 9 39 5 38 4 43 3 46 2 48 1 64
1784 4.3367647472122446 -1.1497376765287715 3.2986041541861901 77 52 28 0.67076042601114494 7 47 5 40 4 45 3 101 4 95 1 110
1785 3.5767417145241041 1.0708038100816379 4.2896193948571035 255 255 255 1.6872087163698335 6 111 5 47 4 201
1786 3.3965448656437789 -2.26303409014431 2.9219858480192062 81 63 49 0.64220775321888957 6 23 7 107 5 61 3 64 1 78
1787 3.3965448656437789 -2.26303409014431 2.9219858480192062 81 63 49 0.64220775321888957 6 24 7 106 5 62 3 63 1 77
1789 4.2678845811985227 -2.5154383972688033 2.9883646488810367 25 11 3 0.21659445676486241 6 76 5 66 4 65 3 67 2 72 1 81
1790 3.7653017431254057 -2.0402785559625842 3.1459689509540727 45 32 20 0.16345925778296252 8 27 5 73 3 123 2 117 1 138
1791 3.4329156504488796 -1.8890203709982276 3.0949882271827676 168 90 69 0.31526400334189181 6 36 10 12 5 74 4 21 2 75 1 87
1792 3.9168740128125306 -1.4761423204951214 3.1608662966888339 101 85 66 0.19515873012729415 6 57 5 96 4 42 3 97 1 60 2 92
1794 4.6535582137998244 1.4013843655497773 3.8004795541915355 16 14 17 0.45706254747222735 6 117 5 108
1795 4.3496405438994232 -1.1713481031731197 3.1156184160611584 73 61 35 0.22532002114411917 6 102 8 131 5 141 4 140 3 104 2 98
1796 4.2745716786447749 -1.0508893574206706 3.1636212083050328 82 63 39 0.40326456038596231 7 145 5 145 4 96
1797 3.3102711485957466 -2.5205661192295499 2.7090647136793997 68 53 38 0.0057959610331273677 6 160 5 154
1798 4.2771423906442072 -2.7867843613857972 2.8821609490230902 42 29 14 0.24037140806841353 7 154 5 160 3 153 1 169
1799 3.5716891361755887 -2.3971033467946898 2.9788560186669013 109 85 65 0.37828715649163575 6 167 5 161 2 210
1800 4.3587186314029918 -2.5239609124485556 3.0054085830170001 28 18 8 0.2365728658376661 6 171 5 163 4 162
1801 3.4116619718515544 -1.6589182951709047 3.068645419026506 172 102 84 0.037641352198429956 6 185 5 177 4 178
1802 3.3801421002008105 0.97960681470961419 4.5273731263456671 255 255 255 1.0607663842531618 6 211 5 197
1803 4.2235589472077084 -1.769499434342735 3.1060508451839688 11 4 3 1.0084974888687159 6 191 5 225 4 258 2 260
1804 4.5166644104301668 -0.8455598005034537 3.4446609021530534 61 43 22 0.83723137384287716 6 275 5 230 4 192 3 240
1805 3.6919613060716125 1.1317950611247922 4.3014198449728518 102 89 77 1.1250700542825778 7 148 5 262 4 294
1806 3.6919613060716125 1.1317950611247922 4.3014198449728518 102 89 77 1.1250700542825778 7 147 5 263 4 295
1807 4.6825564419567538 1.3508876867768047 3.8309241024122391 255 255 255 3.121863078237384 7 197 5 264
1808 3.8916779380739852 -2.7833645771073332 2.7406132246706312 255 255 255 0.67997150444739418 6 159 5 268 4 270 3 297 2 297 1 329
1809 4.3910069602976787 -1.8339829362939817 3.248706288873926 255 255 255 0.56932827850467282 6 291 5 277 4 281 3 283
1811 2.9778212053226523 1.0967312741594697 3.9588196509492972 21 19 20 1.040018911916855 6 312 5 304 4 325
1812 3.5359804080378945 -2.1085077833443973 3.0742034308360298 62 44 32 0.5720696032907524 6 330 5 310 4 326 3 325 2 324 1 343
1813 3.1843092344464123 -1.2648684327570821 2.1193235977158986 255 255 255 0.58190612765608463 6 332 5 317 4 323 7 313 3 319 2 318 1 334
1814 4.2296119774957104 -1.2802260415629891 3.0397933155694492 255 255 255 1.27478031287742 6 324 5 318 3 327 2 325 1 356
1815 4.3699591692254787 1.3078661124711057 3.8227957878530923 17 15 18 1.7956050730552326 6 311 5 322 4 332 3 333
1816 3.514960041967456 -1.9042706233465623 3.0573314284468154 185 107 88 0.57587459479178116 6 367 5 338 4 344 3 348 2 343 1 360
1817 3.3793404889329564 -0.45363960711951412 3.610257554890878 244 202 161 1.3698842959618132 6 363 5 343
1818 2.9594538825778689 0.94645267766123031 3.9386781966993061 215 171 136 1.5925945056397086 7 326 5 344 4 349 2 348
1819 3.3758887258109618 -0.25625895944395116 4.1058543060268935 165 121 89 3.1673800734680073 6 383 5 352
1820 3.3665687439379899 -1.6579733828893564 2.9627482515295132 161 91 67 1.3446847197673804 14 72 9 73 8 85 6 186 5 178 25 134 24 135 23 147 22 127 21 161 20 151 19 140 18 134 17 165 16 182 15 187 14 193 13 183 12 219
1821 4.3711097987339818 -1.412764747358249 3.038214644991335 57 50 30 0.48667300912237493 7 139 6 148 5 99 9 119 8 126 4 92 3 100
1823 3.7543104624532284 1.6526686040978047 2.4126759315877111 9 7 6 2.1887999144317609 32 295 31 306 28 278 27 285 24 264 22 250 24 259 18 223
1824 3.350042682032464 -2.3292179071494123 2.859004850966854 81 61 46 0.39284724564525497 10 4 4 10 2 5
1825 3.2749961472263744 -2.2234375924968464 2.837800376888068 86 64 48 0.19912305929538821 6 16 4 11 3 5 2 12
1826 3.663859336071277 -2.2101967061340688 3.079639515149295 83 69 56 0.11245019495156298 5 15 4 16 3 13 2 14 1 22
1827 4.3227443933464578 -2.2782808816677411 3.0704025051339796 122 93 68 0.21291300055988685 6 33 4 19 3 20
1828 4.2531520904036517 -1.9510087814790817 3.120236091801095 64 46 34 0.16403616638967528 5 29 4 32 3 37 2 36 1 50
1829 4.1713947810952003 -2.6627512192953264 2.8721856597814064 48 35 18 0.32227516282803215 5 115 4 62 3 62 2 65 1 15
1830 3.1137417707005994 -2.1182834100085319 2.6363098121619508 171 135 112 0.15938132955246984 5 64 4 64 3 66 2 71 1 80
1831 4.1607618928051862 -2.2829137566765052 3.0769918445028441 34 18 6 0.20612432002473016 5 72 4 71 3 121
1832 3.080296774372719 -1.7012443760562825 2.3617672652945148 76 54 38 0.285486884131538 5 79 4 74 3 32 2 31
1833 3.0860091106225065 -1.703737784237219 2.3576443782667464 76 54 38 0.26589880503425833 5 78 4 75 3 31 2 32 1 46
1834 3.0327073562896749 -1.3642376867151578 2.1380014590857055 183 137 123 0.17314980328332741 5 90 4 85 3 88
1836 4.1692594432587393 -2.4796084736348196 2.9845548096246892 23 11 6 0.12637381414659243 5 65 4 112 1 180
1837 4.3050784529388944 -2.29514413474902 3.0956039612358319 25 17 8 0.62091736823593835 5 119 4 114 3 164 2 221 1 188
1838 3.5742327022595122 -1.8967549832624215 3.1124204104197926 158 125 101 0.1260816058839791 5 83 4 118 3 167 2 224
1839 3.5895393496622132 -1.8460633026977866 3.1100964369879458 164 128 103 0.15205317562054388 5 84 4 119 3 168
1840 4.1190121285801169 -1.9461882088395246 3.1496970552442249 30 15 6 0.85914083129603325 5 27 4 121 3 126 2 120 1 197
1841 3.8754074666926304 -1.7504333252726207 3.1544436732523531 63 54 44 0.16694935481782447 6 91 4 123 3 129 2 126 1 200 7 128
1842 4.2930346617063178 -1.2812220744479257 3.2693085422033823 36 17 6 0.28856475557437761 6 149 4 135 3 138 1 153
1843 4.1195699060606641 -2.7770533646284199 2.8196340024523865 110 85 58 0.59764929727230565 5 157 4 156 3 154 2 151 1 170
1844 4.041184603748075 -1.7871195644645759 3.1131205948657099 25 18 10 1.8751400902692128 6 139 4 180 2 227
1845 2.6498148691280607 1.2424034354310867 3.89624449598172 204 159 128 0.23221785470737022 5 205 6 218 4 209 3 210 2 203 1 235
1846 4.2235280058583822 -2.2515275192862529 3.0718960218737346 137 107 82 0.48638235713391281 5 167 4 223 3 225 2 249 1 273
1847 4.2384389009034997 -1.8821306362661816 3.1066334993585034 4 2 1 0.4839118311755552 7 240 4 252 3 258 2 257 1 277
1848 3.9221735166325065 -2.0695816897016748 3.1461077919684648 18 12 7 0.95169897138755777 5 241 8 109 4 274 3 300
1849 3.2880792880955658 -1.6441385274895246 1.9266380768315579 255 255 255 1.8784591819974492 5 312 4 298 3 302
1850 4.3489898553174298 -0.86498526756191696 3.1544805124034436 235 216 201 1.8268522373822658 5 301 4 307 3 290
1851 3.5455036564794158 1.0570897197701019 4.4023302588861899 133 111 96 0.57126592410112875 5 335 4 339 3 345
1852 3.5952000905493886 1.0658493876881905 4.3914939674950837 133 111 96 0.74302939653764655 5 334 4 340 3 346 2 329
1853 2.8244563160420357 -0.033316882391004971 3.7493595140565992 0 0 0 0.7356421506958678 5 353 6 384
1854 3.1904607025533402 0.87477513247532757 4.5797239084228831 139 107 77 1.7201535436941757 6 327 5 303 4 311 7 305 6 352
1856 4.2809908539227743 -1.1586493750012208 3.2914447900702504 109 80 53 0.16544368061408982 4 47 3 49 2 49 1 65
1858 3.5029329867994177 -2.5075064879298097 2.8810177270715034 116 94 75 0.31569999966379214 4 1 3 56 2 56 1 1
1859 3.3556496439232317 -2.1295748136309958 2.9214917700715013 67 51 38 0.15279057429151224 4 67 3 71 1 83
1860 3.6905252385884819 -2.2466172253797367 3.0808839848889251 80 66 53 0.26790916118226271 5 116 6 77 3 119 2 113 1 133
1861 3.0648544754979179 -1.6962726522317051 2.4461465108880649 177 125 95 0.36272029570840114 4 116 3 124 2 81 1 141
1862 3.8602786834731813 -1.9001961027552428 3.1615738315342545 64 54 43 0.20250546374460845 4 79 3 127 2 83 1 139
1863 4.1463471022481517 -2.8745199399504213 2.6777086295226367 98 75 51 0.18147113905031853 4 153 3 151 2 150 1 238
1864 3.7135604464101211 -2.0931097587112593 3.1189541048931693 56 40 26 0.4007417437357717 5 166 3 163 2 159 1 185
1865 3.1651237979486559 -1.6322699011910502 2.1695744075233572 184 133 105 0.067947132131739252 4 173 3 175 2 169
1866 4.2411625379774929 -1.5271340989858457 3.1361758689202839 22 12 5 0.056645107724995584 4 185 3 183
1867 7.2738349091699082 0.72475916607759749 1.3567530991311563 126 91 61 2.6371372808725391 12 160 3 194
1868 2.8998302728938636 0.90718254234484275 3.8208539650964362 94 71 56 0.29825657660805388 4 232 3 196 2 238
1869 3.2329305121580263 0.87973783396927252 4.5993318031246453 151 120 98 1.0453666939164148 4 197 3 199 2 194
1871 3.4368957120145076 1.0846487388595707 4.5106948362597468 137 115 97 0.56437131386767569 6 115 3 205 2 201 1 228 6 213
1872 3.4303232445695069 1.0840710538869958 4.5133984317853271 137 115 97 0.62397199439509798 6 114 3 206 2 200
1873 3.249580343918149 1.6731534721520958 2.6568386464269569 8 7 6 0.98600225155419086 4 268 3 211
1874 3.5904064396796609 -2.5577207645634408 2.8816896782989385 68 52 36 0.33451722900642306 4 210 3 213 2 208 1 240
1875 3.5784908307055532 -2.4059419870660887 2.9736313847374722 107 86 64 0.2117498066356277 4 211 3 215 2 209 1 241
1876 4.2435943632330178 -2.2610987701837093 3.0604839021668688 127 98 71 0.46222225077806184 4 224 3 226 2 250 1 272
1877 3.229448419800125 -1.6494521153649651 2.0318095891312167 0 0 0 0.38388568053301092 7 265 6 258 5 174
1878 3.1311555673008282 -1.5124194635114634 2.146406399567538 196 147 124 0.33304547998155137 4 279 3 282 2 279 1 302
1879 2.8384096935521037 1.2146013134868197 3.8974788886997924 112 85 70 0.47076551477754386 4 267 3 296 2 311
1880 4.3699038762052576 -1.4228745066088084 3.0640162936137205 20 12 8 1.4217103555411357 4 302 3 307 2 304 1 323
1881 3.4107517181972025 -1.5797099706916937 2.9739258015436771 203 147 127 0.14602283070807079 4 319 3 317 2 315 1 332
1882 2.9364848568311999 0.99715390147988203 3.9405020902864427 205 158 122 1.5425929148841053 4 331 3 331 2 338
1883 4.4299625328249848 -1.0627342889769931 3.4388410973177077 255 255 255 0.63954892230699156 4 337 6 360 3 342 2 337 1 358
1885 4.4018234045001083 -1.2554490015668616 3.2075232526709341 24 12 5 0.62709891262091366 4 353 3 357 1 366
1886 2.6997950322260595 0.036640965583262998 3.8415663168161949 231 189 146 2.2285048484821046 3 361 2 354 1 369
1887 4.226815717468944 -2.194415007580274 2.5487243345384432 0 0 0 1.0471383846237223 8 332 9 310 7 349
1889 3.8301809629419847 -2.4634273649275595 2.9973271029555617 75 61 46 0.23206205933000956 3 10 2 9 1 76
1890 3.8511479118598735 -2.0750561614016529 3.1315525225530951 64 54 45 0.42048635523720629 3 22 2 18 1 29
1891 3.8281794373100984 -1.9450348141266796 3.1746220400599263 35 23 15 0.32041729059738988 3 29 2 27 1 91
1892 3.906261101813886 -1.6182522793576224 3.1560942080286436 62 50 42 0.26510365818006165 4 35 2 40 1 56
1893 4.1869052721416882 -2.0795756719392062 3.1091651734126149 8 1 0 0.081663170349858441 3 28 2 79 1 192
1894 4.2096380521777181 -1.7677360972004397 3.1590226309798961 56 41 25 0.2830702620090233 3 89 2 87 1 95
1896 3.44993912808004 -1.7167865587461031 3.0513677531753016 215 155 135 0.48196778768340437 3 84 4 175 2 122 1 143
1897 3.8205117444200187 -1.6392651521549579 3.1369911838410784 35 22 12 0.26449722310628215 4 126 2 130 1 147
1898 3.1687272239361781 -1.2180035455702931 2.4459731226924664 214 170 143 0.1949903538657736 4 130 2 133 1 151
1899 3.1145362042588776 -0.4990607605386827 3.6860935713538359 243 197 159 0.15910491462099849 3 191 2 141 1 69
1900 3.3414359527063175 1.0694602921308367 4.5443689191053593 138 116 99 0.01735950881962536 3 148 2 143
1901 4.265845157360558 -1.9269741273600645 3.1717800538492931 33 16 7 0.17994296671947529 3 178 2 171 1 199
1902 4.3600921334963942 -1.5377670896603883 2.9837861655204776 255 255 255 1.9877998632188145 3 235 2 178 1 306
1903 4.3871633223805029 -1.0827084743113711 3.3434177368457769 43 34 14 0.36338297610317144 3 189 2 183 1 210
1904 3.6373009516864721 -0.7421737665822089 3.3174028883751516 188 140 101 0.090542438460670338 3 190 2 185 1 213
1905 3.3604009298266622 0.93223130764461537 4.5404900622028723 255 255 255 1.4428373142468207 3 200 2 195 1 222
1906 3.7545623283777139 -2.3725274012181612 3.0405022144018883 68 53 40 0.28912514802046901 4 160 2 215 1 244
1907 3.4446405068452401 -1.8070784372914677 3.0625241333031568 218 160 138 0.38292359829688177 3 228 2 225 1 249
1908 3.282289427351158 1.1436499487905303 2.3179682467060907 24 20 20 0.031612117504160375 3 293 2 237
1909 4.3391628185817845 -2.5320694763469267 3.0051818889448541 29 19 8 0.35284072997342869 3 250 2 245 1 268
1910 3.997864261787881 -2.2911071778360959 3.0679306467912415 24 18 12 0.63735440139611033 3 222 2 247 1 292
1911 4.3703725845463692 -1.3030984062485329 3.0274241877794399 255 255 255 1.3848889471130292 5 187 2 263 1 259
1912 3.8098652853095021 -1.2653265202961099 3.0577957648815293 171 134 96 1.5068346091058962 3 308 2 305 1 336
1913 3.4484901810018234 1.6238789644698299 2.5219979516623674 9 8 6 0.74704742205092478 3 315 2 313 1 341
1914 3.4080028650787 1.5821102907365354 2.570002500812981 12 8 7 1.7401367543676132 3 334 2 330 1 348
1916 3.0545186449121871 1.5314336390061203 3.0293532614141609 255 255 255 1.7386428318754792 3 355 2 341 1 350
1917 3.1988127363039616 -0.93552229360058281 2.7660066139093837 134 89 62 0.60358688497587076 3 358 2 351 1 368
1918 3.4734531841678877 1.601196103500764 2.518282918157829 7 6 5 1.6538086487936998 12 293 2 331 3 335 11 284 1 349
1919 3.2624877033914563 1.4313722281729295 3.362083244439158 0 0 0 0.67488823798072151 4 104 5 150
1921 3.1008173829718095 1.4240968762843753 3.2212320007188717 255 255 255 0.88797863141565325 2 147 1 124
1922 2.8870919870636929 0.89710873491284837 3.7730458187620428 8 4 2 0.43152007293155842 8 180 1 158 5 195
1923 3.3755010398235705 0.94169104468702658 4.5321598232504199 255 255 255 2.4064355341496491 4 198 1 223 3 111
1924 3.4423773751178675 1.0847682025136485 4.5076049562477563 138 115 98 0.081360333564360815 6 212 1 229
1925 4.5724035206165876 -0.82996158750701166 3.4177475446114256 39 25 10 2.0317954635509521 2 266 1 327
1927 3.1803202348999 -2.4241731096932333 2.4328219323086522 155 121 101 1.6619414752682773 4 55 3 55 6 2 1 73 26 56 25 56 23 103 21 114 18 88 17 106 15 116 9 96 12 1 7 102 12 120 10 87 11 73
1928 3.4345478387474948 -2.0218322738981049 2.9884213101575785 84 55 37 0.66448619399437936 3 72 8 107 2 116 1 85 17 51 16 91 15 91 13 163 12 178 11 119 10 199 9 188 8 201 7 207 6 226 5 219 4 220 3 223 2 219 1 187
1929 3.1779608522369327 0.94072879636470341 3.0619617575156983 10 9 8 1.9502838091099699 2 359 1 375
