v 3.8894365556948713 -2.6011071658023841 2.0809863319572131 0.3176470588235294 0.25882352941176473 0.21176470588235294
v 4.054311777410927 -2.496594971628852 2.0403856883966149 0.4470588235294118 0.3803921568627451 0.3215686274509804
v 4.054311777410927 -2.496594971628852 2.0403856883966149 0.4470588235294118 0.3803921568627451 0.3215686274509804
v 4.2380427035097572 -2.6246016375946088 2.40256004481639 0.4196078431372549 0.34509803921568627 0.28627450980392155
v 4.293334676264708 -2.7554929074017669 2.5102350915768143 0.38823529411764707 0.30980392156862746 0.2235294117647059
v 3.5828464961837931 -2.3587888005843869 1.8593721253322621 0.49411764705882355 0.4117647058823529 0.3254901960784314
v 3.5828255445539368 -2.3586608211395732 1.8586834886530916 0.49411764705882355 0.4117647058823529 0.3254901960784314
v 3.9484026026221 -2.3748643582167936 1.9298420809545551 0.30196078431372547 0.23529411764705882 0.17647058823529413
v 3.9479481132863112 -2.3755340989139175 1.9328346337489226 0.30196078431372547 0.23529411764705882 0.17647058823529413
v 4.0428889619145076 -2.4632279722770001 2.0103386932357701 0.42745098039215684 0.36470588235294116 0.3137254901960784
v 4.190547299906096 -2.5895688578220271 2.3552215178088387 0.1803921568627451 0.14901960784313725 0.12156862745098039
v 3.8552567406707254 -2.2796690302650258 1.8657737721352816 0.4980392156862745 0.4 0.3176470588235294
v 3.8814137646342717 -2.2893044145499601 1.885554346186644 0.3607843137254902 0.2627450980392157 0.18823529411764706
v 4.0223172155586591 -2.3425309735544624 1.9456946631622685 0.34901960784313724 0.2901960784313726 0.24313725490196078
v 3.9908315313641496 -2.1937162120698366 1.9135125551200109 0.3568627450980392 0.28627450980392155 0.2196078431372549
v 4.2294924536644976 -2.2813454403278737 2.0931034389422294 0.21176470588235294 0.17647058823529413 0.1411764705882353
v 3.8142868308061257 -2.0728073343308386 1.8593404230753368 0.6509803921568628 0.5176470588235295 0.43137254901960786
v 3.8142868308061257 -2.0728073343308386 1.8593404230753368 0.6509803921568628 0.5176470588235295 0.43137254901960786
v 3.9277528176858723 -2.0732538029131273 1.8978845419675834 0.33725490196078434 0.24705882352941178 0.1607843137254902
v 4.092425204734405 -2.1304876019988623 1.9798179740668391 0.29411764705882354 0.24313725490196078 0.19215686274509805
v 3.7603956891634915 -2.0415601502953433 1.8543686742638841 0.6941176470588235 0.5490196078431373 0.4588235294117647
v 4.08099754452555 -1.9892492490771156 1.9819145614638038 0.38823529411764707 0.3137254901960784 0.2549019607843137
v 4.2101223195499022 -1.9109423822350651 2.0704327258088551 0.2901960784313726 0.23921568627450981 0.18823529411764706
v 4.1514153060081886 -1.4233883518161226 2.1581683990468719 0.5882352941176471 0.4392156862745098 0.3333333333333333
v 3.2309139123166051 -1.3233874726679082 2.1347420197941664 0.8352941176470589 0.6235294117647059 0.5411764705882353
v 4.5467025411488668 -1.2763700564816078 3.0237700936931118 0.43529411764705883 0.3333333333333333 0.23529411764705882
v 4.4683094382330797 -1.107421245224206 3.0454898312841143 0.3764705882352941 0.27450980392156865 0.16470588235294117
v 3.9847506285525305 -2.4623174712591669 1.9800452765899614 0.4 0.3333333333333333 0.27450980392156865
v 3.9010204605132355 -2.387584171143192 1.9224652589375333 0.3686274509803922 0.30196078431372547 0.24313725490196078
v 4.0216928325438657 -2.407364688129404 1.9712175795039506 0.4 0.34901960784313724 0.29411764705882354
v 4.0215242718748758 -2.4075954257923167 1.9716103624128316 0.4 0.34901960784313724 0.29411764705882354
v 3.4869678159837192 -2.2640149865714814 1.8277525956876974 0.611764705882353 0.4627450980392157 0.3686274509803922
v 3.6761991913817944 -2.3061115790582565 1.8391204105000518 0.6235294117647059 0.49411764705882355 0.396078431372549
v 3.8427228326028389 -2.1431477380137345 1.8561954886624517 0.5411764705882353 0.4196078431372549 0.32941176470588235
v 3.8226937716698903 -2.129679906597802 1.8595184160378848 0.6196078431372549 0.47843137254901963 0.3803921568627451
v 4.2764339490925432 -2.1543378762298957 2.1301250042373248 0.20784313725490197 0.17647058823529413 0.13725490196078433
v 3.8296064129587264 -2.0349638371773988 1.8705943141274524 0.5058823529411764 0.3764705882352941 0.2901960784313726
v 3.8419097920715699 -1.9427258495339434 1.8989103610973628 0.5686274509803921 0.43137254901960786 0.34509803921568627
v 3.9372119330155133 -1.9403291557627043 1.936854128827991 0.5725490196078431 0.45098039215686275 0.36470588235294116
v 3.9975048849469479 -1.7701596187075319 2.0101197294656954 0.4117647058823529 0.2980392156862745 0.2196078431372549
v 3.4375460622934875 -1.6378225014412304 1.9478900878669168 0.3803921568627451 0.25098039215686274 0.19215686274509805
v 4.0046929320349767 -1.7360611463650926 2.0238564557340837 0.37254901960784315 0.24705882352941178 0.1607843137254902
v 4.5258134643868768 -1.7118883793681114 2.9452990844130351 0.2901960784313726 0.24705882352941178 0.16862745098039217
v 3.2977741577096467 -1.3814339800665367 2.1105786065444807 0.9137254901960784 0.7176470588235294 0.6235294117647059
v 4.3622376895463626 -1.1611707378672551 3.1079898584414005 0.17254901960784313 0.10196078431372549 0.027450980392156862
v 4.4640672585246906 -0.24947918272186223 2.244314451189064 0.8431372549019608 0.6666666666666666 0.5568627450980392
v 4.2789636941172473 0.77967385982168591 2.0237458111311328 0.7176470588235294 0.4745098039215686 0.3215686274509804
v 4.1388797963843427 1.334078451542414 2.2277962883865143 0.1450980392156863 0.12156862745098039 0.10196078431372549
v 4.159297643288042 -2.761147096441658 2.4553216860989542 0.807843137254902 0.6509803921568628 0.48627450980392156
v 3.5804853188831904 -2.4261547242005799 1.9062719859224322 0.24705882352941178 0.2 0.12941176470588237
v 3.5049604339664895 -2.2422551207099439 1.8139961505888695 0.7803921568627451 0.611764705882353 0.5137254901960784
v 4.199187669332761 -2.3236740883884224 2.0825423513754933 0.20392156862745098 0.17254901960784313 0.12941176470588237
v 3.4441135610299405 -2.1796149174725223 1.8320670296245976 0.807843137254902 0.6078431372549019 0.4980392156862745
v 3.9100885900394564 -2.1573177615629606 1.8852550801898806 0.4196078431372549 0.3254901960784314 0.24705882352941178
v 3.9100536488787685 -2.1573710372391934 1.8850197801629107 0.4196078431372549 0.3254901960784314 0.24705882352941178
v 3.9401387585483554 -2.1371530234546219 1.8936294782793224 0.43529411764705883 0.34509803921568627 0.2627450980392157
v 3.9314323152217661 -2.0105974220642717 1.9157912451446835 0.48627450980392156 0.3803921568627451 0.2980392156862745
v 4.0952046737665935 -1.8502155483013252 2.0322322183671799 0.2901960784313726 0.20784313725490197 0.1450980392156863
v 4.1822222645990559 -1.8892863041915433 2.0739432244971532 0.29411764705882354 0.23137254901960785 0.1803921568627451
v 3.4260418302928595 -1.59811412851501 1.9647970945886206 0.6745098039215687 0.4745098039215686 0.34901960784313724
v 4.0105750474230959 -1.6176555387788536 2.1050295097715574 0.7490196078431373 0.5411764705882353 0.4117647058823529
v 4.5158865101713879 -1.3529370602554427 3.0032477279292671 0.20784313725490197 0.1568627450980392 0.09803921568627451
v 3.3571448027356601 -1.1985121532858483 2.1430034691634443 0.7843137254901961 0.5843137254901961 0.49411764705882355
v 4.1195902486162428 1.3183435332695759 2.2366768209628551 0.40784313725490196 0.3843137254901961 0.35294117647058826
v 4.3447733120534089 -2.691430738420455 2.594519165161854 0.5294117647058824 0.4235294117647059 0.3254901960784314
v 4.4798413131484729 -2.5588214371732092 2.7156441272588525 0.23529411764705882 0.1843137254901961 0.13333333333333333
v 4.145753613176165 -2.2359196587613726 2.0106418716628731 0.3058823529411765 0.26666666666666666 0.2235294117647059
v 3.7295988691071078 -2.0651950010322535 1.8415453142554961 0.7607843137254902 0.6078431372549019 0.5058823529411764
v 4.039547436926382 -2.0865231500624262 1.9560588537752686 0.21568627450980393 0.1607843137254902 0.10196078431372549
v 3.9561260794701076 -1.9998804557427641 1.9274716966353156 0.38823529411764707 0.29411764705882354 0.2196078431372549
v 4.0138290596574242 -2.0597969150559114 1.9448381946801783 0.2549019607843137 0.1843137254901961 0.12941176470588237
v 4.2259928171558414 -2.0551053592859807 2.0851418181419774 0.15294117647058825 0.11764705882352941 0.08235294117647059
v 4.2259928171558414 -2.0551053592859807 2.0851418181419774 0.15294117647058825 0.11764705882352941 0.08235294117647059
v 4.0984067627194118 -1.8884590613744834 2.0240539351280225 0.3607843137254902 0.2784313725490196 0.21568627450980393
v 4.0528944276500836 -1.8179787322640222 2.019004432600398 0.32941176470588235 0.23137254901960785 0.16862745098039217
v 4.1826057279711737 -1.8249342224353553 2.1241256387507699 0.4588235294117647 0.36470588235294116 0.2980392156862745
v 4.2128709785998772 -1.8455897562968455 2.1490425974558729 0.41568627450980394 0.3333333333333333 0.27450980392156865
v 4.1369578581069488 -1.7146671313161905 2.0598326150859121 0.6509803921568628 0.34901960784313724 0.23529411764705882
v 4.1369413130705368 -1.7156624536467737 2.0631606792641843 0.6509803921568628 0.34901960784313724 0.23529411764705882
v 4.0769488461249024 -1.688806756872995 2.0809097075170007 0.4666666666666667 0.1843137254901961 0.12549019607843137
v 4.0764582670564673 -1.6912559658140456 2.0783287111714461 0.4666666666666667 0.1843137254901961 0.12549019607843137
v 4.0938061559429002 -1.4514125272856324 2.1448412855046461 0.7254901960784313 0.4627450980392157 0.3568627450980392
v 3.1950168851809737 -1.3550886351247431 2.1324849449300904 0.3568627450980392 0.20392156862745098 0.16470588235294117
v 3.1950957601691199 -1.355773815012054 2.1332617417959652 0.3568627450980392 0.20392156862745098 0.16470588235294117
v 3.2432156025397143 -1.1515872653640244 2.2146339567643203 0.8235294117647058 0.43529411764705883 0.4196078431372549
v 4.3426040955132672 -1.1837231259818908 3.1154286218253588 0.2823529411764706 0.23137254901960785 0.13333333333333333
v 4.5259735458499 -1.0500004901603188 3.0790679502171621 0.47843137254901963 0.3686274509803922 0.2549019607843137
v 4.5266817905898176 -1.0470113443043285 3.0783566557870712 0.47843137254901963 0.3686274509803922 0.2549019607843137
v 3.463084353239406 -0.93420260515493847 2.5884622627651428 0.6078431372549019 0.43529411764705883 0.33725490196078434
v 4.5942748351285854 1.3557039963002278 1.985320732192122 0.8509803921568627 0.6352941176470588 0.4745098039215686
v 4.3638959777520405 1.7566060904748459 2.0760221494906839 0.8470588235294118 0.6313725490196078 0.49411764705882355
v 4.0138121536754525 -2.4599693663512938 1.9867807581253685 0.3254901960784314 0.26666666666666666 0.21176470588235294
v 4.3570963455118559 -2.6377995031288339 2.6050241987195646 0.5254901960784314 0.40784313725490196 0.30980392156862746
v 3.4508415948183195 -2.2615738411258475 1.8427293682984585 0.6470588235294118 0.48627450980392156 0.39215686274509803
v 3.8556618068933886 -2.0163866219384827 1.8822488387083693 0.6 0.47843137254901963 0.38823529411764707
v 3.9871237720398849 -1.988052816421735 1.940900090441412 0.4588235294117647 0.3607843137254902 0.2901960784313726
v 3.4527550339136397 -1.8096143674642153 1.8467866339157288 0.8941176470588236 0.7333333333333333 0.6431372549019608
v 4.0538765791479721 -1.8536604014311733 2.0110596319245149 0.4235294117647059 0.32941176470588235 0.26666666666666666
v 4.1767489354422693 -1.8558153676383033 2.0950586691606734 0.25098039215686274 0.19215686274509805 0.1411764705882353
v 3.9908865696843705 -1.8038555164919794 1.9985815663695889 0.5529411764705883 0.43529411764705883 0.35294117647058826
v 4.02453392941612 -1.6480429404433634 2.0879078087733935 0.8901960784313725 0.7215686274509804 0.6
v 4.0085859802124562 -1.451646580383301 2.1562661027626078 0.9450980392156862 0.7490196078431373 0.6235294117647059
v 3.118043245484873 -1.3373274998739555 2.1257619274639783 0.2784313725490196 0.054901960784313725 0.043137254901960784
v 3.2630474016765052 -1.3605791107912979 2.1271873223835325 0.6901960784313725 0.4470588235294118 0.3764705882352941
v 4.1690350002451249 -1.4013793522147902 2.4187369237090124 0.5450980392156862 0.45098039215686275 0.33725490196078434
v 3.1969860109808899 -1.2442947459510183 2.2047316674902842 0.9450980392156862 0.7254901960784313 0.6392156862745098
v 4.4821717643558765 -1.3362935943045735 3.0008874811112474 0.12156862745098039 0.06274509803921569 0.027450980392156862
v 4.0721092152545779 0.52686196542942543 2.0451518610117692 0.10588235294117647 0.07450980392156863 0.06666666666666667
v 4.2015896640800463 0.57510268835128164 2.0379151075140234 0.7411764705882353 0.5607843137254902 0.39215686274509803
v 4.1829907402455877 0.83360009057358442 2.1342281800144667 0.12941176470588237 0.09019607843137255 0.06666666666666667
v 3.8299191940112403 1.545541270689073 2.2628861241710894 0.06274509803921569 0.047058823529411764 0.050980392156862744
v 4.2117769079772165 -2.8570854330637099 2.4889647822088738 0.6431372549019608 0.5058823529411764 0.36470588235294116
v 4.1214804294252945 -2.8163252116704172 2.4636348552061822 0.6078431372549019 0.49019607843137253 0.33725490196078434
v 3.544027053411094 -2.3182198857254628 1.8443491520387509 0.47058823529411764 0.36470588235294116 0.27058823529411763
v 4.1028434547660435 -2.240065309715372 1.9775435215866028 0.18823529411764706 0.13725490196078433 0.09803921568627451
v 3.7776297705477107 -2.0700978404715138 1.8518549240336062 0.5058823529411764 0.3607843137254902 0.27058823529411763
v 3.8873709197493196 -2.0454797134399629 1.8931391859501405 0.5372549019607843 0.4235294117647059 0.3411764705882353
v 3.860546014293563 -1.9766624827191996 1.9045384866745876 0.49019607843137253 0.37254901960784315 0.2823529411764706
v 3.865480706197661 -1.9245817346171628 1.9166068293726914 0.6980392156862745 0.5529411764705883 0.4588235294117647
v 3.4147215008380063 -1.7852872991950779 1.8559611763978763 0.5529411764705883 0.41568627450980394 0.30980392156862746
v 3.1766479476004852 -1.4327331015318838 2.0759681936188601 0.8274509803921568 0.6078431372549019 0.5254901960784314
v 3.866998863574612 -2.4558494703126361 1.9520008931431805 0.4392156862745098 0.37254901960784315 0.30980392156862746
v 4.5387981707303728 -2.1930890742241083 2.8533710869770932 0.17647058823529413 0.1411764705882353 0.10980392156862745
v 3.4366679159417211 -1.7377476868749384 1.8823518822108618 0.8980392156862745 0.7294117647058823 0.6235294117647059
v 4.1192128476547651 -1.6583142720089852 2.0924698593653686 0.9490196078431372 0.7764705882352941 0.6784313725490196
v 4.6424639101842109 0.38167488956006052 1.7492706720690017 0.08627450980392157 0.09411764705882353 0.09803921568627451
v 3.8782473192088389 -2.3511966798673671 1.9003329609297845 0.36470588235294116 0.2823529411764706 0.21176470588235294
v 3.9743562432756869 -1.5503356026301811 2.0995513507519057 0.9333333333333333 0.7803921568627451 0.6431372549019608
v 4.5425879370253543 -0.93937075132844949 3.172485826063685 0.21568627450980393 0.13333333333333333 0.054901960784313725
v 4.6080026081035248 -0.86227192223277505 3.2526220870871274 1.0 1.0 1.0
v 4.1443560765710075 1.2379581254555752 2.2212343957608747 0.07058823529411765 0.047058823529411764 0.03137254901960784
v 4.0185311312839636 -1.3962408538306805 2.1382860941182456 0.9294117647058824 0.7333333333333333 0.6196078431372549
v 3.2409999978354245 -1.2914038204900036 2.3042267393373272 0.8941176470588236 0.7098039215686275 0.596078431372549
v 4.0383925967089862 -1.2495489421700654 2.3200345711936183 0.8509803921568627 0.6705882352941176 0.5333333333333333
v 4.564366423729779 -1.3698739312487687 3.0568947091494207 0.1607843137254902 0.10588235294117647 0.054901960784313725
v 3.377171850163414 -1.6705951328787998 2.0326143830964156 0.3215686274509804 0.25098039215686274 0.21568627450980393
v 3.4650818531435625 -1.572729810735813 2.0582568960353553 0.9215686274509803 0.7176470588235294 0.5803921568627451
v 3.9576672582084189 -1.3116670212389039 2.1963959341337338 0.6078431372549019 0.4666666666666667 0.3568627450980392
v 3.9578619177400833 -1.2922160041711368 2.2070397281416723 0.6078431372549019 0.4666666666666667 0.3568627450980392
v 3.2108813331886026 -1.1834566548505883 2.3640108865215357 0.7529411764705882 0.37254901960784315 0.36470588235294116
v 3.9922856630466841 -0.69878314022876664 2.4931956075811739 0.807843137254902 0.6352941176470588 0.47058823529411764
v 3.7031986862762314 -1.4420511193754504 1.9546590355832161 0.7450980392156863 0.5568627450980392 0.4392156862745098
v 4.0643264817150833 1.6274672133985553 2.2808598339828903 0.10196078431372549 0.08235294117647059 0.06274509803921569
v 4.1720891931231137 -1.671753934432616 2.1397042413347176 0.8666666666666667 0.611764705882353 0.4980392156862745
v 3.3356696911552164 -1.5037925465295594 2.0672865449432418 0.9529411764705882 0.7647058823529411 0.6666666666666666
v 3.4014800652607642 -0.74934239945592807 2.7832614392069299 1.0 1.0 1.0
v 3.472164176479573 -2.3960366407065834 1.9198811309165473 0.35294117647058826 0.28627450980392155 0.2
v 3.620555325929204 -2.1783499220036751 1.9115764179920951 0.8431372549019608 0.6901960784313725 0.5882352941176471
v 3.5745802637083526 -2.0489895248451888 1.9520378420143054 0.8705882352941177 0.7254901960784313 0.615686274509804
v 4.2721855723250499 -2.755201522397253 2.4974107012137967 0.3176470588235294 0.22745098039215686 0.1411764705882353
v 3.691029176534947 -2.5001309558215783 1.9420655248383658 0.28627450980392155 0.2549019607843137 0.1843137254901961
v 4.1626609921302116 -2.6526771266533591 2.3459825337626929 0.34901960784313724 0.27058823529411763 0.19215686274509805
v 4.1509512569793694 -2.6162603405791609 2.3271636579507291 0.2823529411764706 0.21568627450980393 0.15294117647058825
v 4.2093541331858066 -2.6243365812751298 2.3696348748675957 0.49411764705882355 0.41568627450980394 0.35294117647058826
v 3.7693910252309069 -2.4391605621767583 1.9264439482919642 0.3176470588235294 0.25882352941176473 0.20392156862745098
v 3.8642174095257467 -2.4390970119730562 1.9365847759192161 0.4588235294117647 0.38823529411764707 0.32941176470588235
v 3.9400479837952389 -2.4387006860129961 1.9558773299731496 0.37254901960784315 0.3058823529411765 0.24705882352941178
v 3.9778014120853271 -2.3921455479960509 1.9557381710081596 0.3568627450980392 0.29411764705882354 0.23921568627450981
v 3.9778014120853271 -2.3921455479960509 1.9557381710081596 0.3568627450980392 0.29411764705882354 0.23921568627450981
v 4.0440839919696776 -2.4613882450988527 2.0043787059721998 0.403921568627451 0.35294117647058826 0.2980392156862745
v 4.394087741234423 -2.6318612363750762 2.6179357621526771 0.3686274509803922 0.27058823529411763 0.18823529411764706
v 3.5248700101310479 -2.3428736540455515 1.8590937536244752 0.4627450980392157 0.3764705882352941 0.27450980392156865
v 3.7573194483062267 -2.3438298493918799 1.8702545500120735 0.5215686274509804 0.42745098039215684 0.33725490196078434
v 3.7437433212464888 -2.3259243402212264 1.8615383098247225 0.5490196078431373 0.4470588235294118 0.34901960784313724
v 4.3094904840152877 -2.412354060709609 2.2879777170735336 0.30196078431372547 0.27058823529411763 0.23529411764705882
v 3.8003738534181775 -2.2169934280484798 1.8537346650750306 0.6352941176470588 0.4980392156862745 0.403921568627451
v 4.0284202570699073 -2.150247360722243 1.9427588601129091 0.21176470588235294 0.1568627450980392 0.09803921568627451
v 4.0282019057188236 -2.1504053072412259 1.9448008450554555 0.21176470588235294 0.1568627450980392 0.09803921568627451
v 3.8187554438966771 -2.0514077964502762 1.8708397503035903 0.6196078431372549 0.4823529411764706 0.396078431372549
v 4.4979579402700134 -2.2143685315345296 2.6677232899025363 0.2901960784313726 0.25098039215686274 0.2
v 3.9371191680961664 -1.9926185733312765 1.9169797565963174 0.403921568627451 0.30196078431372547 0.2235294117647059
v 4.1985036319947326 -1.994613780474725 2.0658270690654712 0.25882352941176473 0.21568627450980393 0.1803921568627451
v 4.0806886131458864 -1.8882128863804557 2.0158502172500272 0.3843137254901961 0.30196078431372547 0.24313725490196078
v 3.3616768256003851 -1.7647121076783778 1.8713734146828978 0.6039215686274509 0.45098039215686275 0.3568627450980392
v 4.0498433350489025 -1.8264211336821898 2.0116510920789992 0.3333333333333333 0.23921568627450981 0.1607843137254902
v 4.1157172792549934 -1.7991320232081081 2.0571254571350526 0.30196078431372547 0.20784313725490197 0.1411764705882353
v 4.0951928270178142 -1.7040041359370977 2.0873120276962318 0.6980392156862745 0.5098039215686274 0.45098039215686275
v 3.3098667378075728 -1.6435248283672843 2.0890634027379322 0.8784313725490196 0.6901960784313725 0.5764705882352941
v 3.479426790772056 -1.6521339813036477 1.9312154591804942 0.3803921568627451 0.23137254901960785 0.16470588235294117
v 3.857757140068625 -1.6773132996579529 1.9970677090897528 0.6784313725490196 0.5254901960784314 0.4235294117647059
v 4.4934735387685079 -1.2458894533343998 3.0099606476493941 0.28627450980392155 0.19215686274509805 0.09411764705882353
v 4.542447792625496 -1.326458754175831 3.0076813919437928 0.2235294117647059 0.17647058823529413 0.11372549019607843
v 4.4967866067469284 -0.7898173550199743 3.1723562090613733 0.3215686274509804 0.23137254901960785 0.15294117647058825
v 4.6811418413600725 -0.26299661724282908 2.4934555786095931 0.5764705882352941 0.4588235294117647 0.3686274509803922
v 4.3653929160988607 1.7573816687103743 2.0736332104406161 0.8117647058823529 0.6 0.4588235294117647
v 4.3051373632771099 -2.8285495782563355 2.5283400212338485 0.4235294117647059 0.34509803921568627 0.27058823529411763
v 4.0946579566571115 -2.7581973852223478 2.426598391172222 0.5882352941176471 0.45098039215686275 0.3411764705882353
v 4.1641819890174929 -2.7853824071606086 2.4536058097384172 0.6549019607843137 0.5058823529411764 0.34509803921568627
v 4.1641819890174929 -2.7853824071606086 2.4536058097384172 0.6549019607843137 0.5058823529411764 0.34509803921568627
v 4.2508749865789772 -2.7887697307310613 2.5035921979631244 0.4470588235294118 0.32941176470588235 0.21176470588235294
v 4.2508749865789772 -2.7887697307310613 2.5035921979631244 0.4470588235294118 0.32941176470588235 0.21176470588235294
v 3.5321920714079122 -2.5567619587045671 2.0662950165724885 0.3333333333333333 0.2627450980392157 0.1843137254901961
v 4.1534255617497431 -2.6744249867405574 2.3479909005481838 0.6 0.5058823529411764 0.41568627450980394
v 4.1519300267516899 -2.6771341504114967 2.354065716691724 0.6 0.5058823529411764 0.41568627450980394
v 3.7792249578189212 -2.4175842244536399 1.9094123973389652 0.4235294117647059 0.3607843137254902 0.30980392156862746
v 4.2546414894220472 -2.5649418878144679 2.4089172747262175 0.3803921568627451 0.30980392156862746 0.24705882352941178
v 3.9419782122359441 -2.3383540701608276 1.9182701404901261 0.4196078431372549 0.34509803921568627 0.2823529411764706
v 3.9419782122359441 -2.3383540701608276 1.9182701404901261 0.4196078431372549 0.34509803921568627 0.2823529411764706
v 4.2419970325580092 -2.4246985710781348 2.1683196395767022 0.33725490196078434 0.29411764705882354 0.23529411764705882
v 4.2419970325580092 -2.4246985710781348 2.1683196395767022 0.33725490196078434 0.29411764705882354 0.23529411764705882
v 4.3828550187986695 -2.2949094768409637 2.3067078439335909 0.3176470588235294 0.27450980392156865 0.22745098039215686
v 3.9772946920791683 -2.0527769887542937 1.9305611834749719 0.3568627450980392 0.2823529411764706 0.21568627450980393
v 4.2585858260998828 -2.1100685167046969 2.1080552682613556 0.1607843137254902 0.12549019607843137 0.09411764705882353
v 4.0854885986894605 -1.9549816933919966 1.9925707379658555 0.36470588235294116 0.2901960784313726 0.23137254901960785
v 4.5256915412176175 -1.9194182362656216 2.9263764678957962 0.36470588235294116 0.30980392156862746 0.2235294117647059
v 3.4091903407260822 -1.632777540433958 1.9729897036346478 0.7137254901960784 0.5803921568627451 0.5490196078431373
v 3.3702368009929691 -1.6314244723641322 2.007140474791191 0.30196078431372547 0.20392156862745098 0.1411764705882353
v 3.3661793679553083 -1.6337820560368357 2.0179553298101567 0.30196078431372547 0.20392156862745098 0.1411764705882353
v 3.4243460580052987 -1.5760123950191156 1.9711583691985231 0.8862745098039215 0.6784313725490196 0.5490196078431373
v 4.4330900127712765 -0.88928665943863372 3.1686283521779153 0.18823529411764706 0.10196078431372549 0.03529411764705882
v 4.4330900127712765 -0.88928665943863372 3.1686283521779153 0.18823529411764706 0.10196078431372549 0.03529411764705882
v 4.4308832787751093 -0.24095207173729138 2.2589710053337475 0.10196078431372549 0.09803921568627451 0.0784313725490196
v 4.0910472685404287 -2.6665430202754332 2.3080308038038853 0.43529411764705883 0.3686274509803922 0.30196078431372547
v 4.1524738639851044 -2.7194325745541517 2.4122835014144144 0.3607843137254902 0.26666666666666666 0.1843137254901961
v 3.7978806476402269 -2.521952461829299 1.9808758611277233 0.2549019607843137 0.20392156862745098 0.16862745098039217
v 4.122823233424719 -2.6349092109284453 2.310183353681512 0.5058823529411764 0.43137254901960786 0.34509803921568627
v 4.2735660219265919 -2.6555838016215381 2.512894440588485 0.19215686274509805 0.15294117647058825 0.10196078431372549
v 4.2258164855785578 -2.4351575413103315 2.1549234364935685 0.24313725490196078 0.21176470588235294 0.17647058823529413
v 4.2258164855785578 -2.4351575413103315 2.1549234364935685 0.24313725490196078 0.21176470588235294 0.17647058823529413
v 4.1990740501643398 -2.3239574953325413 2.0828664462143731 0.19215686274509805 0.1607843137254902 0.12549019607843137
v 4.2853019838687167 -2.1741732603571347 2.1355412364824922 0.23921568627450981 0.20392156862745098 0.1607843137254902
v 3.9474226796580631 -2.0262750757761538 1.9225095191739816 0.42745098039215684 0.3411764705882353 0.2627450980392157
v 3.3396543187781367 -1.611906752823576 2.0898302432492333 0.6666666666666666 0.4666666666666667 0.3607843137254902
v 4.0499230828830397 -1.6094731185737745 2.1382486808747325 0.7294117647058823 0.4627450980392157 0.35294117647058826
v 4.5162261759471249 -1.3521063278235741 3.0031651796975138 0.2196078431372549 0.16862745098039217 0.10588235294117647
v 3.3823616651349604 -1.1800511529188096 2.1410960136676884 0.5490196078431373 0.2627450980392157 0.21568627450980393
v 3.382767950375964 -1.1807491204977338 2.1478851503479648 0.5490196078431373 0.2627450980392157 0.21568627450980393
v 3.3493604989290358 -0.91670110879892164 2.2534616201570499 0.8980392156862745 0.6901960784313725 0.596078431372549
v 4.5166023582004868 -0.80135046712366864 3.1676124016858145 0.24705882352941178 0.15294117647058825 0.07058823529411765
v 4.5562965820601775 -0.66639067783127448 3.2702708778897467 0.3411764705882353 0.2627450980392157 0.1843137254901961
v 4.2591991030001051 -2.8217324320478374 2.5043207044030726 0.6901960784313725 0.5568627450980392 0.42745098039215684
v 4.3171885926247739 -2.7450824855974099 2.5420336894013165 0.21176470588235294 0.15294117647058825 0.08235294117647059
v 4.0937414316606739 -2.6291654848047918 2.2793785019415296 0.19215686274509805 0.18823529411764706 0.17254901960784313
v 4.2220329838440813 -2.6809671503097632 2.4454253031553375 0.3215686274509804 0.2196078431372549 0.14901960784313725
v 4.3405193480886899 -2.7313831813575122 2.5707895888481609 0.5294117647058824 0.4235294117647059 0.33725490196078434
v 3.6737155936329788 -2.4439382232124207 1.9051079899333281 0.24705882352941178 0.20392156862745098 0.13333333333333333
v 4.4402759725796619 -2.514936510045453 2.67796192480436 0.3333333333333333 0.2627450980392157 0.21176470588235294
v 3.8454178401364207 -2.1793298091020916 1.8666942518378684 0.4588235294117647 0.3411764705882353 0.2549019607843137
v 4.4496720244102237 -2.383286718308101 2.5496843695414366 0.24313725490196078 0.19607843137254902 0.16862745098039217
v 4.4417632004407031 -2.3305240767856925 2.4620487639540114 0.16862745098039217 0.1411764705882353 0.13333333333333333
v 3.1468178214735456 -1.7892450347129643 2.0845821296589477 0.8980392156862745 0.7254901960784313 0.6235294117647059
v 3.5279010234974284 -1.7846618667419345 1.8556346665570567 0.8627450980392157 0.7019607843137254 0.6039215686274509
v 4.1116416454633686 -1.8314017455315967 2.0461805758918352 0.3607843137254902 0.27058823529411763 0.21568627450980393
v 4.111827568878506 -1.8306833416416424 2.0440974318117453 0.3607843137254902 0.27058823529411763 0.21568627450980393
v 4.238374685816475 -1.7065762854600137 2.1346766333335117 0.5647058823529412 0.43137254901960786 0.33725490196078434
v 4.0624764353353475 -1.63963193326561 2.0904706585085435 0.47843137254901963 0.21568627450980393 0.1450980392156863
v 4.466974333991816 -1.660885989583804 2.8985867523266045 0.11372549019607843 0.08627450980392157 0.054901960784313725
v 4.3770910980962174 -1.2550600281435895 3.0637003864639851 0.27450980392156865 0.23137254901960785 0.12549019607843137
v 4.2266318956124973 -1.0068969868394413 2.7979546692281909 0.6235294117647059 0.5254901960784314 0.3803921568627451
v 4.5205701978267978 -0.85965628612928591 3.1783883620592928 0.49019607843137253 0.3843137254901961 0.26666666666666666
v 4.5699054201008744 -0.53641365007804975 3.4925056043827531 0.18823529411764706 0.1411764705882353 0.09803921568627451
v 4.4250154631097303 1.3811677691900022 2.0338375972094225 1.0 1.0 1.0
v 4.0129865835806644 -2.7857338909235798 2.4351685210206542 1.0 1.0 1.0
v 4.0712122078970685 -2.574969672752597 2.1386168026922521 0.4235294117647059 0.34901960784313724 0.2901960784313726
v 3.4859955735924131 -2.2286563919063913 1.8162531455190656 0.8313725490196079 0.6470588235294118 0.5450980392156862
v 3.9866803407265845 -1.9879289617112093 1.9427359828615487 0.4549019607843137 0.3568627450980392 0.28627450980392155
v 3.2065559245912576 -1.6896499801922964 2.0858169651863578 0.7647058823529411 0.5803921568627451 0.45098039215686275
v 4.0718576007664931 -1.6270153876356483 2.1155754339935102 0.4627450980392157 0.19607843137254902 0.10980392156862745
v 4.1243778498817365 -1.4090948750342351 2.3494219587835543 0.5490196078431373 0.43529411764705883 0.34509803921568627
v 4.4280220515665487 -1.4662423169954095 2.961889157492803 0.10980392156862745 0.09019607843137255 0.0392156862745098
v 3.1160756339954458 -1.3079087984040301 2.1874294831050909 1.0 1.0 1.0
v 3.9831975262065824 -1.3273543234220393 2.2375612416698489 0.5450980392156862 0.403921568627451 0.2980392156862745
v 3.5584309961843137 -0.89968045285339671 2.6117244240553239 0.4196078431372549 0.29411764705882354 0.2
v 4.4968366806178297 -0.69303169892399319 3.2208702258091977 0.39215686274509803 0.28627450980392155 0.1843137254901961
v 4.282807717213549 -2.4937520742503283 2.3579165132782407 0.21568627450980393 0.19607843137254902 0.17254901960784313
v 4.2594091722458991 -2.1929865344885311 2.1041188275129477 0.35294117647058826 0.30980392156862746 0.25882352941176473
v 3.820999608323886 -1.9416522508349201 1.899031832612734 0.5882352941176471 0.44313725490196076 0.35294117647058826
v 3.9415808115898803 -1.9551090876226394 1.9372071376073097 0.5058823529411764 0.39215686274509803 0.30980392156862746
v 3.9396568804536742 -1.9575515213642665 1.9470083746015352 0.5058823529411764 0.39215686274509803 0.30980392156862746
v 3.9105739737761076 -1.5554504563148634 2.0851947509055337 0.7294117647058823 0.5490196078431373 0.4392156862745098
v 4.5904934143475771 -1.7300409664764456 3.0225185116175464 1.0 1.0 1.0
v 4.0748513960578254 -1.4018363549730128 2.1407059328278715 0.9294117647058824 0.6980392156862745 0.5764705882352941
v 3.2974305476081147 -1.3208268644614953 2.1075765481998596 0.9372549019607843 0.7568627450980392 0.6509803921568628
v 4.8319530372613722 0.38463419393920362 1.9305032153893065 0.06274509803921569 0.06274509803921569 0.07450980392156863
v 4.6604834669109696 1.3297488202829846 3.6915300510072271 0.07058823529411765 0.058823529411764705 0.07058823529411765
v 4.1897080020539583 -2.7716199782806625 2.4563082559038252 0.7333333333333333 0.5764705882352941 0.4117647058823529
v 4.2528279375012925 -2.5978774471890089 2.4170354289487186 0.3803921568627451 0.30980392156862746 0.24705882352941178
v 4.260638127881883 -2.1922713008344283 2.0966866982050449 0.3568627450980392 0.30980392156862746 0.25882352941176473
v 4.0775581164814021 -1.8566873561215569 2.3349902913006719 0.3176470588235294 0.2235294117647059 0.16470588235294117
v 4.5294324700667188 -2.002162028323764 2.9306082754305045 0.16862745098039217 0.13725490196078433 0.09803921568627451
v 4.5835339757711422 -1.9328032797538475 2.9997758847924247 1.0 1.0 1.0
v 4.0205740518309225 -1.6611263849278921 2.078310298464487 0.8823529411764706 0.7098039215686275 0.592156862745098
v 4.0205740518309225 -1.6611263849278921 2.078310298464487 0.8823529411764706 0.7098039215686275 0.592156862745098
v 4.5453232164987263 -1.7863262640912021 2.9932685071522362 0.20784313725490197 0.16862745098039217 0.11764705882352941
v 4.5993136077890133 -1.730104460025687 3.0353757389567191 1.0 1.0 1.0
v 4.618860834663935 -1.4989617994940589 3.0572973526214344 1.0 1.0 1.0
v 4.0532419399030646 -1.3500425192677237 2.2852021294305978 0.592156862745098 0.45098039215686275 0.3568627450980392
v 3.5108824773431557 -0.90644553715809251 2.5578914581264511 1.0 1.0 1.0
v 3.5492837717471879 -0.67622875729907717 2.6377282443483328 1.0 1.0 1.0
v 4.6185636646568602 -0.49380117129880657 3.5357863804145069 1.0 1.0 1.0
v 4.2213238510642963 0.7805093812320204 2.1231274847601664 0.7843137254901961 0.6352941176470588 0.45098039215686275
v 4.0300955673728032 -1.5207958928628398 2.178931230897021 0.6 0.3176470588235294 0.25098039215686274
v 3.4483521845188223 -0.98360530408548397 2.2420509730570579 0.8901960784313725 0.7137254901960784 0.6
v 3.5552966420015943 -1.0250897468593718 2.2256903812143118 0.8588235294117647 0.6705882352941176 0.5568627450980392
v 4.5753920862017736 -1.1143936330821571 3.1169482872443686 0.24705882352941178 0.19607843137254902 0.10588235294117647
v 3.6976543185626145 -0.86291176025044447 2.49635264272949 0.8862745098039215 0.7411764705882353 0.592156862745098
v 3.4564011239001498 -0.57296684045431368 2.9499675698229613 0.03137254901960784 0.023529411764705882 0.0196078431372549
v 4.0925484000122418 1.4015425565366402 2.2777217024036469 0.12549019607843137 0.10196078431372549 0.08627450980392157
v 4.3381490912927791 1.7262466419897478 2.1020423342222339 0.8705882352941177 0.6627450980392157 0.5294117647058824
v 4.31127965432621 -2.8509956379866073 2.6041236359385662 0.3803921568627451 0.30196078431372547 0.22745098039215686
v 3.8863548551313434 -2.1543052392040054 1.8404913030455814 0.32941176470588235 0.22745098039215686 0.1450980392156863
v 3.3762987607157608 -1.6685388691651719 2.0430764350183166 0.3568627450980392 0.3058823529411765 0.27058823529411763
v 4.5291624868000087 -1.8089607398773779 3.0260759724934596 0.22745098039215686 0.1803921568627451 0.11764705882352941
v 4.5550811478644784 -1.5848787477785125 3.0195662604174309 0.12156862745098039 0.08627450980392157 0.058823529411764705
v 4.0116817731174512 -1.4022228765596798 2.1700889000466681 0.9294117647058824 0.7372549019607844 0.6196078431372549
v 4.0369571342333774 -1.2518197229042749 2.3254521148653371 0.8588235294117647 0.6784313725490196 0.5372549019607843
v 4.2577227226040444 -1.1857157033158432 3.0553458274511049 1.0 1.0 1.0
v 4.08544443006629 1.6254178420775389 2.248017674136511 0.10980392156862745 0.08627450980392157 0.07058823529411765
v 4.3694361907354828 -2.1298623669701819 2.2457797465689957 0.2901960784313726 0.2549019607843137 0.20392156862745098
v 3.260527332380962 -1.7688579023917881 1.948959231332301 0.5411764705882353 0.39215686274509803 0.3137254901960784
v 4.3377374099715729 -0.79344284936626019 3.0903803909443628 1.0 1.0 1.0
v 3.0410986022358317 -1.6997139197767936 2.2517014450261126 1.0 1.0 1.0
v 3.5802445275018431 -0.98188778715369673 2.5911854280690303 0.5764705882352941 0.43529411764705883 0.3254901960784314
v 4.5193151714964701 -0.72804392022406983 3.2149151846379223 0.20392156862745098 0.13333333333333333 0.06274509803921569
v 4.622405576469899 0.87252698004253859 2.679459353563324 1.0 1.0 1.0
v 4.3173220339223954 1.6856108013433637 2.0867467476526231 0.8666666666666667 0.6666666666666666 0.5372549019607843
v 4.3173220339223954 1.6856108013433637 2.0867467476526231 0.8666666666666667 0.6666666666666666 0.5372549019607843
v 3.4628716797500196 -0.75264214471331925 2.6011798431241706 1.0 1.0 1.0
v 3.3155177850047624 -1.7276316123263569 2.0239457096704303 0.596078431372549 0.40784313725490196 0.30196078431372547
v 3.5361923649434415 -1.1873948826107594 2.2354084637513179 0.8862745098039215 0.7176470588235294 0.611764705882353
v 4.4435386557186556 -1.0233408581925634 3.2074342824255035 0.25098039215686274 0.1568627450980392 0.07058823529411765
v 4.5016604658445489 -0.33500547282359489 3.4127812845525929 0.06666666666666667 0.06274509803921569 0.07058823529411765
v 4.489147115340435 -0.14380489855610637 2.3458968785640391 0.9019607843137255 0.7215686274509804 0.5568627450980392
v 4.8571942180766756 1.0115830299707373 2.9473532713193409 0.07450980392156863 0.07058823529411765 0.07450980392156863
v 4.8571942180766756 1.0115830299707373 2.9473532713193409 0.07450980392156863 0.07058823529411765 0.07450980392156863
v 4.4050912466952665 -1.4980225801217351 2.727737320556213 0.18823529411764706 0.1568627450980392 0.12156862745098039
v 4.1397031691262756 -0.1730178160066761 2.3346883895066322 0.0392156862745098 0.03137254901960784 0.0196078431372549
v 4.1397031691262756 -0.1730178160066761 2.3346883895066322 0.0392156862745098 0.03137254901960784 0.0196078431372549
v 4.3333510939436328 0.34081140975468099 2.0876782875396414 0.9333333333333333 0.7686274509803922 0.6
v 4.3077068650852652 -2.6352253623561417 2.5368051221900343 0.09803921568627451 0.06666666666666667 0.047058823529411764
v 3.9638726435486968 -2.6283374753525304 2.1274622802573662 0.49019607843137253 0.41568627450980394 0.3568627450980392
v 3.8237614858803188 -2.5249179490900775 1.9772933254803029 0.2901960784313726 0.24313725490196078 0.20392156862745098
v 3.6117817820977485 -2.4206788098676784 1.8873358224926788 0.37254901960784315 0.3215686274509804 0.24313725490196078
v 3.6233180205942901 -2.3732359161721499 1.857634774475559 0.30980392156862746 0.22745098039215686 0.1450980392156863
v 4.0349267833139351 -2.4804230474877818 2.0139586062554553 0.23137254901960785 0.17647058823529413 0.13725490196078433
v 4.0128824633278777 -2.4248259917823871 1.976402663275201 0.2549019607843137 0.19215686274509805 0.1411764705882353
v 4.0402337461074529 -2.3691883845446893 1.9494818888012138 0.3254901960784314 0.2784313725490196 0.23137254901960785
v 3.8664258622183545 -2.0687242301395332 1.874111671328156 0.4588235294117647 0.34509803921568627 0.2549019607843137
v 3.984150888305225 -2.0363004661546871 1.9368540297765875 0.2901960784313726 0.21176470588235294 0.1450980392156863
v 3.9177515847622226 -2.0189945062351624 1.8770294012933066 0.34509803921568627 0.23921568627450981 0.1568627450980392
v 4.0735203167790344 -2.0008151018490037 1.9723735699873075 0.24705882352941178 0.1803921568627451 0.12156862745098039
v 4.2179370610933118 -1.9386939762742375 2.0908766867808284 0.2 0.15294117647058825 0.10980392156862745
v 4.1819518068352517 -1.8447932081362053 2.102767495152996 0.27450980392156865 0.20784313725490197 0.15294117647058825
v 3.4183646166030215 -1.6912502510169594 1.9069681933226532 0.5411764705882353 0.3686274509803922 0.2549019607843137
v 4.0874827761315702 -1.2351962201835394 2.3623286224175084 0.6745098039215687 0.49411764705882355 0.36470588235294116
v 4.2672082909700517 -0.4532199250274962 2.5497877765609083 0.8627450980392157 0.6941176470588235 0.5882352941176471
v 4.1430677340923632 1.2976309600917639 2.2310247769843983 0.1607843137254902 0.12156862745098039 0.10588235294117647
v 3.8057145783819277 1.5772293361118019 2.2805181577433054 0.13333333333333333 0.12549019607843137 0.10196078431372549
v 3.8057145783819277 1.5772293361118019 2.2805181577433054 0.13333333333333333 0.12549019607843137 0.10196078431372549
v 3.7077600396232966 -2.6241555503607126 2.1313118970056504 0.4627450980392157 0.3843137254901961 0.29411764705882354
v 4.2077447694385288 -2.7428326936028204 2.4609967131875852 0.5725490196078431 0.4235294117647059 0.27450980392156865
v 4.2149727688099619 -2.5964905587486125 2.4327720367177905 0.37254901960784315 0.3176470588235294 0.2549019607843137
v 3.5895145982124372 -2.3355979096211956 1.8503018318567717 0.4196078431372549 0.3215686274509804 0.22745098039215686
v 4.0834320214289352 -1.9575008762411894 2.0012223762720307 0.3803921568627451 0.30196078431372547 0.23921568627450981
v 3.4074082475445833 -1.1968591311744998 2.1037671499151065 0.9019607843137255 0.7294117647058823 0.615686274509804
v 4.1897497333071225 -2.8393406005492419 2.4373406232719343 0.6745098039215687 0.5490196078431373 0.38823529411764707
v 4.2768897111329709 -2.5246187769352852 2.4175264964217682 0.15294117647058825 0.12549019607843137 0.10196078431372549
v 4.2094285623179912 -2.3993814526598154 2.1253362610819 0.23921568627450981 0.20784313725490197 0.15294117647058825
v 4.3657172370680097 -2.0764005785588586 2.217970987805491 0.3215686274509804 0.2784313725490196 0.23137254901960785
v 4.3958970456211359 -1.8671854599184408 2.3099035084240205 0.13725490196078433 0.10980392156862745 0.08235294117647059
v 4.3958970456211359 -1.8671854599184408 2.3099035084240205 0.13725490196078433 0.10980392156862745 0.08235294117647059
v 4.544622168716649 -1.3599516130625469 2.9994143792000383 0.13725490196078433 0.09411764705882353 0.0392156862745098
v 3.8929286555636939 1.6337138483392863 2.2921338559092277 0.19607843137254902 0.18823529411764706 0.19215686274509805
v 4.5422720030210577 -1.9650659527327969 2.9589558708584578 0.16862745098039217 0.13333333333333333 0.09411764705882353
v 4.4896481299845421 -1.7731687183274614 2.8798154268528124 0.14901960784313725 0.11764705882352941 0.08235294117647059
v 4.6037206474590029 -1.0260891601194937 3.111341234075474 1.0 1.0 1.0
v 4.6059968213542453 -0.7589865282154642 3.2796888306906764 0.23921568627450981 0.2 0.10588235294117647
v 4.9800413914236268 1.5914376159138304 2.5581038228718223 0.5176470588235295 0.43529411764705883 0.34901960784313724
v 4.9783740114403745 1.5836736374381548 2.5618914721590533 0.5176470588235295 0.43529411764705883 0.34901960784313724
v 4.1134374970838552 1.693152732053693 2.2955151157516163 0.12941176470588237 0.10588235294117647 0.08235294117647059
v 4.0485851352026083 -1.4691148287208817 2.1559779346193171 0.9450980392156862 0.7098039215686275 0.596078431372549
v 4.3410385254150423 -0.26549406399992503 2.3081652720316308 0.027450980392156862 0.027450980392156862 0.00784313725490196
v 4.424650334463391 1.3800510179466443 2.033523513297304 1.0 1.0 1.0
v 3.3467808870043272 -2.2506844785073548 1.9454905538142937 0.8941176470588236 0.6941176470588235 0.596078431372549
v 4.2955028533205493 -1.2617402809223603 3.097773290798024 1.0 1.0 1.0
v 4.5871802901425367 1.347394685374822 1.9879780898800561 0.8509803921568627 0.6313725490196078 0.4745098039215686
v 4.5810683040502624 1.3398901390269959 1.9848725676034926 0.8509803921568627 0.6313725490196078 0.4745098039215686
v 4.5810683040502624 1.3398901390269959 1.9848725676034926 0.8509803921568627 0.6313725490196078 0.4745098039215686
v 4.4041149284032652 -2.7354874270512544 2.6196635690155077 0.3803921568627451 0.3137254901960784 0.2235294117647059
v 3.3483027093582778 -1.1108462845785743 2.2711479546529221 0.9137254901960784 0.7372549019607844 0.6235294117647059
v 3.0511275371962019 1.5548278262140467 2.8140503953333464 1.0 1.0 1.0
v 4.5594912562792063 1.3179810438171551 1.9995272705698153 0.8666666666666667 0.6470588235294118 0.4980392156862745
v 4.4474274122522912 1.4207166894507381 2.0461972595714792 1.0 1.0 1.0
v 4.4474274122522912 1.4207166894507381 2.0461972595714792 1.0 1.0 1.0
v 3.9184380613601859 -2.5860856928218521 2.0684050892659052 0.49019607843137253 0.43137254901960786 0.37254901960784315
v 4.1198530758309282 -2.5079228406690124 2.074814039162983 0.4117647058823529 0.3568627450980392 0.30196078431372547
v 4.1198530758309282 -2.5079228406690124 2.074814039162983 0.4117647058823529 0.3568627450980392 0.30196078431372547
v 4.1930011364360009 -2.6335498873414518 2.3707068009867278 0.2980392156862745 0.23137254901960785 0.16470588235294117
v 3.7726747387236905 -2.3816406986654259 1.8885873178161916 0.3568627450980392 0.2784313725490196 0.2
v 3.9666658437209774 -2.4303279044845296 1.9657628659325523 0.396078431372549 0.33725490196078434 0.2784313725490196
v 3.6506184401828743 -2.2592322775105864 1.8035137096912399 0.6470588235294118 0.5019607843137255 0.396078431372549
v 3.8792281912295739 -2.3049684876163403 1.8797112673236944 0.44313725490196076 0.34901960784313724 0.2823529411764706
v 4.0842069653115365 -1.7632048221083345 2.0429241272667795 0.44313725490196076 0.29411764705882354 0.21176470588235294
v 4.4220374327760776 -1.1126077681424655 3.0786390728059692 0.29411764705882354 0.20392156862745098 0.12941176470588237
v 2.5737352320238776 1.3258005458529059 3.475735805585372 0.5333333333333333 0.3843137254901961 0.2784313725490196
v 2.577627161647301 1.3277880073899628 3.4873745483167449 0.5333333333333333 0.3843137254901961 0.2784313725490196
v 4.2679186844090324 0.76624869794151373 2.0268155286417979 0.8431372549019608 0.6627450980392157 0.4980392156862745
v 3.6247174328188483 -2.3799700624077818 1.8686078493198732 0.3058823529411765 0.22745098039215686 0.14901960784313725
v 4.0255105028081433 -1.7193010831064781 2.0398342633008362 0.5568627450980392 0.396078431372549 0.3058823529411765
v 3.4709725891354153 -0.90496132260533979 2.6915771506770163 1.0 1.0 1.0
v 4.4711930177290009 -0.70923300270992373 3.216407786285413 0.28627450980392155 0.19215686274509805 0.08627450980392157
v 4.9312054649560455 1.1268708707015582 2.7175722078692655 0.0 0.0 0.0
v 4.4344073636852803 -0.88916412438432668 3.168903567845315 0.19607843137254902 0.10588235294117647 0.0392156862745098
v 4.2546704755809586 -1.6520482934021323 2.111871744723401 0.5098039215686274 0.40784313725490196 0.3215686274509804
v 4.2513761038761482 -1.6020304174751192 2.081496474070029 0.5137254901960784 0.4117647058823529 0.3254901960784314
v 4.0939135427128255 -1.4515968019101566 2.1453584317160779 0.7215686274509804 0.4588235294117647 0.3568627450980392
v 3.5141330977310816 -0.92091751775666764 2.5599458103141259 1.0 1.0 1.0
v 4.5719599040674908 -0.9373235721850689 3.1557222475340332 0.23529411764705882 0.17254901960784313 0.09019607843137255
v 3.1375354777227966 1.4694782202770347 2.6693273316834745 1.0 1.0 1.0
v 3.9529558710369721 -2.6673085718418066 2.1761936274652447 0.39215686274509803 0.3254901960784314 0.2549019607843137
v 4.2296697512069388 -2.5251912979594717 2.2953658231584537 0.2823529411764706 0.24705882352941178 0.21568627450980393
v 4.0932814777312307 -1.5474439618680229 2.1682965474955891 0.9058823529411765 0.7215686274509804 0.596078431372549
v 4.5243444796686267 -1.2367778775592499 3.0266745747009516 0.4666666666666667 0.36470588235294116 0.23921568627450981
v 4.6304037095220929 0.39584288352218161 1.839479997272057 0.06274509803921569 0.054901960784313725 0.06666666666666667
v 4.6304037095220929 0.39584288352218161 1.839479997272057 0.06274509803921569 0.054901960784313725 0.06666666666666667
v 4.2584548908433106 -2.1938064791489804 2.1079267204709229 0.35294117647058826 0.30980392156862746 0.25882352941176473
v 4.8280900926205019 0.36357923895907118 1.8348302955468714 0.07450980392156863 0.0784313725490196 0.09411764705882353
v 4.2593932044752982 -2.2017159196334304 2.114039056253521 0.35294117647058826 0.30980392156862746 0.25882352941176473
v 3.1768033021201387 -1.2137164820393214 2.3715075553206182 0.6509803921568628 0.28627450980392155 0.28627450980392155
v 3.357188761569724 -1.1798820764272699 2.1669432342610175 0.5882352941176471 0.27058823529411763 0.24705882352941178
v 3.357188761569724 -1.1798820764272699 2.1669432342610175 0.5882352941176471 0.27058823529411763 0.24705882352941178
v 4.9048635483863103 1.5147133861617437 3.0034607144260237 0.2 0.17647058823529413 0.15294117647058825
v 4.0652897297284074 -2.7005118912838983 2.3210617607685116 0.34509803921568627 0.2901960784313726 0.23529411764705882
v 2.8216998476893749 1.2778660132851161 2.946790532725136 1.0 1.0 1.0
v 4.5572645895884003 1.3096192626237733 1.9925146803366436 0.8666666666666667 0.6470588235294118 0.4980392156862745
v 4.2044053302416842 1.4674024782185338 2.1715073638136149 0.8431372549019608 0.6509803921568628 0.5137254901960784
v 3.7897942518780336 -0.85554993402787449 2.6075129445807752 0.9137254901960784 0.7568627450980392 0.596078431372549
v 4.1005145349995153 0.72054238772147172 2.0847887148891164 0.09019607843137255 0.06666666666666667 0.06274509803921569
v 4.6987431908520625 1.1592274929825344 2.5872959226283907 1.0 1.0 1.0
v 3.2850211128062194 1.670720241245425 2.857023222909902 0.0392156862745098 0.03137254901960784 0.03137254901960784
v 4.7681043669417322 0.66464905992176526 1.9871951706449573 0.06666666666666667 0.06274509803921569 0.07450980392156863
v 4.5933624824386303 1.348287406651594 1.9715535459063072 0.5098039215686274 0.3764705882352941 0.2823529411764706
v 3.5517071172962895 -0.28542705228770665 2.8814944600419619 0.9058823529411765 0.7058823529411765 0.5254901960784314
v 3.1534059994910737 -0.12047259933128196 3.2673760010774506 0.03529411764705882 0.03137254901960784 0.023529411764705882
v 3.6060849896722469 0.7275531126567274 2.4864432141717874 0.050980392156862744 0.043137254901960784 0.03137254901960784
v 3.76841795689085 -2.5423436859123387 1.9720839802100179 0.3411764705882353 0.2784313725490196 0.2235294117647059
v 4.1519549273681688 -2.6104686797563561 2.316879957933903 0.2823529411764706 0.2235294117647059 0.15294117647058825
v 3.4775966867957959 -2.443361773551965 1.9553970882636034 0.3568627450980392 0.2980392156862745 0.2235294117647059
v 3.4776306988550774 -2.4624777982404309 1.9956547634461905 0.3568627450980392 0.2980392156862745 0.2235294117647059
v 4.1701210274857106 -2.4712261583835944 2.1197915274879122 0.3568627450980392 0.3137254901960784 0.2627450980392157
v 3.4565916525600473 -2.3396759098705382 1.8801462117295025 0.42745098039215684 0.3254901960784314 0.23529411764705882
v 4.0662684462778005 -1.9304918376303934 1.9723309772676905 0.3843137254901961 0.29411764705882354 0.23529411764705882
v 3.3901154146648174 -1.66828694157458 1.9626122298845823 0.28627450980392155 0.18823529411764706 0.13725490196078433
v 3.4529442994240545 -1.6754919379916264 1.9242199412999554 0.7215686274509804 0.5254901960784314 0.4196078431372549
v 4.2342540141252289 -1.5273804403204068 1.9724353044325433 0.5333333333333333 0.44313725490196076 0.34901960784313724
v 4.2097151478206278 -2.6232776442873202 2.3687938478625803 0.49019607843137253 0.4117647058823529 0.34901960784313724
v 3.7405850558149072 -2.3499881852182805 1.8704495729132213 0.4117647058823529 0.3137254901960784 0.23921568627450981
v 3.2922523456998443 -1.6843185457574912 2.0819084995752091 0.611764705882353 0.43529411764705883 0.3411764705882353
v 3.3881271249604783 -1.1612817355282208 2.1659327064540079 0.8901960784313725 0.6392156862745098 0.5725490196078431
v 5.0069015339821039 1.0946077023318492 2.3586796766799276 1.0 1.0 1.0
v 4.9189257351599576 1.5481152206175706 2.9013504413109112 0.043137254901960784 0.0784313725490196 0.10588235294117647
v 3.8697411014930378 -2.627015820105767 2.080191361811865 0.4745098039215686 0.3803921568627451 0.30196078431372547
v 4.2088640105096848 -2.3949975621342716 2.1191564394192373 0.23529411764705882 0.20784313725490197 0.1568627450980392
v 3.2069645318959283 -1.6881434463506844 2.0887747524846532 0.7647058823529411 0.5843137254901961 0.4588235294117647
v 4.0110482948179431 -1.6179273162561079 2.1063915768677006 0.7490196078431373 0.5411764705882353 0.41568627450980394
v 4.2013917917620551 -2.2763073728524028 2.0673577433531891 0.2980392156862745 0.25882352941176473 0.2235294117647059
v 4.1487468326088424 -1.5353626959501117 2.1163862775470932 0.9607843137254902 0.7176470588235294 0.611764705882353
v 4.6025507233481395 -1.5011674492371891 3.0359702085743381 1.0 1.0 1.0
v 3.1756400580121413 -1.1868260840062663 2.3168046858333255 0.5803921568627451 0.20392156862745098 0.2
v 3.2015333884962245 -1.1171533255096524 2.3361486921679582 0.7176470588235294 0.43137254901960786 0.3803921568627451
v 4.4438053300781624 -0.83324833309013413 3.1896127522293014 0.3215686274509804 0.22745098039215686 0.13333333333333333
v 4.6987691139462031 -0.28785054414241801 2.4652839215651454 0.08235294117647059 0.07450980392156863 0.0784313725490196
v 4.0538005158280965 -1.8536180346914539 2.0099124975754581 0.43137254901960786 0.32941176470588235 0.26666666666666666
v 4.552216606228388 -0.88843771436676067 3.2049578307265953 0.14901960784313725 0.09411764705882353 0.047058823529411764
v 2.6122593828560743 1.295661569605826 3.4161847451494403 0.5411764705882353 0.39215686274509803 0.2980392156862745
v 2.6122593828560743 1.295661569605826 3.4161847451494403 0.5411764705882353 0.39215686274509803 0.2980392156862745
v 4.0059436803334343 -1.858889957223103 1.9821511569255243 0.39215686274509803 0.2901960784313726 0.21176470588235294
v 4.0059436803334343 -1.858889957223103 1.9821511569255243 0.39215686274509803 0.2901960784313726 0.21176470588235294
v 3.3523890349694616 -1.7889066227475916 1.8876279514142158 0.5215686274509804 0.36470588235294116 0.2784313725490196
v 4.498738434856473 -1.0721382553934713 3.0676855943499692 0.4470588235294118 0.34509803921568627 0.23137254901960785
v 4.2685156752833322 -1.1931555919914765 2.9422345931786245 1.0 1.0 1.0
v 3.2678091912098579 -1.7747918413818338 1.9178227277102151 0.4823529411764706 0.33725490196078434 0.2627450980392157
v 4.833772147901227 0.50740852901270295 2.3200013596432125 0.08627450980392157 0.09019607843137255 0.10196078431372549
v 3.2750082461340355 -0.49399137921312081 3.5194555192932011 0.027450980392156862 0.0196078431372549 0.01568627450980392
v 3.0788972678687023 1.5270661838620596 2.7518269414632366 1.0 1.0 1.0
v 2.9929185210043516 1.3976535311020226 3.020893543732198 0.03529411764705882 0.03137254901960784 0.03137254901960784
v 4.0508094976942939 -1.8240498350354399 1.9444031709459553 0.43137254901960786 0.32941176470588235 0.25882352941176473
v 4.0670256867860006 -1.1275108757299386 2.6317547571414162 0.7254901960784313 0.5607843137254902 0.4196078431372549
v 4.1145362612051111 -2.3128121807585167 2.2742776848372817 0.24313725490196078 0.2 0.16470588235294117
v 3.277749620094085 -1.6676921822923785 2.1047163580336932 0.6352941176470588 0.5176470588235295 0.43137254901960786
v 3.7071478572222358 -2.5316031382016031 2.0015611246463312 0.2980392156862745 0.2627450980392157 0.18823529411764706
v 3.7269133614963015 -2.5171724582814665 1.9761864226523091 0.14901960784313725 0.10588235294117647 0.050980392156862744
v 3.7332645392035109 -2.4623023145904179 1.9331208358678678 0.2235294117647059 0.17254901960784313 0.12549019607843137
v 4.095501870293619 -1.8973536860892177 2.0139527606077339 0.3843137254901961 0.30980392156862746 0.2549019607843137
v 3.0538526160663499 -1.8446274120911164 2.1649794332164207 0.8588235294117647 0.6901960784313725 0.6
v 3.3748319037785657 -1.2096460252712005 2.1176487076782236 0.7764705882352941 0.5882352941176471 0.48627450980392156
v 3.9914425856695162 1.1740170231300409 2.1247665611706852 0.058823529411764705 0.027450980392156862 0.01568627450980392
v 4.001625879363969 -2.3997888004918342 1.9639627052364281 0.27058823529411763 0.20784313725490197 0.15294117647058825
v 4.4325707010725894 -0.8099257571841687 3.1712515087532509 0.2980392156862745 0.21176470588235294 0.12156862745098039
v 4.9037062588296143 1.3947553526027441 2.9028068680633412 0.1568627450980392 0.1411764705882353 0.13725490196078433
v 3.2974719378786368 -1.6592314110346811 2.0969643529283797 0.8901960784313725 0.7176470588235294 0.6
v 4.3442205504711602 -1.1865122545252376 3.1285899611731738 0.2823529411764706 0.23921568627450981 0.13725490196078433
v 4.0232231195477057 -2.5877658210936518 2.1231601602801176 0.5176470588235295 0.44313725490196076 0.37254901960784315
v 4.2543237361483763 -2.6921447738855036 2.4671643925501767 0.41568627450980394 0.3176470588235294 0.2196078431372549
v 3.2878288025050773 -0.90929909486384064 2.4234060143696539 0.6352941176470588 0.42745098039215684 0.34509803921568627
v 2.6647402874939394 1.1349802669887681 3.3688885359825917 1.0 1.0 1.0
v 3.2445727546311844 -1.7153914149012386 2.0545393574462336 0.6862745098039216 0.49019607843137253 0.36470588235294116
v 3.3539439402697577 -0.56311719986783981 3.6521354976642266 0.03529411764705882 0.027450980392156862 0.0196078431372549
v 4.6175029777551986 -1.7439933285509277 3.1291649597515221 1.0 1.0 1.0
v 4.5921079787174799 -0.32461330263468968 2.5174815895447598 0.07058823529411765 0.06666666666666667 0.0784313725490196
v 3.4197453685620478 -1.0583797147011662 2.1460634254447513 0.9058823529411765 0.7333333333333333 0.6313725490196078
v 4.3152804944880332 -2.7513509843205215 2.5653889888308603 0.21568627450980393 0.1568627450980392 0.09803921568627451
v 4.4048972452321138 -2.4668171714912948 2.4122858207860514 0.23137254901960785 0.17647058823529413 0.12156862745098039
v 3.0560870905078499 -1.6097899327005012 2.0992695836975566 1.0 1.0 1.0
v 3.460988930646117 -1.0641001366940512 2.4224055217721592 0.8862745098039215 0.7058823529411765 0.596078431372549
v 5.0857640683965313 1.2227645155192617 2.4365634360242669 1.0 1.0 1.0
v 2.8446692846302439 -2.0898201580215043 1.8943324003006807 1.0 1.0 1.0
v 4.5482232819341561 -1.0337312882562992 3.0730875266115172 0.49411764705882355 0.396078431372549 0.26666666666666666
v 4.5142817556659276 -2.5322824671495443 2.7516759829691875 1.0 1.0 1.0
v 3.7466047725917608 -2.5356097875232328 1.9832121171713342 0.27058823529411763 0.20392156862745098 0.14901960784313725
v 4.0237700014029185 -2.454738145665631 2.0030166169618777 0.23529411764705882 0.1843137254901961 0.13333333333333333
v 4.2451201124121303 -2.0849147957826033 2.1096731218432483 0.16470588235294117 0.12941176470588237 0.10196078431372549
v 4.0548049321711623 -1.8441395857051868 2.0127009950225538 0.44313725490196076 0.34509803921568627 0.2784313725490196
v 4.230157538670734 -1.807222322919803 2.1859831450564862 0.5647058823529412 0.4588235294117647 0.38823529411764707
v 3.4191730518123475 -1.6855222944500881 1.925502154449769 0.7372549019607844 0.5490196078431373 0.4392156862745098
v 3.4940023744104418 -1.6374624791307828 1.9319061241726645 0.7215686274509804 0.5411764705882353 0.4470588235294118
v 3.3577254549868787 -1.6172993196152576 2.0246838743084394 0.7215686274509804 0.5333333333333333 0.44313725490196076
v 3.3929725857683364 -1.6206359350225406 1.9886529933018007 0.7254901960784313 0.5725490196078431 0.5098039215686274
v 3.2294182543676793 -1.190215397650169 2.1825575043317933 0.7333333333333333 0.36470588235294116 0.34509803921568627
v 3.586967453152492 -0.15107429980949902 2.7353333708610483 0.12549019607843137 0.08235294117647059 0.07058823529411765
v 3.5163809530984071 -2.4906255116708604 1.9847207194569589 0.3176470588235294 0.26666666666666666 0.19215686274509805
v 3.7523957328560416 -2.4451072942043184 1.9155097319529168 0.3568627450980392 0.30196078431372547 0.24705882352941178
v 3.5337338674794885 -0.47504200587516449 2.8840183530503385 0.8509803921568627 0.6549019607843137 0.4980392156862745
v 4.4311096291163317 -0.27514116032868235 2.2657419567047539 0.20784313725490197 0.2 0.20392156862745098
v 4.4308390028105382 -0.27534885946743815 2.2583726667751094 0.20784313725490197 0.2 0.20392156862745098
v 4.1559185552944626 1.3054361959857275 2.2069574803796028 0.5215686274509804 0.39215686274509803 0.2980392156862745
v 3.8986345597570682 -2.0377585189164553 1.8920933131526738 0.5411764705882353 0.43137254901960786 0.34901960784313724
v 4.5873097574673647 -1.5555208449509677 3.044428005438669 0.12156862745098039 0.09019607843137255 0.058823529411764705
v 4.9503541278618526 1.2681701099468607 2.7366231821516296 0.29411764705882354 0.25882352941176473 0.22745098039215686
v 4.0783584431244329 1.5288774498379056 2.3025326665955372 0.06666666666666667 0.050980392156862744 0.0392156862745098
v 4.5550951383784435 -1.7603773503088356 2.9909213118629978 0.1843137254901961 0.1450980392156863 0.09411764705882353
v 3.1507503607487655 -1.2272200763135659 2.3249929314667552 0.6627450980392157 0.2823529411764706 0.2627450980392157
v 4.5769832764647314 -0.97594649463964644 3.1565807288029006 0.30980392156862746 0.23921568627450981 0.14901960784313725
v 5.0111153048404118 1.0544815479968199 2.2507955802951543 0.5215686274509804 0.45098039215686275 0.36470588235294116
v 4.0995426432369753 1.7364730155463517 2.3313795864901383 1.0 1.0 1.0
v 3.8253593513447126 -2.9459631400595141 2.7983495138461763 1.0 1.0 1.0
v 3.944365350300604 -2.9353076396218882 2.7504311702179072 1.0 1.0 1.0
v 4.2990749249316806 -2.6801673229067782 2.5306534753646739 0.1411764705882353 0.10588235294117647 0.07058823529411765
v 4.5785666478119387 -1.9165943664249729 2.960639779402606 1.0 1.0 1.0
v 2.585576977130517 1.3250699462587943 3.498877662531263 0.5450980392156862 0.403921568627451 0.3058823529411765
v 4.2933145638431842 -2.8401815045386143 2.5029156645484694 0.34901960784313724 0.2784313725490196 0.20392156862745098
v 3.9012175960388502 -2.2773265416818629 1.8853232127828214 0.48627450980392156 0.3843137254901961 0.3058823529411765
v 4.1425137441000928 -1.4472144003460141 2.1218833561834751 0.9372549019607843 0.7058823529411765 0.6
v 3.0859787164431687 -1.7801334968923717 2.3541292058422689 0.3568627450980392 0.29411764705882354 0.23921568627450981
v 3.1398244077628727 -1.7987417184656751 2.0897280539500054 0.8980392156862745 0.7254901960784313 0.6196078431372549
v 4.4271574627743036 -2.5541589340030217 2.6112471643358734 0.25882352941176473 0.19607843137254902 0.13725490196078433
v 3.1268183348506882 -1.5002202244638176 2.1849264670819633 0.9019607843137255 0.7058823529411765 0.6196078431372549
v 2.7418681631171209 1.2892530053710554 3.305364621669967 1.0 1.0 1.0
v 3.423334200745654 -1.0503514732325341 2.1038795893145199 0.9098039215686274 0.7411764705882353 0.6274509803921569
v 4.2624911294096162 -0.51994823834033121 2.9478877707761466 0.8901960784313725 0.7098039215686275 0.5333333333333333
v 4.0892298321576721 1.0187011286355803 2.172492956425307 0.0784313725490196 0.054901960784313725 0.050980392156862744
v 4.6125584828569997 1.5757123852860453 2.2510479890364188 0.4980392156862745 0.4980392156862745 0.4980392156862745
v 3.8985748799874278 -2.2774250635622724 1.8782308723746632 0.5058823529411764 0.40784313725490196 0.3333333333333333
v 3.3709843294749962 -1.1372832057454139 2.1599552371201014 0.8901960784313725 0.6784313725490196 0.596078431372549
v 4.415340355198154 -0.49357238268987053 2.5456950631088571 0.12156862745098039 0.10196078431372549 0.10196078431372549
v 3.4284318222258543 -2.4715858278552263 1.9821365292428033 0.30196078431372547 0.24705882352941178 0.17254901960784313
v 3.8548054337308173 -2.2794692000451398 1.8779003216629901 0.5019607843137255 0.403921568627451 0.3215686274509804
v 3.8815440354490756 -2.266531717594451 1.8828062021974572 0.5411764705882353 0.43529411764705883 0.35294117647058826
v 4.0848167585353021 -1.9076863210949344 1.9997928318968736 0.2235294117647059 0.1568627450980392 0.09803921568627451
v 3.3261192262805501 -1.6718658719191863 2.0751545315687014 0.4392156862745098 0.2549019607843137 0.17647058823529413
v 3.3169879229834747 -1.6556192888775001 2.0774186791284501 0.5372549019607843 0.35294117647058826 0.2549019607843137
v 3.0925550565095601 -1.6960027593048277 2.3834912331564295 0.7215686274509804 0.5490196078431373 0.47058823529411764
v 3.3704179484807453 -1.5970538957862415 2.0117828335387262 0.6352941176470588 0.4470588235294118 0.34509803921568627
v 4.1061913479853711 -1.6049838284402949 2.1653158719265191 0.9254901960784314 0.7098039215686275 0.6352941176470588
v 3.1865620090323961 -1.1890520174707537 2.2183949547464463 0.6470588235294118 0.2823529411764706 0.2784313725490196
v 3.2844529200084027 -1.1597309770291588 2.1876086670756756 0.803921568627451 0.41568627450980394 0.403921568627451
v 3.7192027119573159 -2.4709538082241713 1.938556435638916 0.3058823529411765 0.27450980392156865 0.21568627450980393
v 3.7067812409362038 -2.1769270185635823 1.8301900677366214 0.7725490196078432 0.6196078431372549 0.5176470588235295
v 3.0573137354996542 -1.3446293411091566 2.0974416513657621 0.7019607843137254 0.4980392156862745 0.43137254901960786
v 3.8863227012857942 -2.2112105060158598 1.8799994994039604 0.3764705882352941 0.2784313725490196 0.2
v 3.8315510008804492 -2.0362439327246489 1.873561547888831 0.5098039215686274 0.3803921568627451 0.29411764705882354
v 3.1197191786413021 -1.6555443901767932 2.282092929129262 0.6941176470588235 0.5019607843137255 0.40784313725490196
v 3.0892815132002416 -1.3424441305654016 2.0905862616532946 0.8392156862745098 0.6235294117647059 0.5686274509803921
v 3.9550009829253425 -2.6858845673720184 2.2277367739277407 0.37254901960784315 0.30980392156862746 0.23921568627450981
v 4.7120164698090337 1.3368853525582309 2.2811604629424407 1.0 1.0 1.0
v 3.0233744030450698 -1.9262670421346497 2.4690789653541705 0.5137254901960784 0.35294117647058826 0.27450980392156865
v 3.0795987348946099 -1.7437769719031064 2.4040314996516514 0.17647058823529413 0.11764705882352941 0.0784313725490196
v 3.176876117873515 -1.432477200899003 2.0761529309668916 0.8274509803921568 0.6078431372549019 0.5254901960784314
v 4.6223378208436623 -1.2856140065609973 3.088257932129002 1.0 1.0 1.0
v 3.4026504411077134 -0.48480916503941951 3.2546462649575929 0.9058823529411765 0.7294117647058823 0.5803921568627451
v 4.6134442843012415 -1.7276038692230311 3.0179525883406528 1.0 1.0 1.0
v 4.4523637501835065 1.4204358245056494 2.0164830719527913 1.0 1.0 1.0
v 4.4507546423899882 1.4172384774113247 1.9986874023537491 1.0 1.0 1.0
v 4.0431624151765355 -1.1799561003600849 2.3456231394007876 0.8235294117647058 0.6431372549019608 0.49019607843137253
v 3.4641443907373448 -0.31745125033718824 3.0613768534258865 0.9450980392156862 0.7333333333333333 0.5725490196078431
v 3.1703548240236645 -0.072356762919099038 3.2492482152754381 0.043137254901960784 0.0392156862745098 0.03137254901960784
v 4.2542146282925124 -2.7492367154707034 2.4880260863535177 0.5686274509803921 0.44313725490196076 0.30980392156862746
v 4.3424214933335508 1.7222213598838587 2.0830339425821016 0.8666666666666667 0.6627450980392157 0.5294117647058824
v 3.2286184396032129 1.6564177816422161 2.7970970663996706 0.03529411764705882 0.03137254901960784 0.023529411764705882
v 4.3932548959686555 -0.28770127948974328 2.771022710939671 0.054901960784313725 0.054901960784313725 0.0392156862745098
v 4.3059550404045783 -0.24719158639024849 2.4659115656569268 0.043137254901960784 0.0392156862745098 0.023529411764705882
v 3.7084237971437251 -2.4280370446361399 1.902698564425428 0.27058823529411763 0.20392156862745098 0.1411764705882353
v 3.7966790815794504 -2.2100411729730696 1.8406818970693106 0.6274509803921569 0.49019607843137253 0.39215686274509803
v 3.7425131000915184 -2.1175098657614453 1.8391159073632626 0.7568627450980392 0.6039215686274509 0.5058823529411764
v 4.0868925062170662 -1.9097537520447356 2.0047283484861804 0.23137254901960785 0.16470588235294117 0.10196078431372549
v 3.3783233701020712 -1.6281893653285655 1.9991141127825818 0.2980392156862745 0.20784313725490197 0.1411764705882353
v 4.1083715452306908 -1.6136374741301129 2.1280917167081546 0.6588235294117647 0.3843137254901961 0.27450980392156865
v 4.3167530944809727 -0.47552831865796646 2.5122685333686956 0.8509803921568627 0.6901960784313725 0.5803921568627451
v 3.8085496499377647 -0.21987568043864628 2.4959560634599818 0.09803921568627451 0.058823529411764705 0.0392156862745098
v 4.1322733414117359 1.3664067981203329 2.226245401660047 0.14901960784313725 0.11372549019607843 0.09803921568627451
v 3.725887137200631 -2.5137231335858816 1.9698269501737971 0.12549019607843137 0.09803921568627451 0.03529411764705882
v 4.0264661266474731 -2.0342442261432394 1.9521192184182399 0.4117647058823529 0.33725490196078434 0.26666666666666666
v 4.0300343920445787 -2.0430843255881816 1.9703749547784504 0.4117647058823529 0.33725490196078434 0.26666666666666666
v 3.1105031630106916 -1.7057362776086675 2.3172666326537739 0.6431372549019608 0.5450980392156862 0.49019607843137253
v 4.1099861254121342 -1.5478135975873288 2.1673010501589181 0.9803921568627451 0.7725490196078432 0.6666666666666666
v 3.4329037085365832 -0.60682507254136664 3.3421480767779173 0.054901960784313725 0.03529411764705882 0.023529411764705882
v 3.1355202204092607 -1.6593174698307489 2.1297247001394348 0.5098039215686274 0.33725490196078434 0.27450980392156865
v 4.0070335067958238 -1.5762082246314024 2.1073700454336368 0.9294117647058824 0.7529411764705882 0.615686274509804
v 3.221223443317403 -1.2107670928300338 2.1812524807909179 0.7333333333333333 0.36470588235294116 0.3333333333333333
v 5.0085286545796732 1.069360029223084 2.2356788105284338 0.5019607843137255 0.43137254901960786 0.35294117647058826
v 3.0282087664514634 -1.8980708930861732 2.2270063173337951 0.9294117647058824 0.7607843137254902 0.6784313725490196
v 4.268867293736248 -1.7088125410771993 2.149827046841609 0.33725490196078434 0.27058823529411763 0.20784313725490197
v 4.5549672311192122 1.3066431368827782 1.8750692077526716 0.8470588235294118 0.6313725490196078 0.4745098039215686
v 4.068303137610739 -1.629482369526247 2.1135163813295295 0.4666666666666667 0.16470588235294117 0.07450980392156863
v 3.3907025340249635 -0.57360452003605822 3.3648347322884584 0.03529411764705882 0.023529411764705882 0.01568627450980392
v 4.4855885139377722 -0.44751034109501053 2.7242827408842043 0.11372549019607843 0.10196078431372549 0.10196078431372549
v 4.595178594769612 -0.59225856168223734 3.0681445513272942 1.0 1.0 1.0
v 3.717281272095398 -1.0168347014992005 2.4778494293217399 0.5686274509803921 0.42745098039215684 0.3137254901960784
v 4.6276170997429844 1.5943103336320466 2.2967737630252634 1.0 1.0 1.0
v 3.6006419133675838 0.75235603634736947 2.7946499439887962 0.047058823529411764 0.03529411764705882 0.027450980392156862
v 4.0143720764886002 -2.8045663835451013 2.3825506562842689 1.0 1.0 1.0
v 3.5494069294707802 -2.4097826999227783 1.9055612372159894 0.27058823529411763 0.21176470588235294 0.13333333333333333
v 3.3665576266714945 -1.7052581333515586 1.9374130721038678 0.5215686274509804 0.34509803921568627 0.25098039215686274
v 3.3689793052343098 -1.6572470212957831 1.996662444672842 0.16470588235294117 0.10588235294117647 0.06666666666666667
v 4.0315784941852533 -1.5758485573994199 2.1239060429599439 0.5607843137254902 0.30980392156862746 0.2196078431372549
v 4.0802162324084019 0.51442075981373703 2.0425516668149966 0.1607843137254902 0.12156862745098039 0.09411764705882353
v 4.1700724543103602 0.63843614365802093 2.0686282773736338 0.596078431372549 0.4549019607843137 0.3411764705882353
v 3.8272358759907745 1.5936761237411807 2.2758274734170252 0.18823529411764706 0.19607843137254902 0.17647058823529413
v 3.9167946975312984 1.6523124960396973 2.3012561720246483 0.23137254901960785 0.22745098039215686 0.2235294117647059
v 3.9167946975312984 1.6523124960396973 2.3012561720246483 0.23137254901960785 0.22745098039215686 0.2235294117647059
v 3.0220159411716589 -1.8505768124111401 2.3413981969340991 0.7529411764705882 0.5803921568627451 0.4980392156862745
v 4.4055841110545391 -0.49505140667207331 2.6467055702706546 0.792156862745098 0.6313725490196078 0.5176470588235295
v 3.5179753815824504 -2.3681475224146813 1.8755976215966415 0.3686274509803922 0.2823529411764706 0.2
v 4.0556300440607895 -1.8855316857348399 2.0047342626268492 0.23921568627450981 0.1568627450980392 0.09803921568627451
v 3.2720289329438685 -1.087387558441705 2.2262349334361398 0.8431372549019608 0.6627450980392157 0.5647058823529412
v 3.1619248019732091 -2.3121623067812065 2.1129317571755006 0.9411764705882353 0.7607843137254902 0.6627450980392157
v 3.3483121523008554 -0.58324329804584107 3.721951893048657 0.03137254901960784 0.027450980392156862 0.0196078431372549
v 4.5549672311192104 1.3066431368827771 1.8750692077526685 0.8509803921568627 0.6352941176470588 0.47843137254901963
v 3.6098079392768132 -2.4179168965071995 1.8877280172881197 0.3803921568627451 0.32941176470588235 0.2549019607843137
v 4.4591082975156384 -1.3250198579429138 2.9468319215310359 0.11764705882352941 0.06666666666666667 0.023529411764705882
v 5.0007437676827537 1.0943120090396459 2.3422529487477464 1.0 1.0 1.0
v 4.4999016738727899 -2.5038133437229231 2.6531867762236159 1.0 1.0 1.0
v 4.055094032437311 -1.7725760627717986 2.0418182289510698 0.3176470588235294 0.21176470588235294 0.13725490196078433
v 4.9630955651679347 1.5822467489408187 2.4943676866953552 0.5764705882352941 0.4823529411764706 0.3803921568627451
v 3.1906470633915309 1.6717538049554785 2.8113253421930615 0.0 0.0 0.0
v 5.0490413562560388 1.1900191541446958 2.393852966928403 1.0 1.0 1.0
v 4.1861961272326047 -1.7194060002319225 2.2236119910886956 0.9176470588235294 0.7215686274509804 0.615686274509804
v 2.9678438242628968 1.3651872897210007 3.1363405165455198 0.043137254901960784 0.03529411764705882 0.03529411764705882
v 3.3648199105070495 -0.7726243289212299 3.2300767672193942 1.0 1.0 1.0
v 2.832819660459168 -2.2604288515718536 2.31967411109654 1.0 1.0 1.0
v 3.6006419133675838 0.75235603634736947 2.7946499439887962 0.047058823529411764 0.03529411764705882 0.03137254901960784
v 4.1841859322149846 0.6755113576876578 2.0711988738053808 0.6313725490196078 0.4745098039215686 0.3333333333333333
v 3.5494069294707802 -2.4097826999227783 1.9055612372159894 0.26666666666666666 0.20784313725490197 0.12941176470588237
v 3.7068686678212592 -2.4265641925092876 1.8996234387534552 0.26666666666666666 0.2 0.1411764705882353
v 3.3430018978061349 -1.6618391711385072 2.0448219273164296 0.5019607843137255 0.38823529411764707 0.32941176470588235
v 3.1558155290858747 -1.3504639488696319 2.10501173635509 0.24313725490196078 0.054901960784313725 0.03529411764705882
v 3.2043976468926822 -1.1039433885681713 2.2732683232130668 0.5764705882352941 0.32941176470588235 0.27450980392156865
v 4.1389881254069412 1.3814979367741336 2.2148894308768057 0.42745098039215684 0.3254901960784314 0.2627450980392157
v 3.9725292730884001 -2.4335739391205298 1.9644740877729208 0.39215686274509803 0.33725490196078434 0.27058823529411763
v 3.1128339205761746 -1.7072170144672525 2.3108402507991563 0.6980392156862745 0.5843137254901961 0.5607843137254902
v 3.3593934751370207 -1.6343356697799731 2.0215881214153049 0.30196078431372547 0.20392156862745098 0.13333333333333333
v 4.1021738296411652 -1.6037795970207558 2.1570300937725664 0.9176470588235294 0.7019607843137254 0.6235294117647059
v 3.1414813181626582 -1.3182596157757829 2.1947114936961896 0.5254901960784314 0.3137254901960784 0.2549019607843137
v 3.0783905461928827 -1.7041203407932626 2.4779421924850311 0.6784313725490196 0.4823529411764706 0.3764705882352941
v 4.1886647799863912 -1.6191866455944322 2.1051245084082995 0.8156862745098039 0.5058823529411764 0.40784313725490196
v 4.621003803592548 -1.4994257990151012 3.0531391928253999 1.0 1.0 1.0
v 3.1630408374426473 -1.2801716213777468 2.2700395947684431 0.9490196078431372 0.7411764705882353 0.6509803921568628
v 2.87280091611927 1.4096870712896925 3.3881168956184551 0.03137254901960784 0.027450980392156862 0.0196078431372549
v 3.1648051483734241 -1.2029394935919018 2.6541775518269288 1.0 1.0 1.0
v 4.461064070514202 1.427058641816201 2.0797729264531712 1.0 1.0 1.0
v 3.4195260400961067 -1.4273485996785555 2.0873036610238929 0.9490196078431372 0.7411764705882353 0.6352941176470588
v 4.3180451546654322 -0.23258748657966735 2.4882332993664846 0.03529411764705882 0.027450980392156862 0.01568627450980392
v 4.1200119274719071 -2.3057441387546511 2.3455792549745906 0.0 0.0 0.0
v 3.9300875647947584 -2.3988261412718948 1.9400623331380069 0.24705882352941178 0.17254901960784313 0.11764705882352941
v 4.2101223195499022 -1.9109423822350651 2.0704327258088551 0.28627450980392155 0.23921568627450981 0.18823529411764706
v 4.600746564446025 -1.2721142383317443 3.0792651574190186 1.0 1.0 1.0
v 4.0896109808792342 -1.6465913799563674 2.0968985840376764 0.9450980392156862 0.7764705882352941 0.6823529411764706
v 3.9243641806937797 -2.0228072249261815 1.882033149711799 0.19607843137254902 0.13333333333333333 0.08627450980392157
v 3.8951136514781948 -2.2738218350571513 1.8747604984394635 0.5019607843137255 0.403921568627451 0.3215686274509804
v 4.6356885923727349 -0.31925969415545569 2.5576709023110995 0.12549019607843137 0.11764705882352941 0.12156862745098039
v 3.638908855984667 -2.5411408129398549 2.0184413073415728 0.2235294117647059 0.1803921568627451 0.10588235294117647
v 3.4895876828209671 -2.4216487256870844 1.9210946949035377 0.25098039215686274 0.19215686274509805 0.11372549019607843
v 3.4930541156484489 -2.4278150942597492 1.93287263867934 0.25098039215686274 0.19215686274509805 0.11372549019607843
v 3.6225931380087117 -2.4768405379248186 1.9524518415854508 0.2235294117647059 0.1803921568627451 0.10588235294117647
v 3.126525473410247 -1.7033608095818997 2.282306907200943 0.4117647058823529 0.24705882352941178 0.19215686274509805
v 3.1084009861765165 -1.6711835455445736 2.3346485172251574 0.6392156862745098 0.4549019607843137 0.36470588235294116
v 4.0934363576901642 -1.4984423852535931 2.147125801553873 0.792156862745098 0.49019607843137253 0.39215686274509803
v 3.806358732102177 -0.23549248582612659 2.4977098720188478 0.8745098039215686 0.6980392156862745 0.5843137254901961
v 4.2927542136421639 0.78386140074812038 2.0167346625556153 0.8705882352941177 0.6941176470588235 0.5333333333333333
v 4.1337467807965806 1.4584816855696359 2.2279383816689391 0.43529411764705883 0.34509803921568627 0.2784313725490196
v 4.2810613231888741 -2.8673232647482645 2.5473761065529681 0.45098039215686275 0.33725490196078434 0.25098039215686274
v 4.1019898135436073 -1.485567669119352 2.1209884189595973 0.9333333333333333 0.6901960784313725 0.592156862745098
v 4.4809502444128819 -0.27471163151353983 2.2804564738929844 0.18823529411764706 0.16470588235294117 0.14901960784313725
v 3.8929417124002059 1.6304171806724079 2.2894378168557674 0.2196078431372549 0.21176470588235294 0.21568627450980393
v 3.7826982768480306 -2.5759835223476699 2.0307957462795958 0.34901960784313724 0.2823529411764706 0.2196078431372549
v 3.5811880470157837 -2.4351712238998777 1.9216592479928825 0.24705882352941178 0.2 0.12941176470588237
v 4.9620294121923862 1.6333277091538092 2.4614338388236625 0.5843137254901961 0.4823529411764706 0.3803921568627451
v 4.9620294121923862 1.6333277091538092 2.4614338388236625 0.5843137254901961 0.4823529411764706 0.3803921568627451
v 3.16315944660629 1.6587333441830563 2.7376567547489197 0.023529411764705882 0.0196078431372549 0.011764705882352941
v 3.0358835052370461 -1.8135915385214874 2.4307611931624358 0.5058823529411764 0.3137254901960784 0.22745098039215686
v 3.2101308613567467 -1.1501954635295435 2.2673099267249635 0.8431372549019608 0.43137254901960786 0.41568627450980394
v 3.1136834069422066 1.4871429745669724 2.686326195063625 1.0 1.0 1.0
v 3.5591547811853919 -0.90511803468548579 2.5817611116416161 0.42745098039215684 0.30196078431372547 0.21176470588235294
v 4.3748745328311269 -0.91040076514475665 2.8416631453236896 0.1607843137254902 0.0784313725490196 0.03529411764705882
v 4.4878604810419818 -0.67622293742341133 2.5776114828463754 1.0 1.0 1.0
v 5.0266671262244049 -1.8285109019851689 3.3010579474667647 1.0 1.0 1.0
v 3.9688233579884939 -2.4274321824236553 1.9565053265644259 0.39215686274509803 0.33725490196078434 0.27058823529411763
v 3.4982016876209663 -2.172778807646655 1.8144681189369429 0.7529411764705882 0.5647058823529412 0.4588235294117647
v 3.4629721832077043 -2.31283457045638 1.8605289220677699 0.5882352941176471 0.4588235294117647 0.3607843137254902
v 3.470266639137412 -2.3000951211347878 1.8453210296679907 0.5176470588235295 0.3764705882352941 0.28627450980392155
v 3.7245114103086174 -2.2518252473991884 1.8231002408759471 0.5764705882352941 0.4392156862745098 0.3333333333333333
v 4.0065955262536903 -1.7375837173987918 2.0268759081711005 0.3686274509803922 0.24313725490196078 0.1568627450980392
v 4.0871655725495435 -1.495372879912974 2.1413029456490156 0.796078431372549 0.4980392156862745 0.396078431372549
v 3.4095193946348723 -1.1587133130876621 2.1467572152265761 0.7568627450980392 0.5647058823529412 0.4666666666666667
v 3.1378051958865276 -1.6752078033132154 2.2766563378996638 0.7843137254901961 0.5764705882352941 0.4980392156862745
v 3.3913678075311715 -1.6436517010246252 1.9871263845179403 0.25098039215686274 0.19607843137254902 0.1450980392156863
v 3.1291741655632008 -1.6595222122558873 2.3021286354893888 0.7372549019607844 0.5333333333333333 0.42745098039215684
v 3.9504998601736045 -2.6750238565855367 2.2153644784177198 0.3411764705882353 0.2784313725490196 0.21568627450980393
v 3.9308303411658532 -2.0101351216342462 1.9156570708097231 0.4823529411764706 0.3803921568627451 0.30196078431372547
v 3.1731587071032146 -1.1713284902622685 2.43877174778265 0.8509803921568627 0.6549019607843137 0.5607843137254902
v 5.0089048410187464 0.79535515636779341 2.1400207762404522 0.592156862745098 0.5098039215686274 0.40784313725490196
v 5.0488010051969132 0.89492054373803664 2.2226391294726131 0.5843137254901961 0.49411764705882355 0.40784313725490196
v 4.0874828398213188 -1.7314690890158142 2.0140745584337161 0.9490196078431372 0.7333333333333333 0.6431372549019608
v 4.4393424798272827 -0.7372878003223472 2.9555132510754047 0.21568627450980393 0.1607843137254902 0.08235294117647059
v 2.741932617387318 1.2272117947005912 3.4278414018488688 1.0 1.0 1.0
v 3.2333687385886982 -2.4089113505509436 2.0843787261103914 0.35294117647058826 0.2627450980392157 0.17254901960784313
v 3.1053548617601985 -1.4105278544664706 2.1287925382701145 0.9019607843137255 0.7058823529411765 0.6431372549019608
v 2.6563312391088414 0.96591465532018494 3.5880144189232741 1.0 1.0 1.0
v 4.9761549656637181 1.5851658729386899 2.5343702972493789 0.5725490196078431 0.47843137254901963 0.3843137254901961
v 4.9661977880141484 1.577199149366582 2.5177917097547526 0.5725490196078431 0.47843137254901963 0.3843137254901961
v 4.0243305384451098 -1.2407071899947435 2.2856595455210202 0.8392156862745098 0.6588235294117647 0.5215686274509804
v 3.1119992615121266 1.5122469795242326 2.7456482845457177 1.0 1.0 1.0
v 3.5503015884092064 -0.88734246304376074 2.5433690303060361 0.42745098039215684 0.30196078431372547 0.21176470588235294
v 4.3476350194588074 -1.0956799727249662 2.7782452865936849 0.2235294117647059 0.13725490196078433 0.054901960784313725
v 3.244573733321253 -0.37191957141423293 3.4097489034387172 0.0392156862745098 0.03137254901960784 0.023529411764705882
v 3.6180585742745635 -0.33129565772578706 3.2808985417263825 0.9450980392156862 0.7372549019607844 0.5725490196078431
v 4.173737730215314 -2.0644550016584162 2.182828080402575 0.3607843137254902 0.28627450980392155 0.23137254901960785
v 4.3345293174122741 0.30181038273863264 2.1113714914746762 0.9372549019607843 0.7764705882352941 0.6039215686274509
v 3.7275049889988221 0.67579613434289809 3.0798951079339121 0.050980392156862744 0.0392156862745098 0.03137254901960784
v 3.7064099565711004 0.66958935847287204 3.0643272408417088 0.050980392156862744 0.0392156862745098 0.03137254901960784
v 3.3577472353314004 -2.3448025439089828 1.9314286671275462 0.5764705882352941 0.45098039215686275 0.34901960784313724
v 3.9468367458363822 -2.2494978826465784 1.900863984702841 0.3843137254901961 0.3058823529411765 0.2235294117647059
v 3.1616690618513279 -1.2215131472781178 2.4710538687551713 0.8274509803921568 0.6509803921568628 0.5529411764705883
v 3.4570239340068327 -0.17380846909212314 2.7815279918745777 0.09019607843137255 0.06274509803921569 0.054901960784313725
v 4.1313632273754823 1.3917017458365513 2.2406128207130802 0.12549019607843137 0.08627450980392157 0.07058823529411765
v 3.6744715103527077 -2.3582337878769328 1.874047031164028 0.5176470588235295 0.40784313725490196 0.30980392156862746
v 3.0650447589437468 -1.770873105951462 2.3258780421524499 0.7411764705882353 0.5568627450980392 0.4549019607843137
v 3.4798789055151218 -1.6517387879891383 1.9321375700814996 0.3803921568627451 0.23529411764705882 0.1568627450980392
v 4.0592827412168715 -1.6402266925800624 2.0942678541697388 0.4823529411764706 0.22745098039215686 0.1607843137254902
v 4.2118325046164262 -1.6348339210544425 2.0985105179856758 0.9411764705882353 0.7098039215686275 0.596078431372549
v 2.7526273303493514 1.1949329714126917 3.4775819483298989 1.0 1.0 1.0
v 4.2290763108956062 -1.7542008710173804 2.123824784192708 0.9058823529411765 0.6588235294117647 0.5254901960784314
v 4.1437882522422962 -1.5353948195569551 2.1177976899017894 0.9607843137254902 0.7215686274509804 0.611764705882353
v 4.1549067769872412 -1.5413801637010538 2.1362491460204938 0.9607843137254902 0.7215686274509804 0.611764705882353
v 3.0661041871858252 -1.3441919597430181 2.1261151974699821 0.6627450980392157 0.4588235294117647 0.4
v 3.2562520513365185 -0.55964670454606102 3.6847597983718989 0.06274509803921569 0.047058823529411764 0.03529411764705882
v 3.1970055402192084 -1.3719335005713025 2.0866328834138264 0.8901960784313725 0.6862745098039216 0.6
v 3.4385968977056716 -0.59845981649562818 3.4642064613905079 0.043137254901960784 0.027450980392156862 0.01568627450980392
v 3.8633294262679958 -1.9218237129920694 1.9126445597346866 0.6980392156862745 0.5529411764705883 0.4588235294117647
v 3.9709805477532711 -1.5510521537237809 2.0937638489098802 0.9372549019607843 0.7803921568627451 0.6470588235294118
v 2.8401693616396742 1.3377336636908959 3.1467709439282965 0.03529411764705882 0.03137254901960784 0.023529411764705882
v 4.5827544125840163 1.5039235169936525 2.189293952707664 1.0 1.0 1.0
v 4.5827544125840198 1.5039235169936547 2.1892939527076694 0.0 0.0 0.0
v 2.9175651271768128 -0.87163248728975484 2.6678491139891491 1.0 1.0 1.0
v 3.2694691002656033 -2.310600032170306 2.0143162742591221 0.8431372549019608 0.6627450980392157 0.5647058823529412
v 2.6900188255768711 1.1024862418136487 4.1232767715880856 1.0 1.0 1.0
v 3.3763348159749671 -2.3879524609430192 1.9495201638841999 0.2823529411764706 0.20392156862745098 0.12549019607843137
v 3.0468112917348771 -1.7844763715687035 2.370689059737467 0.7137254901960784 0.5372549019607843 0.43137254901960786
v 3.0451210357854328 -1.7844048294695825 2.3749852914420231 0.7137254901960784 0.5372549019607843 0.43137254901960786
v 3.1626871044948341 -1.7040643648275771 2.1030259920941941 0.9607843137254902 0.8 0.6823529411764706
v 3.1627412654144824 -1.7041231708665221 2.1031379705832203 0.9607843137254902 0.8 0.6823529411764706
v 3.3818808722116764 -1.6912881473045329 1.9376938397426124 0.7450980392156863 0.5529411764705883 0.47058823529411764
v 3.0840264360753866 -1.7054460592233784 2.3691945317984118 0.3215686274509804 0.2235294117647059 0.1568627450980392
v 3.1691283362546625 -1.173785672622605 2.3123991191048132 0.7254901960784313 0.3607843137254902 0.34509803921568627
v 3.4337745622784697 -2.375030148250739 1.9035315618204922 0.3176470588235294 0.23921568627450981 0.1607843137254902
v 3.673050800137597 -2.3015264161999696 1.8328398238921444 0.611764705882353 0.49019607843137253 0.38823529411764707
v 3.0008185821379505 -1.8638717615024971 2.3779826412874385 0.8196078431372549 0.6431372549019608 0.5607843137254902
v 4.1412747639417296 -1.8206793432059287 2.0827764999428693 0.2784313725490196 0.2 0.1411764705882353
v 3.4095509546203973 -1.1585110965449523 2.1471372674976346 0.7450980392156863 0.5647058823529412 0.4666666666666667
v 4.0591101114839319 -1.4641590039318848 2.129228556013385 0.9294117647058824 0.7019607843137254 0.596078431372549
v 4.0899728271032352 -1.4498354429617695 2.1401635077266725 0.7333333333333333 0.4666666666666667 0.3607843137254902
v 4.0899728271032352 -1.4498354429617695 2.1401635077266725 0.7333333333333333 0.4666666666666667 0.3607843137254902
v 4.0623582362199997 1.4032342323269202 2.234550040483823 0.12549019607843137 0.10588235294117647 0.09019607843137255
v 3.1756914376423335 -1.1419871194563003 2.3535483012048859 0.7176470588235294 0.40784313725490196 0.3568627450980392
v 4.6274306315524321 0.38974872350622741 1.8216213562284891 0.6901960784313725 0.5803921568627451 0.44313725490196076
v 2.8686374855349692 1.3008321090599315 3.6007405962767605 0.07058823529411765 0.047058823529411764 0.047058823529411764
v 3.8273300052663406 1.5430754801241844 2.2575556639911101 0.06666666666666667 0.050980392156862744 0.054901960784313725
v 3.9657393013478686 -1.5522521947980314 2.0847059426459049 0.9333333333333333 0.7764705882352941 0.6431372549019608
v 4.6105810928400475 -1.0353741473197282 3.1174579941367693 1.0 1.0 1.0
v 3.0397326945686141 -1.7858558520311738 2.5609680688842538 1.0 1.0 1.0
v 4.4027464575230963 -0.45416915337718944 2.5635594158601744 0.1450980392156863 0.12549019607843137 0.12549019607843137
v 3.4091554861216449 -0.93789477547640476 2.3309345591649633 0.9058823529411765 0.7058823529411765 0.6039215686274509
v 3.1237111849054573 -1.8247737481220034 2.0460000902302671 0.9333333333333333 0.7647058823529411 0.6627450980392157
v 3.2182220119498521 -1.6239967081170394 2.5106890702733216 0.9686274509803922 0.7803921568627451 0.6941176470588235
v 3.3631305300299106 -1.6953641604692165 1.9964185462051114 0.47843137254901963 0.2980392156862745 0.23137254901960785
v 3.3262265797597075 -0.85679932766173839 3.3470416742922895 1.0 1.0 1.0
v 3.2768325340889879 -2.3929651352008836 2.0236631787585768 0.4470588235294118 0.33725490196078434 0.24705882352941178
v 3.6656806457368027 -2.4353649009961003 1.9230432091488849 0.3333333333333333 0.28627450980392155 0.21176470588235294
v 3.6656806457368027 -2.4353649009961003 1.9230432091488849 0.3333333333333333 0.28627450980392155 0.21176470588235294
v 3.0650034261201231 -1.7184626722302525 2.4113804986855349 0.6549019607843137 0.5137254901960784 0.4627450980392157
v 3.0929482195569076 -1.6683098040011373 2.3683217233321621 0.6784313725490196 0.4745098039215686 0.3764705882352941
v 3.2445918753616088 -1.1743171903200744 2.1985667891413687 0.5529411764705883 0.2 0.19607843137254902
v 4.9776667336652576 1.0729937111394172 2.1951788573713822 0.4666666666666667 0.40784313725490196 0.3215686274509804
v 4.9776667336652576 1.0729937111394172 2.1951788573713822 0.4666666666666667 0.40784313725490196 0.3215686274509804
v 3.1375820659198763 -1.621439579555916 2.1866918471254806 0.7450980392156863 0.5490196078431373 0.4392156862745098
v 3.1337572995588761 1.6330186643107223 2.6613245278975963 0.023529411764705882 0.0196078431372549 0.011764705882352941
v 3.6672161087644102 -2.5252689826789139 1.9884577548185189 0.1803921568627451 0.1411764705882353 0.07450980392156863
v 4.6787783086090284 0.35293024303901344 1.8306886716890027 0.8392156862745098 0.6627450980392157 0.49019607843137253
v 2.7718320634676652 1.1858644932594009 3.1006126798868143 0.12156862745098039 0.10980392156862745 0.10980392156862745
v 2.7718320634676652 1.1858644932594009 3.1006126798868143 0.12156862745098039 0.10980392156862745 0.10980392156862745
v 3.0733285413454388 -1.8977549936684057 2.4671542332432423 0.7607843137254902 0.5843137254901961 0.4980392156862745
v 3.1311462629075417 -1.6190768779411735 2.3146186632379724 0.8980392156862745 0.7098039215686275 0.6039215686274509
v 4.1007112821829219 -1.4175225209986977 2.3474890256313659 0.9450980392156862 0.7647058823529411 0.6352941176470588
v 2.6803302825759698 0.9599118610845403 4.138724199964587 0.8509803921568627 0.6470588235294118 0.5058823529411764
v 4.572756798902164 1.4812218892285869 2.1984457695290125 1.0 1.0 1.0
v 3.4526121380249704 -1.6531677917362111 1.9373275629554365 0.37254901960784315 0.24313725490196078 0.19215686274509805
v 4.5232216864150407 -0.26159566966949283 2.2992300630802429 0.8470588235294118 0.6666666666666666 0.5450980392156862
v 3.122007958184533 -1.3356116480136795 2.1134963189980303 0.27058823529411763 0.050980392156862744 0.03529411764705882
v 3.0839679796524764 -1.7592538208246176 2.3023015903168567 0.7607843137254902 0.5686274509803921 0.4666666666666667
v 3.0836439262791275 -1.7586724193748164 2.3020210184124954 0.7607843137254902 0.5686274509803921 0.4666666666666667
v 3.7299177849706942 -2.342425461128478 1.8557811707491065 0.4196078431372549 0.3215686274509804 0.24313725490196078
v 4.1182091322036758 -1.4454017288256624 2.1420330556846308 0.9137254901960784 0.6784313725490196 0.5764705882352941
v 4.0639970603884503 -1.420048456950268 2.1430003891361293 0.9294117647058824 0.7137254901960784 0.596078431372549
v 3.5327266740898242 -0.6415808478855265 3.5585344884474903 0.058823529411764705 0.043137254901960784 0.03529411764705882
v 3.9564256729464362 -1.9992674778761637 1.92680795645728 0.3803921568627451 0.27450980392156865 0.2
v 3.855776609048835 -1.9790204506847671 1.8930178226616439 0.48627450980392156 0.36470588235294116 0.27450980392156865
v 3.0711465422434201 -1.6793992923516556 2.4081673853485359 0.6823529411764706 0.48627450980392156 0.3607843137254902
v 4.0941838642118897 -1.5366697033372381 2.1571187775758434 0.9686274509803922 0.7686274509803922 0.6666666666666666
v 4.1100249517424077 -1.7383087114252245 2.0512368452006706 0.9490196078431372 0.7294117647058823 0.6392156862745098
v 3.1553938013892782 -0.50255700717336671 3.6893665177139727 0.9450980392156862 0.7647058823529411 0.6274509803921569
v 2.6677819500967122 0.98447300589850983 4.1598108845227983 0.8313725490196079 0.6235294117647059 0.4823529411764706
v 3.3254009806011249 -1.1700050405107199 2.1575400237912499 0.5843137254901961 0.23921568627450981 0.22745098039215686
v 3.3254009806011249 -1.1700050405107199 2.1575400237912499 0.5843137254901961 0.23921568627450981 0.22745098039215686
v 3.1034699206240144 -1.3499449827041821 2.185155592603202 0.611764705882353 0.38823529411764707 0.3607843137254902
v 3.1790978566091073 -1.2186315873273501 2.3815493169500312 0.42745098039215684 0.11764705882352941 0.10196078431372549
v 3.561255123279027 -0.70869943219431097 3.1598084700653084 0.7254901960784313 0.5490196078431373 0.4
v 3.4265601588860051 -0.65477738066184255 3.6654580284044469 1.0 1.0 1.0
v 2.7130784705963609 1.0710379231627518 4.0755675554393971 1.0 1.0 1.0
v 4.0946166085265459 -1.4585554222519985 2.1246453856660512 0.8156862745098039 0.5647058823529412 0.4666666666666667
v 3.9492085238336032 -2.4104506455735786 1.974801930839295 0.33725490196078434 0.27058823529411763 0.20784313725490197
v 4.7425226042377471 0.43473683688577908 1.8827453984863365 0.6549019607843137 0.5490196078431373 0.42745098039215684
v 3.4757703799148092 -1.060511880719974 2.4461438178872319 0.9058823529411765 0.7019607843137254 0.6
v 3.7938559826549403 -0.81203595114984739 2.5739420829207047 0.9176470588235294 0.7607843137254902 0.6039215686274509
v 3.0296246614190823 1.3892853004907177 3.4371692305164645 0.043137254901960784 0.03137254901960784 0.03137254901960784
v 4.7600088130019609 -1.4249999138471243 3.5782554395706292 0.6941176470588235 0.5411764705882353 0.41568627450980394
v 4.3011775269942651 -0.19769510539122634 2.4577539582940027 0.03529411764705882 0.027450980392156862 0.01568627450980392
v 4.2834064697127268 0.25670302590370264 2.0467884513032679 0.9411764705882353 0.7843137254901961 0.611764705882353
v 4.1131322626524911 -2.3156427777002508 2.8835878722732522 0.9058823529411765 0.7333333333333333 0.6352941176470588
v 4.1131322626524911 -2.3156427777002508 2.8835878722732522 0.9058823529411765 0.7333333333333333 0.6352941176470588
v 5.0037025461747424 1.0578363993049429 2.2377101854465851 0.5098039215686274 0.4392156862745098 0.3607843137254902
v 4.3529661198820886 1.7401631284878871 2.0701814308361746 0.8549019607843137 0.6431372549019608 0.5058823529411764
v 4.0418659829949055 1.7517960044453869 2.3124736475756205 1.0 1.0 1.0
v 3.3281276221370377 -2.435098340828465 2.0219232393674833 0.25098039215686274 0.1843137254901961 0.10588235294117647
v 3.3239032753997297 -2.3938494334993634 1.9791607700292164 0.3215686274509804 0.23137254901960785 0.1411764705882353
v 3.3976478573186339 -2.4194540155675068 1.9564842267803011 0.2235294117647059 0.1568627450980392 0.07450980392156863
v 3.3976478573186339 -2.4194540155675068 1.9564842267803011 0.2235294117647059 0.1568627450980392 0.07450980392156863
v 3.4359976075247434 -2.4401657757194357 1.9625565105648632 0.3137254901960784 0.25882352941176473 0.18823529411764706
v 3.5545154871608395 -2.4350774120149996 1.9341914002489158 0.403921568627451 0.3411764705882353 0.25882352941176473
v 3.6066379043793186 -2.4400549246611147 1.9114854732676763 0.4196078431372549 0.36470588235294116 0.29411764705882354
v 3.6343412943624509 -2.301612074848836 1.8272727511436442 0.5372549019607843 0.40784313725490196 0.30196078431372547
v 3.7091963026322321 -2.257757303654957 1.833991161733733 0.6901960784313725 0.5411764705882353 0.4392156862745098
v 3.0735745688419458 -1.9907148038929028 2.5398524535090186 0.8235294117647058 0.6627450980392157 0.5843137254901961
v 3.0466426586617112 -1.8015504016460155 2.4025546894106267 0.43529411764705883 0.23137254901960785 0.13725490196078433
v 3.1144737687715587 -1.7237036631115548 2.2956492246761622 0.3843137254901961 0.23137254901960785 0.1843137254901961
v 3.065514735212628 -1.3481468315400886 2.0865083207728548 0.7450980392156863 0.5450980392156862 0.47843137254901963
v 3.4422455413813973 -0.19556372276902684 2.7921143188887934 0.9294117647058824 0.7490196078431373 0.6470588235294118
v 3.5000298772323748 -0.63376023389500014 3.444086778425004 0.796078431372549 0.6039215686274509 0.49019607843137253
v 4.2013848945416372 -1.4897600773212847 2.1267070006033491 1.0 1.0 1.0
v 2.7140153164171323 1.0349933274727621 3.9857962821378958 1.0 1.0 1.0
v 4.9252734383319039 1.5261528191903426 2.4199798480860597 0.5764705882352941 0.48627450980392156 0.39215686274509803
v 4.9414946034911775 1.5172899989792001 2.3859188093492305 1.0 1.0 1.0
v 3.030859236378121 -1.8254623725843666 2.2065729424600864 0.5098039215686274 0.35294117647058826 0.27450980392156865
v 3.9858189072198744 -1.0546456328354059 2.4623419527582939 0.8666666666666667 0.6941176470588235 0.5450980392156862
v 3.5495921798555794 -0.90387733236484047 2.7207510974946034 0.6039215686274509 0.47058823529411764 0.3607843137254902
v 4.2588124179168796 -0.16905329284475251 2.4489941950638476 0.0392156862745098 0.03137254901960784 0.0196078431372549
v 3.2868763877529963 -0.98445162337566172 3.3269272937013756 1.0 1.0 1.0
v 4.3447712159894669 -0.79787096661266765 2.2664009064793467 1.0 1.0 1.0
v 3.1338264141312706 1.4932516845620636 2.7261605666866311 1.0 1.0 1.0
v 3.4050862618590125 -0.63433660196916342 2.885318238544369 0.7176470588235294 0.5411764705882353 0.396078431372549
v 3.1952478580836297 -1.5597851437972179 2.1276599683860828 0.43137254901960786 0.32941176470588235 0.26666666666666666
v 3.2789954573202453 -2.4335857001780932 2.0608402890222512 0.26666666666666666 0.2 0.11764705882352941
v 3.456356564926681 -2.2262999270719721 1.8264568250311968 0.8470588235294118 0.6549019607843137 0.5568627450980392
v 3.3707206021150382 -1.6579787093409215 1.9974433043194371 0.12549019607843137 0.06666666666666667 0.03529411764705882
v 3.3733052300541595 -1.6425961107845799 1.998656997882114 0.3411764705882353 0.2627450980392157 0.19215686274509805
v 3.9727597407943529 -0.19672272992435394 2.8639819267964342 0.12549019607843137 0.07450980392156863 0.050980392156862744
v 2.8282206067751905 0.069847596828252922 3.4922818680744738 0.09411764705882353 0.058823529411764705 0.0392156862745098
v 2.663413482277627 1.3006974192308147 3.5899122066687106 0.7725490196078432 0.5647058823529412 0.44313725490196076
v 3.2260647688373352 -1.7701893396603487 1.9800657239346868 0.5529411764705883 0.403921568627451 0.3215686274509804
v 4.0579721116389891 -1.6388453229962974 2.0928751279632305 0.4980392156862745 0.24705882352941178 0.1803921568627451
v 4.0870189477446415 -1.5966857457078647 2.138952081632171 0.9098039215686274 0.7058823529411765 0.615686274509804
v 3.126606044422056 -1.3367288724457014 2.1203353456868479 0.2784313725490196 0.054901960784313725 0.03529411764705882
v 3.9403266993457291 -1.336912498961556 2.1852571264339433 0.5686274509803921 0.403921568627451 0.2901960784313726
v 4.4751041379378496 -0.2558325125492476 2.2544414767279113 0.8274509803921568 0.6588235294117647 0.5607843137254902
v 4.0662328943094757 1.3583506475406291 2.2212101293165087 0.11372549019607843 0.09411764705882353 0.08627450980392157
v 3.1387693339594227 -1.5096251602404531 2.3290716474044499 0.9254901960784314 0.7450980392156863 0.6274509803921569
v 4.9971522278526628 0.53562885143286521 2.0745443065270317 1.0 1.0 1.0
v 3.2693420679375294 -0.90607147176691893 2.4548288276530794 0.5176470588235295 0.33725490196078434 0.2549019607843137
v 4.1481697900978132 -1.7091987441086673 2.0490886224089317 0.6862745098039216 0.40784313725490196 0.30196078431372547
v 3.3014030340898883 -1.2173244708110322 2.1417414231786918 0.9058823529411765 0.7372549019607844 0.6352941176470588
v 4.0157940946178199 -1.337856744704184 2.2629968435764551 0.592156862745098 0.45098039215686275 0.3607843137254902
v 4.3385230667003345 1.7260118813405727 2.0875691881205807 0.8705882352941177 0.6627450980392157 0.5333333333333333
v 4.3385230667003345 1.7260118813405727 2.0875691881205807 0.8705882352941177 0.6627450980392157 0.5333333333333333
v 3.5576381089351314 -0.90618688263419356 2.5839079391866564 0.4392156862745098 0.30980392156862746 0.2196078431372549
v 3.5285027092020407 -0.66092434681760037 2.7936541103238843 0.9019607843137255 0.7372549019607844 0.5764705882352941
v 3.9058757377368258 -1.1365348003781226 2.3426509196849272 0.6431372549019608 0.5176470588235295 0.38823529411764707
v 3.0857389965020849 -1.842585708851372 1.9904418835800219 0.9411764705882353 0.7686274509803922 0.6705882352941176
v 4.3570194965187525 0.90580058203219604 2.1074747380711871 0.8666666666666667 0.6823529411764706 0.5254901960784314
v 3.3305201240619406 -2.3990861893832092 1.9863324817545156 0.3254901960784314 0.23921568627450981 0.1411764705882353
v 3.4676485868688043 -2.2993499674347979 1.8431397481868792 0.5215686274509804 0.3843137254901961 0.2901960784313726
v 3.430572466180752 -1.6882939846302054 1.9100480148469174 0.5450980392156862 0.35294117647058826 0.2549019607843137
v 3.3108187587420965 -1.7054956424735257 2.0312222215980471 0.5333333333333333 0.3607843137254902 0.26666666666666666
v 3.1949074873185821 -0.53871630410732707 3.6653264963131642 0.8549019607843137 0.6627450980392157 0.5490196078431373
v 3.6068435716850558 -0.15595752868250023 2.5845821570972536 0.11372549019607843 0.06666666666666667 0.054901960784313725
v 4.0695037448717759 1.3712585179130219 2.2353139803093462 0.11764705882352941 0.09411764705882353 0.08235294117647059
v 3.4881789414053026 -2.4272789222033984 1.930026210936876 0.24705882352941178 0.18823529411764706 0.10980392156862745
v 3.4881789414053008 -2.4272789222033979 1.9300262109368747 0.24705882352941178 0.18823529411764706 0.10980392156862745
v 4.1268398987194193 1.3634125540360063 2.2540212247967002 0.3215686274509804 0.25882352941176473 0.21176470588235294
v 3.1161335203414722 -1.3719339739879919 2.2275547245063523 0.20784313725490197 0.047058823529411764 0.027450980392156862
v 4.980953725092375 0.53355477364945991 2.0610411779001598 1.0 1.0 1.0
v 3.7675060450288247 -2.5433013158380859 2.0131024571808149 0.1450980392156863 0.10980392156862745 0.047058823529411764
v 4.5715880400827587 1.3424110258315325 1.972259443711706 0.8470588235294118 0.6313725490196078 0.47058823529411764
v 3.8754419163224187 -1.9269138636500498 1.9200913528039709 0.6941176470588235 0.5529411764705883 0.4588235294117647
v 3.075631166210834 -1.7339561252573132 2.3596835878549118 0.1450980392156863 0.09019607843137255 0.050980392156862744
v 3.3406652404217052 -0.58637403846996961 3.2934846084103349 0.043137254901960784 0.027450980392156862 0.0196078431372549
v 3.1349529353360568 -1.6148891688647975 2.4175630537861545 0.0 0.0 0.0
v 2.9887791677303666 0.22131980974155555 3.6311832129374819 0.047058823529411764 0.03529411764705882 0.027450980392156862
v 4.1955177234460761 -0.16215293565191768 2.3629565630412026 0.03529411764705882 0.03137254901960784 0.0196078431372549
v 3.1586896282318819 1.6574017421756619 2.7279613771691738 0.023529411764705882 0.0196078431372549 0.011764705882352941
v 2.717116278346952 1.0339709670689763 3.9950511403351152 1.0 1.0 1.0
v 3.2102914310267847 -2.423599597634011 2.1506003982087751 0.48627450980392156 0.3843137254901961 0.2901960784313726
v 3.0600020790696871 -1.7588812913502503 2.4823295743475882 0.32941176470588235 0.23137254901960785 0.1803921568627451
v 3.060231082677046 -1.7596700462329238 2.4826688911078758 0.32941176470588235 0.23137254901960785 0.1803921568627451
v 3.3792157111236976 -1.612590940225223 2.0032867001834953 0.7176470588235294 0.5411764705882353 0.4588235294117647
v 4.1254518857417048 1.3619881186794613 2.2504752821106271 0.3058823529411765 0.2549019607843137 0.21176470588235294
v 2.608318545141818 1.3005821275280254 3.6060493449706899 0.7686274509803922 0.5450980392156862 0.42745098039215684
v 4.0576507882487052 -1.4648568301695644 2.1278972302849466 0.9411764705882353 0.7098039215686275 0.6
v 2.8348202677468151 1.2262998557531226 3.5661420413823492 0.14901960784313725 0.12156862745098039 0.11372549019607843
v 3.0879946944431178 -1.4778014583686914 2.2140572074445357 0.7372549019607844 0.5372549019607843 0.4627450980392157
v 3.0996915906801439 -1.4821540615128981 2.2227784954335208 0.7372549019607844 0.5372549019607843 0.4627450980392157
v 4.3466059555870187 -0.45679377513133534 2.5137489574247578 0.1411764705882353 0.12156862745098039 0.10980392156862745
v 4.6064363864149396 1.3517160013358263 1.9955956614912849 0.8470588235294118 0.6313725490196078 0.47058823529411764
v 3.1765895172724652 -1.7958409491284524 2.6703614906168518 0.8352941176470589 0.6470588235294118 0.5254901960784314
v 4.5975227342499956 1.3294683640645368 2.009267342453926 0.8588235294117647 0.6431372549019608 0.4823529411764706
v 3.5915280144733588 -2.2354476570545367 1.8208307709220464 0.7803921568627451 0.6274509803921569 0.5176470588235295
v 3.7512542488703433 -1.4664676031142863 2.0172739530538655 0.7450980392156863 0.5764705882352941 0.4588235294117647
v 3.1762270166969624 -1.2177435689790852 2.3814470711559945 0.39215686274509803 0.10980392156862745 0.09411764705882353
v 2.7509540073879832 0.92296803008204198 4.3318024903133363 0.8 0.596078431372549 0.45098039215686275
v 3.5472905881772063 -2.2091975651975679 2.3085664432263187 0.9647058823529412 0.792156862745098 0.7019607843137254
v 4.2973439955549058 -0.19772850102971345 2.4549103050113388 0.0 0.0 0.0
v 3.3886872157265113 -0.50059847051281792 3.203187760573357 0.8901960784313725 0.7176470588235294 0.5607843137254902
v 3.3640432757276195 -1.6890831017677133 1.9972461936506256 0.3568627450980392 0.2235294117647059 0.17254901960784313
v 4.1146527954900023 -2.2067845147367873 2.7677963006982624 0.6509803921568628 0.4823529411764706 0.38823529411764707
v 4.1146527954900023 -2.2067845147367873 2.7677963006982624 0.6509803921568628 0.4823529411764706 0.38823529411764707
v 3.4612895358322646 -2.3115108594147635 1.8581575157003745 0.6078431372549019 0.47058823529411764 0.37254901960784315
v 3.0176039277014364 -1.8333549104869229 2.4750962764251154 0.7725490196078432 0.611764705882353 0.5372549019607843
v 3.0572552033536788 -1.8040544517620032 2.4520241416714184 0.4745098039215686 0.28627450980392155 0.19607843137254902
v 3.4081471097249847 -0.2199497120369488 2.8511791700590425 0.9098039215686274 0.7254901960784313 0.6274509803921569
v 3.651633976278843 -0.16377724276448202 2.5622990616874235 0.10980392156862745 0.06666666666666667 0.050980392156862744
v 3.4274532571848435 -1.8843744782196832 3.0938058116338656 0.6901960784313725 0.39215686274509803 0.30980392156862746
v 3.1983789810088359 -1.0978197570449 2.297848868425068 0.7176470588235294 0.5411764705882353 0.4627450980392157
v 3.194185492716592 -2.4078102535873041 2.162843250812025 0.5411764705882353 0.40784313725490196 0.3058823529411765
v 3.2727813584314753 -1.3934082005746313 2.1108476767391036 0.8156862745098039 0.5882352941176471 0.4980392156862745
v 3.982294889022882 -1.438251665014308 2.1308500997259987 0.9372549019607843 0.7529411764705882 0.6235294117647059
v 3.8401651924371798 1.5463182390838335 2.2583043387668891 0.058823529411764705 0.043137254901960784 0.047058823529411764
v 3.0137249787966933 -1.9672727139743833 2.4065284392586221 0.8745098039215686 0.7058823529411765 0.6196078431372549
v 4.0561675987831007 -1.7683176021575269 2.0410729452471017 0.4196078431372549 0.30196078431372547 0.2235294117647059
v 3.4641091665860024 -1.0794673776064012 2.5623205857100109 0.9372549019607843 0.7333333333333333 0.6274509803921569
v 4.5955965631117124 -0.080242388438873491 2.0107611712086486 0.9019607843137255 0.7176470588235294 0.5529411764705883
v 4.2612518903339947 0.20812015304251227 2.0407888927721247 0.9411764705882353 0.788235294117647 0.6196078431372549
v 4.0025976399900571 -1.3801251783864044 2.213079741378845 0.9215686274509803 0.7490196078431373 0.6235294117647059
v 2.5816130264896864 1.3059765307552915 3.6542943414689866 1.0 1.0 1.0
v 3.0980918168850975 1.5116497990674878 2.735704624374109 1.0 1.0 1.0
v 3.0503636658474869 -1.7722177307458846 2.3853825179162493 0.3607843137254902 0.21176470588235294 0.16862745098039217
v 3.5132029801054188 -2.1597984222558604 1.8111625971181879 0.7764705882352941 0.5764705882352941 0.4666666666666667
v 3.4285816379189753 -1.7088789309609469 3.0718765202996501 0.8235294117647058 0.5882352941176471 0.5176470588235295
v 3.3980358442031298 -1.6585148470875684 3.0171003650722703 0.8274509803921568 0.596078431372549 0.5058823529411764
v 3.1248047151142648 -1.3463490796668702 2.2159363785110493 0.596078431372549 0.403921568627451 0.3686274509803922
v 2.8993124214915142 1.1085740738778715 3.8027031542996372 0.21176470588235294 0.1607843137254902 0.12941176470588237
v 3.4037795807430316 -1.8869689059096941 3.0267776340434791 0.8470588235294118 0.6470588235294118 0.5568627450980392
v 4.1834059043937915 -1.5814926107091836 2.0968024932472007 0.8352941176470589 0.5254901960784314 0.4196078431372549
v 3.4082401876427073 -1.7002930136740959 3.0115850220163498 0.5647058823529412 0.29411764705882354 0.21176470588235294
v 3.9224240798701135 -1.3493286303014822 2.1409526177768665 0.9372549019607843 0.7607843137254902 0.6352941176470588
v 2.8291054782452765 0.67500558477307915 3.7213157231927463 0.5137254901960784 0.4 0.30980392156862746
v 3.1569997189025547 1.6571484765313496 2.7277378793581848 0.023529411764705882 0.0196078431372549 0.011764705882352941
v 3.3721326753497314 -0.86850197055512324 2.3264647009765538 0.596078431372549 0.4196078431372549 0.3254901960784314
v 3.2484352944135915 -2.4788102088215807 2.2612683096342314 0.3058823529411765 0.2235294117647059 0.14901960784313725
v 3.12617463800771 -2.3776047239406521 2.4459711824048256 0.6196078431372549 0.4823529411764706 0.3843137254901961
v 3.9530095609665614 -2.2309386281521846 1.9116785533391336 0.39215686274509803 0.30196078431372547 0.2235294117647059
v 3.4311451366564971 -1.5879213607789888 3.0421281466999019 0.7686274509803922 0.5333333333333333 0.4745098039215686
v 3.2993093247536938 -2.3154647200137166 2.0339110518655037 0.9372549019607843 0.7568627450980392 0.6470588235294118
v 3.5502053934872402 -1.9152736125310887 1.8636592706359567 0.8941176470588236 0.7215686274509804 0.6196078431372549
v 3.2992863300269208 -1.0452979167715193 2.4142232621125101 0.9254901960784314 0.7215686274509804 0.6196078431372549
v 3.0905144750811053 -1.6892464860085528 2.3627053820493726 0.7254901960784313 0.5568627450980392 0.4745098039215686
v 2.8601404177511811 1.2800132362179428 3.7801993398458196 0.7137254901960784 0.7137254901960784 0.7137254901960784
v 3.3383214559181802 -1.6430778559043029 2.0613187169477847 0.5450980392156862 0.36470588235294116 0.29411764705882354
v 3.4846466867771149 -1.661912171885185 1.9198092701295606 0.7490196078431373 0.5607843137254902 0.4549019607843137
v 3.1253408316632028 -1.3545846158232009 2.2538059037979146 0.6392156862745098 0.4823529411764706 0.4117647058823529
v 2.9282582723239816 -0.077942921434119378 3.5113668432322758 0.10196078431372549 0.054901960784313725 0.0392156862745098
v 3.0970661733373239 -1.3519928687877212 2.1730326500051591 0.25882352941176473 0.023529411764705882 0.0196078431372549
v 4.0675421699846979 -1.7156812105426462 2.0288286319676008 0.9450980392156862 0.7372549019607844 0.6431372549019608
v 3.0809902710228463 -1.3868524929134658 2.1945091617263257 0.7019607843137254 0.5176470588235295 0.4745098039215686
v 3.2980211381695028 -1.6288260540402244 2.0909896758944146 0.8509803921568627 0.6705882352941176 0.5568627450980392
v 3.1286544519994415 -1.4036224482856907 2.3043388378849929 0.6470588235294118 0.45098039215686275 0.36470588235294116
v 2.8808967868424653 1.1496084894175789 3.7699580613736527 0.21176470588235294 0.1607843137254902 0.12941176470588237
v 4.1571127718811756 1.4611198290814329 2.2379809057493567 0.4470588235294118 0.35294117647058826 0.27450980392156865
v 2.7741351928427278 1.2103990774821474 3.4536469306106827 0.1411764705882353 0.11764705882352941 0.10980392156862745
v 3.4289698055916769 -1.9375347229085715 3.0660055891835505 0.6235294117647059 0.3254901960784314 0.23921568627450981
v 3.4262452754119166 -1.6672126829996119 3.087403570970233 0.7725490196078432 0.5098039215686274 0.42745098039215684
v 3.5361157424124423 -0.91870374981827896 2.2981786353167735 0.6549019607843137 0.5058823529411764 0.396078431372549
v 2.8641315547200241 1.377834504667766 2.7580668626385361 0.050980392156862744 0.0392156862745098 0.03137254901960784
v 3.0200674842429129 -1.9077218693437816 2.2152897725800358 0.9490196078431372 0.7803921568627451 0.6901960784313725
v 4.4334733733454934 1.3924239207276681 2.0158975643559591 1.0 1.0 1.0
v 4.4279379014590399 1.3938400181070729 2.0135867710312683 1.0 1.0 1.0
v 3.9432262482205549 1.6192920567166778 2.1800725800821761 0.0 0.0 0.0
v 3.068956181448927 -1.7510815805827598 2.3880212427411029 0.2784313725490196 0.21176470588235294 0.16470588235294117
v 3.4810010499351272 -0.58534536586220665 3.5138677773788602 0.023529411764705882 0.01568627450980392 0.00784313725490196
v 3.6794023112397896 -1.615517910716094 2.0636006245885472 0.9176470588235294 0.7176470588235294 0.5843137254901961
v 3.3235710321612659 -1.6583444705123833 2.9130332889148089 0.6705882352941176 0.4117647058823529 0.3333333333333333
v 3.06220197472694 -1.7662849266642149 2.2999584032885823 0.6039215686274509 0.42745098039215684 0.32941176470588235
v 3.2420342135225573 -0.40698194978843522 3.4112516891126274 0.0 0.0 0.0
v 3.6462951488294073 -1.1416410311001721 2.6924304264544334 0.8941176470588236 0.6941176470588235 0.5882352941176471
v 3.1641375635736058 -1.6613359272918626 2.1193545722892306 0.9607843137254902 0.788235294117647 0.6784313725490196
v 3.2185884507284457 -2.3697808549892563 2.0697956251261678 0.5686274509803921 0.4235294117647059 0.3254901960784314
v 3.0718891278218794 -1.7174199255339671 2.3891662677290171 0.32941176470588235 0.24313725490196078 0.19215686274509805
v 3.4400155036873246 -1.7642673776539195 3.0668217203359447 0.6352941176470588 0.41568627450980394 0.3254901960784314
v 3.2427110873094813 -1.1623739335991659 2.2084936209622859 0.8117647058823529 0.4235294117647059 0.41568627450980394
v 2.9097958626421927 1.2505004885658135 3.8722378550368681 1.0 1.0 1.0
v 3.0527308196882101 -1.7643394811522572 2.4270416147781626 0.30196078431372547 0.1803921568627451 0.13333333333333333
v 3.3521167030632846 -1.6021337293942488 2.0396194680889499 0.6980392156862745 0.49411764705882355 0.3843137254901961
v 3.447279211235057 -1.7438058393001707 3.1199810800386576 0.807843137254902 0.5294117647058824 0.4549019607843137
v 3.2290517144107191 -1.1056119872489003 2.2310902366418519 0.7176470588235294 0.41568627450980394 0.36470588235294116
v 2.770905481333219 1.2116907737637217 3.453237141166098 0.1411764705882353 0.12156862745098039 0.11372549019607843
v 3.6189229703027888 -2.135962877279288 1.8183294641594274 0.8784313725490196 0.7254901960784313 0.6196078431372549
v 3.3712927290772536 -0.91838336289475875 2.26166429879608 0.8980392156862745 0.6941176470588235 0.6
v 3.5512848580018854 -0.92291018636983002 2.3077763003132805 0.6352941176470588 0.4666666666666667 0.3686274509803922
v 3.0201624360434067 -1.8612785982556375 2.4053714973247473 0.8313725490196079 0.6509803921568628 0.5686274509803921
v 4.3672454732976842 -0.12168606640059759 2.1538701422587589 0.9137254901960784 0.7450980392156863 0.5882352941176471
v 3.4826423879680122 -1.1939525847875685 2.8831927968855675 0.6235294117647059 0.45098039215686275 0.3411764705882353
v 3.4843605984584722 -1.4934199802618648 2.1322949381137004 0.9450980392156862 0.7490196078431373 0.6549019607843137
v 3.9590140569523884 -2.0720849896349312 2.6812547896381238 0.6352941176470588 0.4745098039215686 0.3803921568627451
v 3.9911617420527667 -2.0926329959903365 2.6978082776151444 0.6352941176470588 0.4745098039215686 0.3803921568627451
v 3.1035322284288114 -2.3475542353435808 2.356949974323137 0.788235294117647 0.6039215686274509 0.5058823529411764
v 3.3698355557004001 -1.7059416217232466 1.94221580824948 0.5372549019607843 0.35294117647058826 0.25098039215686274
v 3.1635193930930812 -1.1776963112545353 2.3258958239029344 0.7333333333333333 0.3803921568627451 0.3607843137254902
v 2.5967606441270794 1.2980822892613302 3.5952284530782688 0.7725490196078432 0.5490196078431373 0.43137254901960786
v 3.2471750511982638 -1.7711883915734803 1.9529832786508938 0.4745098039215686 0.3254901960784314 0.24705882352941178
v 4.1681711837209017 -1.4988322792910396 2.1216161467086758 0.8509803921568627 0.5647058823529412 0.47058823529411764
v 2.8467241483544208 1.2081635218996656 3.6871327298972165 0.19607843137254902 0.29411764705882354 0.1607843137254902
v 3.3787682368693215 -1.6595290099846371 2.9676193995899647 0.6352941176470588 0.36470588235294116 0.27450980392156865
v 3.3918287577498427 -1.5433712811909199 2.9371475729862899 0.8313725490196079 0.615686274509804 0.5333333333333333
v 4.0683986534126104 -0.79487977296347101 2.4969231268930603 0.8117647058823529 0.6352941176470588 0.47058823529411764
v 4.622776890947236 -0.24014027308007121 2.2454644902992174 0.8862745098039215 0.7019607843137254 0.5490196078431373
v 3.3355874283669733 -1.7462221931903172 1.9125743860687219 0.7803921568627451 0.6 0.49411764705882355
v 3.4165297452971499 -1.8598203729694569 3.0276893279468595 0.8784313725490196 0.6784313725490196 0.5764705882352941
v 3.5329657669803702 -0.46971033853712268 2.8834077615854037 0.8588235294117647 0.6588235294117647 0.5019607843137255
v 3.2924334050949802 -0.53277191625083731 3.6645304503535545 0.0784313725490196 0.058823529411764705 0.050980392156862744
v 3.4315412101592102 -1.7226592423884501 3.0542983605075227 0.6235294117647059 0.37254901960784315 0.2901960784313726
v 4.4436391016528205 -0.41823922662343882 2.3827842054120287 1.0 1.0 1.0
v 3.6647704419636824 -1.1441680595010622 2.6988854725211908 0.8901960784313725 0.6980392156862745 0.596078431372549
v 3.6197204568928982 0.7079560000781816 2.9020272477439075 0.0 0.0 0.0
v 3.6197204568928982 0.7079560000781816 2.9020272477439075 0.0 0.0 0.0
v 3.3050291313627902 -1.6747195870425562 2.0573836828249759 0.7137254901960784 0.5294117647058824 0.4392156862745098
v 4.1714864604372766 1.2315721833387232 2.1976060192404328 0.38823529411764707 0.29411764705882354 0.2235294117647059
v 3.1693141296714296 -1.3293487315632544 2.1414668107949533 0.8941176470588236 0.6980392156862745 0.6431372549019608
v 4.57476874940913 1.3264537455597387 1.9975771093043686 0.8666666666666667 0.6470588235294118 0.49411764705882355
v 3.2309974017625192 -2.4064648882395914 2.0919961544497374 0.35294117647058826 0.2549019607843137 0.17254901960784313
v 3.0348590847395913 -1.9139390309204909 2.5330087642981391 0.7568627450980392 0.6078431372549019 0.5176470588235295
v 3.4684529907983013 -1.7323301689058754 3.0251247213744916 0.792156862745098 0.5607843137254902 0.47058823529411764
v 3.1099552380153468 -1.3323493494559566 2.1688816575653176 0.6 0.3803921568627451 0.3411764705882353
v 3.104554724017119 -1.7448927424596181 2.2891325923022867 0.6980392156862745 0.5215686274509804 0.44313725490196076
v 3.104554724017119 -1.7448927424596181 2.2891325923022867 0.6980392156862745 0.5215686274509804 0.44313725490196076
v 3.0988829476969131 -1.7135719316129159 2.3463657927881005 0.3254901960784314 0.25882352941176473 0.2
v 3.4182515421739414 -1.805491150359424 2.9914484843299842 0.8274509803921568 0.6627450980392157 0.5607843137254902
v 4.1602844085178416 1.474468574148682 2.2909511306730801 0.25882352941176473 0.2235294117647059 0.18823529411764706
v 3.1211906825375273 -2.1942965087381765 2.6207759844293745 0.6862745098039216 0.5372549019607843 0.4549019607843137
v 3.2529716067045911 -2.0063617615793001 2.8172396631738792 0.5176470588235295 0.40784313725490196 0.32941176470588235
v 3.4615473628879059 -1.8507093804596801 3.1249906029098042 0.7490196078431373 0.4666666666666667 0.3843137254901961
v 3.4339587553584558 -1.8045736900068194 2.9762724989725164 0.38823529411764707 0.1607843137254902 0.09803921568627451
v 3.0989559629630046 -2.1926394918692793 2.5763835080984272 0.6078431372549019 0.45098039215686275 0.3568627450980392
v 3.4891367826947861 -0.63594068630263412 3.4823579492054737 0.050980392156862744 0.03529411764705882 0.03137254901960784
v 4.5481861645080395 -0.22128416768652617 2.1738641289629523 0.8784313725490196 0.6941176470588235 0.5372549019607843
v 2.8574518284229695 1.2494388036708277 3.8183447536067012 1.0 1.0 1.0
v 3.4231469881045733 -1.8571601242365321 3.0305610498925653 0.8823529411764706 0.6784313725490196 0.5764705882352941
v 3.5249633651975678 -1.1099929875237207 2.9066763256527253 0.7686274509803922 0.5882352941176471 0.44313725490196076
v 3.6187591353178208 -1.927304614529082 1.9010190409228509 0.9137254901960784 0.7568627450980392 0.6549019607843137
v 3.6851208051359459 -1.6529289100217326 1.9876933465352742 0.9019607843137255 0.7137254901960784 0.5764705882352941
v 2.767755909088347 1.1776785431307164 3.869875989041522 0.7215686274509804 0.5568627450980392 0.4588235294117647
v 4.2425755028149545 -0.37315170737540115 2.4522642929386596 0.07450980392156863 0.058823529411764705 0.0392156862745098
v 3.1794059364318588 -1.667482325155824 2.1215449758385834 0.9647058823529412 0.788235294117647 0.6901960784313725
v 3.8080599972792073 1.7135495822441857 2.3632767559330752 0.0392156862745098 0.03137254901960784 0.023529411764705882
v 3.2657464836737451 -0.45776638267531256 3.467079794488571 0.0 0.0 0.0
v 4.1571623077896103 -0.10797929451295774 2.3639574926934337 0.03529411764705882 0.027450980392156862 0.01568627450980392
v 3.4898780061883934 -2.0796032632940724 2.7468975833642535 0.7764705882352941 0.6039215686274509 0.5333333333333333
v 3.4549264675598308 -1.8512483430329754 1.9845219610217686 0.0 0.0 0.0
v 3.4549264675598308 -1.8512483430329754 1.9845219610217686 0.0 0.0 0.0
v 3.4363545236379509 -1.7746348876814089 3.1171507405825949 0.7803921568627451 0.49411764705882355 0.4117647058823529
v 3.9017820718673373 1.6421072513197457 2.29332534025023 0.23529411764705882 0.22745098039215686 0.23137254901960785
v 3.064992924743914 -1.7714632553975342 2.2952361426547689 0.403921568627451 0.23137254901960785 0.1568627450980392
v 4.3575634370205059 1.7441797559383583 2.0732394024651786 0.8470588235294118 0.6352941176470588 0.49411764705882355
v 3.0388001155004103 -1.7723034841869789 2.4392420372251147 0.5411764705882353 0.3803921568627451 0.29411764705882354
v 3.3632951257892136 -1.9174559583922468 2.9950814074671719 0.5529411764705883 0.2823529411764706 0.20784313725490197
v 3.5710951555337025 -0.14890193248230216 2.6321174047903488 0.09803921568627451 0.06274509803921569 0.054901960784313725
v 3.1235814775394561 -1.3290562333393858 2.1430533934473308 0.5490196078431373 0.30196078431372547 0.2627450980392157
v 3.1199919073588833 -2.1215756690153662 2.6341111104683135 0.6823529411764706 0.5372549019607843 0.4470588235294118
v 3.3954230458429961 -1.7611571640330963 2.9306829317059044 0.8745098039215686 0.6823529411764706 0.5607843137254902
v 3.1222680411762069 -1.469055265999627 2.2842636401902174 0.7529411764705882 0.5490196078431373 0.4666666666666667
v 3.5121653407443976 -1.3453226462163195 2.9729650838521486 0.7529411764705882 0.5607843137254902 0.4392156862745098
v 3.3421769519393933 -0.88937050866075817 2.2906917570334757 0.8117647058823529 0.596078431372549 0.5098039215686274
v 4.2604913236464341 -0.4312702995903327 2.4691014474398507 0.1568627450980392 0.13333333333333333 0.12549019607843137
v 3.4451464400741192 -1.5551428313917366 2.9629289504882115 0.8313725490196079 0.6196078431372549 0.5333333333333333
v 4.3670070975612365 1.4871600745927347 2.0548054134573226 0.8705882352941177 0.6666666666666666 0.5215686274509804
v 3.384752324439297 -1.5858370043459664 2.913552567746164 0.6980392156862745 0.5098039215686274 0.40784313725490196
v 3.5398416586665529 -1.5114816789132433 3.0017759768288617 0.4549019607843137 0.3176470588235294 0.25098039215686274
v 3.4543484249345773 -1.650699449099676 1.9386354331036524 0.4588235294117647 0.3215686274509804 0.25882352941176473
v 3.8829296306977024 1.721732099515048 2.3314624532352308 0.050980392156862744 0.043137254901960784 0.03529411764705882
v 3.351911708913212 -1.7120639640151463 2.8615478997683992 0.6901960784313725 0.4980392156862745 0.396078431372549
v 3.3596480175475119 -1.1057786217726935 2.169312274779382 0.9176470588235294 0.7411764705882353 0.6313725490196078
v 2.7594235669784846 0.87186170267333041 4.3330268303635844 0.7215686274509804 0.5333333333333333 0.3843137254901961
v 3.2385013517438486 -0.9266118724777388 3.2437501929512509 0.0 0.0 0.0
v 3.1264011788612609 -2.3804872483667658 2.3988764385170178 0.7450980392156863 0.592156862745098 0.5019607843137255
v 3.4624143924062873 -1.8057392499553266 3.0191802046648402 0.792156862745098 0.6196078431372549 0.5254901960784314
v 3.3881159419305691 -1.6223704792762033 2.9505230715172024 0.8666666666666667 0.6549019607843137 0.5568627450980392
v 3.1106716829149104 -2.2018262316836457 2.5830729658342593 0.6039215686274509 0.4470588235294118 0.35294117647058826
v 3.1335556232951807 -1.3142137039789126 2.1777695111959918 0.5215686274509804 0.30196078431372547 0.24705882352941178
v 2.9146985155235976 0.9702731375186795 3.8051269037328304 0.03137254901960784 0.01568627450980392 0.00784313725490196
v 3.3054239713266491 -2.5425982090652912 2.4769569374229796 0.27058823529411763 0.2 0.13333333333333333
v 3.3868504521625398 -2.3916606354483649 2.8533069041861614 0.23529411764705882 0.16862745098039217 0.10980392156862745
v 3.900618370764195 1.6859861868876085 2.2782602912243028 1.0 1.0 1.0
v 3.0077910257200813 -1.8669624523294077 2.2729693265188837 0.5333333333333333 0.3764705882352941 0.2901960784313726
v 3.3638853058070284 -1.7207853221263332 2.9210042988509981 0.8823529411764706 0.7098039215686275 0.6
v 3.4447720572536613 -1.9463298956188841 3.0682715792817712 0.6313725490196078 0.3333333333333333 0.25098039215686274
v 2.8190233933420128 1.1909317969565829 3.8043843415446785 0.11764705882352941 0.0784313725490196 0.06274509803921569
v 3.1615087936104582 -1.6084239978657602 2.7368055815608709 0.6823529411764706 0.49411764705882355 0.38823529411764707
v 4.2121184607176199 -0.32457255385758244 2.4382665216618618 0.050980392156862744 0.043137254901960784 0.027450980392156862
v 3.4158651912011786 -1.2464965351090969 2.8815199830886566 0.6274509803921569 0.4392156862745098 0.3058823529411765
v 3.3601724137873874 -1.6686045263962082 1.9827751647148582 0.47058823529411764 0.28627450980392155 0.2235294117647059
v 2.9262732477817126 -0.12792616393647951 3.6642746400347281 0.9333333333333333 0.7764705882352941 0.6039215686274509
v 2.9205522458037785 0.26563089704222154 3.5409766861048499 0.050980392156862744 0.027450980392156862 0.023529411764705882
v 4.423259244860354 -0.76850952273186279 2.2862214089667772 1.0 1.0 1.0
v 3.0782137003485728 -1.3998109641206591 2.2310291387338621 0.7607843137254902 0.5647058823529412 0.4980392156862745
v 3.3193049062895477 -1.6922349636782998 2.0370108641378 0.3137254901960784 0.2235294117647059 0.1803921568627451
v 2.6820013129632536 1.109084532528134 4.0487160623261067 1.0 1.0 1.0
v 2.851102476336401 0.76031379636402452 3.7336108476840781 0.03137254901960784 0.0196078431372549 0.011764705882352941
v 3.8258342414020357 -1.755542982388824 1.8655179025522728 1.0 1.0 1.0
v 3.1075614464068821 -2.1357399894714435 2.6307344753865669 0.5450980392156862 0.4 0.3215686274509804
v 3.0320445401756735 -1.8472889884270225 2.1895637711408993 0.6 0.43529411764705883 0.3411764705882353
v 3.2084363072942566 -1.1526688755941688 2.5998937683540637 0.6549019607843137 0.4823529411764706 0.40784313725490196
v 2.9298881337284208 1.0613146787592547 3.844237087685678 0.20392156862745098 0.14901960784313725 0.11764705882352941
v 3.1986373362946638 -2.2207389989694803 2.7336780326958197 0.4549019607843137 0.34901960784313724 0.27058823529411763
v 3.0419191299142909 -1.7788237914689258 2.4100864527864045 0.611764705882353 0.43529411764705883 0.3568627450980392
v 3.3216763763330541 -1.9073192505540109 2.9181188291186793 0.45098039215686275 0.3058823529411765 0.23137254901960785
v 3.441616122223166 -1.7535244885173276 3.0315652114882026 0.615686274509804 0.396078431372549 0.3254901960784314
v 4.0677200359351309 0.5189779609599281 2.0258754678043438 0.8666666666666667 0.6862745098039216 0.5176470588235295
v 2.0993998098718736 0.49173946947991753 1.6636383144256006 0.6549019607843137 0.47843137254901963 0.3333333333333333
v 3.1192751338545461 -2.1914750593642007 2.6206576702863282 0.6862745098039216 0.5411764705882353 0.4588235294117647
v 3.4117720295644554 -1.6573814084358687 3.0640938019401256 0.6745098039215687 0.40784313725490196 0.33725490196078434
v 3.1729556681311633 -1.1890533234821308 2.4118899413093873 0.803921568627451 0.5686274509803921 0.49411764705882355
v 3.4239352423058489 -1.9678053560989295 3.1067124023234198 1.0 1.0 1.0
v 3.3056411742362068 -1.1366415846364186 2.1917737692031816 0.8274509803921568 0.45098039215686275 0.4235294117647059
v 3.6607781172153158 -0.67000264244896413 3.6280411936230665 0.03137254901960784 0.023529411764705882 0.01568627450980392
v 3.4059401341402853 -2.4070975792267015 1.9599753055314773 0.32941176470588235 0.24705882352941178 0.1607843137254902
v 3.3940391303534949 -1.752217988469438 1.8802411098243834 0.8666666666666667 0.6823529411764706 0.5686274509803921
v 3.9780537116221608 1.7044089134846097 2.2977774417087575 1.0 1.0 1.0
v 3.3101327708718267 -2.1447420076403052 1.8418698143858487 0.9254901960784314 0.7372549019607844 0.6274509803921569
v 2.7748217016899224 1.2099601318601856 3.4535466700907378 0.12941176470588237 0.10196078431372549 0.09803921568627451
v 4.1394252083266529 -0.3536636077442315 2.5176409077572659 0.8862745098039215 0.7137254901960784 0.5490196078431373
v 4.4581443847935951 -0.48263362077570865 2.6399477089890624 0.0 0.0 0.0
v 3.5385181321263151 -0.94938645209272909 2.747231773194085 0.6901960784313725 0.5529411764705883 0.42745098039215684
v 3.710653822379439 -0.86200452544597217 2.5029896356474106 0.8941176470588236 0.7490196078431373 0.6039215686274509
v 3.1651547731094976 -1.4926630342843894 2.1002287966533864 0.9137254901960784 0.7137254901960784 0.6274509803921569
v 3.6476747869323738 -0.39030173280489805 2.7872447532108282 0.9176470588235294 0.7254901960784313 0.5607843137254902
v 3.0254153671755368 -0.46628578441346041 4.0850550766353173 0.807843137254902 0.6078431372549019 0.4745098039215686
v 3.1609489455911071 -2.1278758793120165 2.3636241552772876 0.8823529411764706 0.7176470588235294 0.6196078431372549
v 3.4700686050198217 -2.3095330812617738 1.8802970878370113 0.807843137254902 0.6196078431372549 0.5254901960784314
v 3.1787597935324783 -2.3269619678424918 2.637440933084152 0.49019607843137253 0.37254901960784315 0.2823529411764706
v 3.1701556606824082 -2.2875540783969925 2.6504410356808519 0.38823529411764707 0.2784313725490196 0.19607843137254902
v 3.2614040094418271 -2.2420910462205801 2.8221782435452019 0.2 0.11764705882352941 0.058823529411764705
v 3.2008234715527433 -1.1561529874911378 2.5829175667812692 0.7568627450980392 0.5882352941176471 0.5176470588235295
v 3.3444046232535527 -2.5387005915839373 2.5485017709684135 0.5725490196078431 0.4549019607843137 0.36470588235294116
v 3.4319642652892641 -1.8086488047216109 3.0300291754474609 0.6274509803921569 0.4 0.3058823529411765
v 3.255576117013061 -1.3783237245749773 2.0949798183062871 0.9058823529411765 0.7137254901960784 0.615686274509804
v 4.1245517863885865 0.4982457084033689 2.0483445367196982 0.08235294117647059 0.047058823529411764 0.0392156862745098
v 3.4058281711744618 -1.6055004719653823 3.0409885116202942 0.8235294117647058 0.5843137254901961 0.5098039215686274
v 3.3594397742346533 -0.9158144777702425 2.2578007347569038 0.9019607843137255 0.6980392156862745 0.6
v 4.0680541766425602 -0.38917692710907381 2.4205501197201249 0.10196078431372549 0.0784313725490196 0.06274509803921569
v 3.1667364311081587 -2.4059654644993542 2.5568558849066338 0.6196078431372549 0.4823529411764706 0.3843137254901961
v 3.4217854781712442 -2.4681806566850151 2.836898011150649 0.29411764705882354 0.22745098039215686 0.16862745098039217
v 3.2409381219299358 -2.0529253853862297 2.7996920560821144 0.4 0.30196078431372547 0.22745098039215686
v 3.4548038845270699 -1.8129768457810078 1.8711746293446365 0.5607843137254902 0.4196078431372549 0.3176470588235294
v 4.1818997903600312 -0.35629124331043627 2.5006401623847001 0.8823529411764706 0.7137254901960784 0.5607843137254902
v 3.5802742534648186 -1.9996491212530283 1.8533549580717945 0.8862745098039215 0.6901960784313725 0.5803921568627451
v 2.8834995453783101 1.3954489883161179 2.9957158859043007 0.03137254901960784 0.027450980392156862 0.0196078431372549
v 4.389593706834674 -0.37383378143672652 2.3769173456887343 1.0 1.0 1.0
v 3.1534661984112469 -0.46075897210753392 3.6415586003703879 0.9294117647058824 0.7568627450980392 0.6235294117647059
v 3.1489185882428044 -1.5921527265712139 2.7284827755511634 0.6862745098039216 0.5019607843137255 0.396078431372549
v 3.2338732924382869 -1.2650371357569337 2.7091034573625699 0.7568627450980392 0.5843137254901961 0.5058823529411764
v 3.1707501129416293 -1.4913225778618333 2.100467287387124 0.9411764705882353 0.7372549019607844 0.6509803921568628
v 3.1683339810924736 -1.8551459283976717 2.0614925345458044 0.9333333333333333 0.7647058823529411 0.6627450980392157
v 3.3601183160292338 -0.44665605577061307 3.5004845340027142 0.03529411764705882 0.03137254901960784 0.023529411764705882
v 3.1133968233162643 -1.7240951777753275 2.295327713943542 0.27058823529411763 0.1607843137254902 0.12941176470588237
v 4.3670167020586339 -0.16304310862155189 2.1988026478321006 0.054901960784313725 0.047058823529411764 0.043137254901960784
v 3.232971682843814 -1.6721725275505968 2.0866848349609901 0.8313725490196079 0.6862745098039216 0.5882352941176471
v 3.1944432607015614 -2.4508060338713191 2.416203831058648 0.45098039215686275 0.33725490196078434 0.25098039215686274
v 2.9182171017135778 1.0583061556230762 3.9046614580736998 0.34901960784313724 0.25882352941176473 0.20392156862745098
v 3.1008001565986869 -2.1978228749510449 2.581803927991813 0.596078431372549 0.43529411764705883 0.34509803921568627
v 3.121954371528544 -1.3446949450179055 2.2153138899226859 0.6196078431372549 0.43137254901960786 0.396078431372549
v 3.1561290653221956 -2.1352323990047655 2.7026873405299439 0.4627450980392157 0.3333333333333333 0.25098039215686274
v 3.3961422214941388 -0.91720198997753388 2.3432907862643964 0.6431372549019608 0.43137254901960786 0.34901960784313724
v 3.1052409102877871 1.5185071581699772 2.7623370913927969 1.0 1.0 1.0
v 3.3717912483517107 -2.1062405282555363 2.9124511552659245 0.3058823529411765 0.2235294117647059 0.1607843137254902
v 3.6570119765383056 -0.82370112803003726 3.1229898500855269 0.6901960784313725 0.5098039215686274 0.36470588235294116
v 3.7154482629094763 -0.25805541817146438 2.6639750037335981 0.9490196078431372 0.7529411764705882 0.5764705882352941
v 2.8211863435712927 0.81054488774319544 4.3853339491329475 0.7058823529411765 0.5333333333333333 0.396078431372549
v 4.0905854450206887 -0.65861023333516899 2.2164717801444018 1.0 1.0 1.0
v 3.6797939053340034 -2.0102024826541607 2.5764506514330172 0.3176470588235294 0.21568627450980393 0.16862745098039217
v 3.6807662554656266 -2.0148988008080475 2.5767628963672644 0.3176470588235294 0.21568627450980393 0.16862745098039217
v 3.4573141203492312 -1.7247751535638247 3.0534499498566179 0.5803921568627451 0.30980392156862746 0.2196078431372549
v 2.6589728430274868 1.242040376998873 3.8969532959099205 0.8 0.6235294117647059 0.5019607843137255
v 3.4225655884643151 -1.8212740611000795 2.9691733354693266 0.3333333333333333 0.09019607843137255 0.03529411764705882
v 3.2888145210829691 -1.1967063171593411 2.1612888563072969 0.7725490196078432 0.4117647058823529 0.38823529411764707
v 2.9190108313561676 -0.072167609771241092 3.5235315494356483 0.6 0.45098039215686275 0.35294117647058826
v 2.752798220913327 0.97449801609051923 4.0215494411590669 0.796078431372549 0.6039215686274509 0.4666666666666667
v 3.2822680926525032 -1.7712919823820734 2.8409230602413738 0.7686274509803922 0.5803921568627451 0.48627450980392156
v 3.2678456739113959 -2.3385700398910174 2.7826168034590877 0.3568627450980392 0.28627450980392155 0.2235294117647059
v 3.4169857372969603 -1.2023539946363666 2.1022622297969393 0.9098039215686274 0.7372549019607844 0.6274509803921569
v 3.3175288232618603 -2.2441751125757752 1.9036526464165557 0.9176470588235294 0.7215686274509804 0.615686274509804
v 3.3942928372283028 -1.8566499147280915 1.8836200828386647 0.9215686274509803 0.7490196078431373 0.6627450980392157
v 3.9243726945499859 0.73409902729673748 2.045957716047984 0.788235294117647 0.6431372549019608 0.4627450980392157
v 3.698872668480147 1.7003709619410317 2.3777561432695045 0.03137254901960784 0.027450980392156862 0.0196078431372549
v 3.2184269990194623 -2.2926994551809003 2.7264559521301175 0.38823529411764707 0.30196078431372547 0.2235294117647059
v 3.223978532676659 -2.1246774115717861 2.7846100386029731 0.4392156862745098 0.33725490196078434 0.26666666666666666
v 3.4304723480047379 -1.8075480548457104 3.0301393914885306 0.6352941176470588 0.41568627450980394 0.30980392156862746
v 3.2710160184894437 -2.3514366876406156 2.0037018395434298 0.7725490196078432 0.6039215686274509 0.5058823529411764
v 3.1964273046066651 -2.2195078367632974 2.7346205858415402 0.43529411764705883 0.33725490196078434 0.25882352941176473
v 2.7826161148964146 1.2100882156415866 3.4819848028086033 0.13333333333333333 0.10980392156862745 0.09803921568627451
v 3.3438688018300917 -0.91764848258187481 2.2852492658571251 0.7764705882352941 0.5450980392156862 0.4627450980392157
v 3.5312812398593549 -0.93830469787639181 2.518258426209635 0.596078431372549 0.47058823529411764 0.3803921568627451
v 3.3615831432778096 -0.5912852145414591 3.6990715127680449 0.07450980392156863 0.047058823529411764 0.03137254901960784
v 3.4805857232610808 -0.62977197963496334 3.7081293698678142 1.0 1.0 1.0
v 4.4176854695574894 1.4153997857389506 1.992646359437537 0.0 0.0 0.0
v 3.455703279735741 -2.4414048332306559 2.8773250130382024 0.3254901960784314 0.2549019607843137 0.2
v 3.5609914357603754 -2.0744769669619028 3.0678649131685685 0.2980392156862745 0.21176470588235294 0.1607843137254902
v 3.4773261014380257 -1.6538319579005161 1.9352465325678712 0.45098039215686275 0.30196078431372547 0.23529411764705882
v 3.4441513476158621 -1.5721951499190894 2.003446371348848 0.9098039215686274 0.7019607843137254 0.5803921568627451
v 2.8332521317444828 0.88248211194465243 4.5155469032518072 0.5803921568627451 0.43529411764705883 0.3215686274509804
v 2.8645230226787217 -0.32474197618055517 3.8511316577572501 0.9372549019607843 0.7803921568627451 0.6196078431372549
v 3.1758922331892387 -1.8928580243125477 2.6674927194268037 0.7803921568627451 0.6274509803921569 0.5294117647058824
v 3.5637388847314413 -0.92656564411530873 2.5700629578896361 0.3764705882352941 0.24313725490196078 0.14901960784313725
v 3.6687405663687276 -1.168672146831383 2.7494706755245204 0.0 0.0 0.0
v 3.6967842951366046 0.68984979948825642 3.0379286984517337 0.0 0.0 0.0
v 3.1840044543084844 1.6214461528479915 2.6820033305047692 0.027450980392156862 0.023529411764705882 0.01568627450980392
v 3.2410629501311901 -2.4618448211466606 2.6329028800149077 0.4666666666666667 0.3686274509803922 0.2823529411764706
v 3.5115812328178801 -2.1741601195951699 1.8133358907581087 0.807843137254902 0.6078431372549019 0.4980392156862745
v 3.223823407641135 -2.1251158619998654 2.7845113800626118 0.44313725490196076 0.33725490196078434 0.2627450980392157
v 3.3806653041254826 -1.6283551829065879 1.9992271130785817 0.2901960784313726 0.20392156862745098 0.1411764705882353
v 3.414984332965417 -1.841644446936459 2.9773556986793128 0.7764705882352941 0.5647058823529412 0.4823529411764706
v 3.3963420792131567 -1.8147228356372769 2.9467627247818378 0.7725490196078432 0.5764705882352941 0.4823529411764706
v 3.3927556269040786 -1.7970006215095868 2.9331287491919742 0.6823529411764706 0.4745098039215686 0.37254901960784315
v 3.4078079007370583 -1.5921006746675492 3.0151924546054616 0.1803921568627451 0.12156862745098039 0.09803921568627451
v 3.4515211596634865 -1.7795071528868796 2.9722084180872761 0.6823529411764706 0.4549019607843137 0.3803921568627451
v 3.3307159179676349 -2.2842241733847537 1.9395978833069576 0.9215686274509803 0.7254901960784313 0.6196078431372549
v 4.0581604435044092 -0.34076960762220221 2.4438346516660738 0.0784313725490196 0.054901960784313725 0.03529411764705882
v 2.8862779801414225 0.92710810405065358 3.7968427242930591 0.3137254901960784 0.22745098039215686 0.1843137254901961
v 3.1363822343355263 1.4869793973361316 2.7201054564130214 1.0 1.0 1.0
v 2.5771191539789999 1.3385487608875561 3.4714702110685671 0.5294117647058824 0.3803921568627451 0.2784313725490196
v 2.5771191539789999 1.3385487608875561 3.4714702110685671 0.5294117647058824 0.3803921568627451 0.2784313725490196
v 3.3598236754386375 -1.9246092764885496 2.9689331632549942 0.8470588235294118 0.6078431372549019 0.5333333333333333
v 3.3957403391460135 -1.8845211111284834 2.9726924876338501 0.4196078431372549 0.16862745098039217 0.10588235294117647
v 2.7903795366145765 1.1957581396744081 3.5229476057973645 0.01568627450980392 0.011764705882352941 0.011764705882352941
v 2.7903795366145765 1.1957581396744081 3.5229476057973645 0.01568627450980392 0.011764705882352941 0.011764705882352941
v 3.4930515323831335 -2.0012248320977339 3.0222481672436938 0.8627450980392157 0.6 0.4980392156862745
v 3.4004971577760092 -1.640767587771 3.0096410131584275 0.8352941176470589 0.6078431372549019 0.5137254901960784
v 3.653884919076626 -1.6908872526718191 1.8853471695006976 0.0 0.0 0.0
v 3.2429545450517741 -1.3268892432523687 2.1210301800217772 0.9450980392156862 0.7607843137254902 0.6627450980392157
v 4.3366588965215431 -0.24445205033219075 2.2762655179443092 0.0196078431372549 0.01568627450980392 0.00392156862745098
v 4.5496005737330778 -1.7080177836967927 3.3193713749806122 1.0 1.0 1.0
v 3.6937189675165345 -0.89941816572900357 2.3845492228762337 1.0 1.0 1.0
v 3.9642180632184942 -0.78393835568004144 3.3995973120277005 0.7607843137254902 0.5803921568627451 0.4235294117647059
v 3.0864366066965094 -1.3449387646696922 2.1831663813605999 0.3254901960784314 0.10196078431372549 0.09411764705882353
v 4.0791926772134541 -1.2055315504288402 3.2357857983489025 0.1450980392156863 0.0784313725490196 0.03529411764705882
v 3.2911467465625228 -1.077412124279699 2.4049578468852761 0.8823529411764706 0.6862745098039216 0.5882352941176471
v 3.1247588839286062 -2.1236883277654615 2.3728975130547694 0.8862745098039215 0.7176470588235294 0.6196078431372549
v 3.624345757294559 -0.9463427157408435 2.5626385682691621 0.3843137254901961 0.25098039215686274 0.1607843137254902
v 4.05006531168089 -0.94371615310329671 3.5328913608452268 1.0 1.0 1.0
v 2.949583525611394 0.79383389956042671 4.4544784824435553 0.6392156862745098 0.47843137254901963 0.3568627450980392
v 4.3413942246183375 1.4384394207400697 1.9345692054309305 1.0 1.0 1.0
v 3.6908578689632447 -0.41970652462936031 2.8066313286797264 0.9058823529411765 0.7215686274509804 0.5529411764705883
v 3.395681402804406 -1.6251842262156804 2.9547051963072102 0.8627450980392157 0.6549019607843137 0.5568627450980392
v 3.3497042058557112 -0.45015483583834459 3.4962368784517937 0.0196078431372549 0.0196078431372549 0.011764705882352941
v 2.992187882529683 -1.913239186298183 2.4821383554721344 0.7607843137254902 0.611764705882353 0.5333333333333333
v 3.0513790915395629 -1.8694524392113412 2.5419127995775899 0.7490196078431373 0.6 0.5215686274509804
v 3.418654768470911 -1.9035774135052999 2.9986126245060429 0.6862745098039216 0.4666666666666667 0.4117647058823529
v 3.0750418790056155 -1.317059392843021 2.1331072077519213 0.5490196078431373 0.3058823529411765 0.2627450980392157
v 2.937792044025906 -0.11405198443614331 3.5202611116961702 0.5725490196078431 0.43529411764705883 0.34509803921568627
v 3.2289084445109473 -2.3930022124203356 2.6781389244180707 0.3058823529411765 0.2235294117647059 0.15294117647058825
v 3.4204753267367205 -2.3412022457082613 2.9461172578155548 0.27058823529411763 0.20784313725490197 0.1607843137254902
v 3.3407077705997144 -1.9676330276125691 2.9324074956607786 0.26666666666666666 0.17647058823529413 0.10980392156862745
v 4.2870371056599934 -1.3539348921342389 3.2302242051885308 0.3686274509803922 0.26666666666666666 0.17647058823529413
v 3.2910075488872219 -2.325036468677649 2.7861012559314187 0.2627450980392157 0.1843137254901961 0.12156862745098039
v 3.3775782660519962 -1.91681105696481 2.9972890754655745 0.5254901960784314 0.25098039215686274 0.17647058823529413
v 4.2452080522022779 -1.5018386401845232 3.2009405319228277 0.30196078431372547 0.20784313725490197 0.12941176470588237
v 3.1350010497404859 1.4870179150458405 2.7202786170687245 1.0 1.0 1.0
v 3.1720903426664089 -2.2550803642748374 2.670225226174038 0.49411764705882355 0.3843137254901961 0.3058823529411765
v 3.1717361356622691 -2.2543510284920312 2.6705446793150136 0.49411764705882355 0.3843137254901961 0.3058823529411765
v 2.7975298235627015 1.2467122209382631 3.77915260829469 1.0 1.0 1.0
v 4.2187870602267772 -1.6657494113241902 3.2244066265574975 0.11372549019607843 0.054901960784313725 0.023529411764705882
v 4.3807094129135606 -1.4470495988010079 3.2963416646736263 0.12941176470588237 0.06274509803921569 0.023529411764705882
v 3.9400339267090909 -1.7852422694043084 3.1591759985380978 0.24705882352941178 0.20392156862745098 0.1568627450980392
v 3.4976107244496517 -1.4988756747029044 2.9653505552742283 0.3215686274509804 0.16862745098039217 0.10588235294117647
v 4.1451035023693743 -1.0275329640440081 3.2971074299503247 0.11764705882352941 0.043137254901960784 0.00784313725490196
v 3.9467706336151811 -1.6112954113969014 3.1623965672168666 0.1843137254901961 0.12156862745098039 0.07058823529411765
v 3.3994487518013554 -1.126770666475972 2.7708986163299336 0.5137254901960784 0.3411764705882353 0.23137254901960785
v 3.3994487518013554 -1.126770666475972 2.7708986163299336 0.5137254901960784 0.3411764705882353 0.23137254901960785
v 2.900632359178946 0.29731886887922482 3.5334040976232721 0.058823529411764705 0.0392156862745098 0.027450980392156862
v 4.1203077105701711 -0.57354890944281534 2.2999549094209577 1.0 1.0 1.0
v 3.4791203822231518 0.68892382667674446 3.0285000419272272 0.043137254901960784 0.03137254901960784 0.027450980392156862
v 3.1837402105741086 1.6219174787307638 2.6824386631633077 0.03137254901960784 0.027450980392156862 0.0196078431372549
v 3.3540823299466522 -2.3765937961872687 2.8390266948860123 0.23137254901960785 0.1568627450980392 0.10196078431372549
v 3.3553189570307116 -2.3776261343500336 2.8385977659522084 0.23137254901960785 0.1568627450980392 0.10196078431372549
v 3.4298106513451683 -0.97448241722896189 2.622629929297716 0.5529411764705883 0.39215686274509803 0.28627450980392155
v 3.4790457643660977 -0.96238505851073153 2.5731136519880176 0.5647058823529412 0.41568627450980394 0.3137254901960784
v 2.8438943238724352 0.34599617697213975 3.6604201556321936 0.4549019607843137 0.32941176470588235 0.21568627450980393
v 2.8556007005487127 0.538802900201655 3.6757178348854342 0.03529411764705882 0.023529411764705882 0.01568627450980392
v 3.3905037804975446 -1.5553417861769712 2.9166781202944003 0.6823529411764706 0.49019607843137253 0.38823529411764707
v 4.2527673859825788 -1.5585539396944172 3.229281837039971 0.396078431372549 0.28627450980392155 0.19215686274509805
v 4.2670045284808573 -1.5209740087251185 3.2287135546372214 0.21176470588235294 0.12156862745098039 0.0392156862745098
v 4.3421908635977102 -1.1858995080980212 3.2957154303612466 0.4196078431372549 0.3176470588235294 0.2196078431372549
v 4.304179629752495 -1.1918120934981351 3.239228402112718 0.3333333333333333 0.23529411764705882 0.1450980392156863
v 3.4114878123619969 -1.9247869460054032 3.0622334347418239 0.611764705882353 0.30196078431372547 0.21176470588235294
v 3.4116178113601228 -1.9247051296065265 3.0621914807322206 0.611764705882353 0.30196078431372547 0.21176470588235294
v 4.3061825217093821 -1.2661415216348517 3.2404880964691083 0.2784313725490196 0.19607843137254902 0.12941176470588237
v 4.2839607186723434 -1.412150728357279 3.1774978298924124 0.23137254901960785 0.14901960784313725 0.07450980392156863
v 4.4137077308574781 -1.3921643761166778 3.3225995648544924 1.0 1.0 1.0
v 4.5043632213541338 -1.0182473659571785 3.3857833268076432 1.0 1.0 1.0
v 4.013220445202216 -0.42132305910341744 2.5207094699389607 0.8549019607843137 0.6823529411764706 0.5333333333333333
v 3.767079238411287 1.7404563253595144 2.3344517082934564 0.03137254901960784 0.027450980392156862 0.0196078431372549
v 3.4057482061641764 -1.703206607446268 1.9105751728507887 0.6352941176470588 0.4392156862745098 0.3215686274509804
v 3.4301762799039488 -1.5519264024246662 2.9587388632121936 0.8156862745098039 0.592156862745098 0.5137254901960784
v 3.7458066155280796 1.669684820258748 2.2755949719279425 1.0 1.0 1.0
v 3.1925683894090762 -1.8148786855095427 2.0647106545441023 0.8901960784313725 0.7137254901960784 0.6078431372549019
v 3.6922300346576726 -1.6823947393522325 3.0038440669360691 0.6196078431372549 0.4588235294117647 0.396078431372549
v 3.622069733538519 -1.3534913726029354 3.0117534760655111 0.7294117647058823 0.5372549019607843 0.40784313725490196
v 3.5321723458714338 -0.71346855928801745 3.0875087576606042 0.7019607843137254 0.5294117647058824 0.3803921568627451
v 3.5262580365012597 -0.70138314000220381 3.0881607391889858 0.7019607843137254 0.5294117647058824 0.3803921568627451
v 2.5600546301102307 1.3368767796621992 3.4057715590635125 1.0 1.0 1.0
v 3.2106359236682613 -1.1910694152294568 2.2661973673746107 0.7647058823529411 0.35294117647058826 0.34509803921568627
v 3.2868232914518338 -1.0793809131975507 2.4058374407599299 0.8784313725490196 0.6823529411764706 0.5843137254901961
v 3.7633019203743445 -0.62854242570937324 3.2566222761934664 0.8941176470588236 0.7137254901960784 0.5450980392156862
v 3.3796025548585313 -0.5424158155077633 3.5325980969137074 0.023529411764705882 0.0196078431372549 0.00784313725490196
v 3.1302769880559813 -2.2007333020210225 2.6316814196935221 0.6784313725490196 0.5333333333333333 0.45098039215686275
v 3.1319696895568581 -2.2017910615272762 2.6316314656311883 0.6784313725490196 0.5333333333333333 0.45098039215686275
v 3.3556316926579597 -2.1296194889867102 2.9241100070214738 0.25882352941176473 0.19607843137254902 0.1411764705882353
v 3.3543509970619376 -1.1710297926761495 2.1603528554701459 0.5333333333333333 0.2627450980392157 0.20784313725490197
v 3.1333847050706125 -2.387027650534427 2.2489637397407067 0.6862745098039216 0.5137254901960784 0.41568627450980394
v 4.2996933559426935 -1.4544197355557236 3.2229712933586994 0.058823529411764705 0.0196078431372549 0.00392156862745098
v 3.2326167301302808 -2.469107067901994 2.4849657509441645 0.5568627450980392 0.43529411764705883 0.34901960784313724
v 3.3859315837604433 -2.5430585781684285 2.7331778954520001 0.20784313725490197 0.1568627450980392 0.09411764705882353
v 3.414445698386015 -2.5407043561036025 2.7830888456499938 0.2784313725490196 0.21176470588235294 0.1450980392156863
v 3.3397477097319075 -2.3455782326773749 2.9120874900255558 0.4117647058823529 0.3254901960784314 0.2549019607843137
v 4.3702648254756911 -1.6865052576290152 3.2378049934454669 0.09803921568627451 0.050980392156862744 0.0196078431372549
v 4.1046683052018711 -0.47291781804015237 2.4899628700500935 1.0 1.0 1.0
v 4.2064852496156071 -0.021928626227257872 2.1835391891329357 0.047058823529411764 0.043137254901960784 0.027450980392156862
v 4.3825271566627038 1.3642406049753304 2.022998953555982 0.0 0.0 0.0
v 2.5872814007753289 1.3388503550805537 3.4806896510539014 0.5294117647058824 0.38823529411764707 0.2823529411764706
v 3.3954893140850801 -1.8854104626791348 2.9727125818313791 0.403921568627451 0.13725490196078433 0.08235294117647059
v 3.3936193690410597 -1.5462039078492869 3.0195407161789038 0.8196078431372549 0.5647058823529412 0.4980392156862745
v 4.3170452605763607 -1.0179156632268145 3.3415412466009284 0.10196078431372549 0.050980392156862744 0.011764705882352941
v 3.1525358416878917 -2.324150955293236 2.1446300246581442 0.9411764705882353 0.7647058823529411 0.6588235294117647
v 3.2633286301338877 -2.1247809749250175 2.8332158078668606 0.29411764705882354 0.20784313725490197 0.1450980392156863
v 4.3638041285806937 -1.6478590559716888 3.2804870678154776 1.0 1.0 1.0
v 4.3426603494582663 -0.22961439673740433 2.2872017411364398 0.0392156862745098 0.03529411764705882 0.0196078431372549
v 2.3465016492049737 0.91835930602963967 4.1203778562626878 0.792156862745098 0.5882352941176471 0.4392156862745098
v 3.6401696469789528 -2.1474298297712728 3.0633198236354859 0.25098039215686274 0.1843137254901961 0.12941176470588237
v 3.6821545749333637 -2.3710513641198641 2.8188377536101683 0.27450980392156865 0.2 0.1411764705882353
v 2.8989090505853556 0.74555116025890866 4.4301105889844861 0.596078431372549 0.4470588235294118 0.3215686274509804
v 2.928383421923781 1.068563802396211 3.860555515643008 0.13725490196078433 0.08627450980392157 0.06666666666666667
v 3.1362916748401095 1.4935482964067757 2.7270953954556818 0.9176470588235294 0.9176470588235294 0.9176470588235294
v 3.4230064307576269 -2.0819641668153417 2.9935314568554885 0.3254901960784314 0.25098039215686274 0.18823529411764706
v 4.2953244633830661 -1.6412830665420917 3.2220847599553641 0.5058823529411764 0.3764705882352941 0.23921568627450981
v 2.8228418319558473 0.90540283640577635 4.4702507573921384 0.788235294117647 0.5843137254901961 0.44313725490196076
v 3.4054403610474058 -1.6502041700055712 2.9827360590583218 0.7450980392156863 0.4745098039215686 0.3764705882352941
v 3.18578206028138 -1.1696049473987256 2.240614508081034 0.4627450980392157 0.0784313725490196 0.07450980392156863
v 4.2669871215474915 -1.1835719135829563 3.1921350034050251 0.24313725490196078 0.16470588235294117 0.08235294117647059
v 2.9198421768538974 0.99780388970184686 3.8342112172516831 0.23529411764705882 0.17254901960784313 0.13725490196078433
v 3.3986934115158349 -2.4867628761476883 2.7984032277524484 0.38823529411764707 0.3058823529411765 0.23529411764705882
v 3.4169126166370591 -1.6599637112832946 3.0665257698163852 0.6705882352941176 0.396078431372549 0.32941176470588235
v 3.4171366788255098 -1.6591448941340325 3.0663929220481707 0.6705882352941176 0.396078431372549 0.32941176470588235
v 3.4557299885226178 -1.7007082094888448 2.9950626582963844 0.6705882352941176 0.43137254901960786 0.35294117647058826
v 4.3481685259210234 -1.8870299352664865 3.2012482769381867 0.09803921568627451 0.043137254901960784 0.0196078431372549
v 4.3074094718001232 -0.98839979872989547 3.3072147754790517 0.40784313725490196 0.28627450980392155 0.17647058823529413
v 3.4147133189874581 -1.8404626075423522 3.0065361544214708 0.8588235294117647 0.6588235294117647 0.5607843137254902
v 4.3436456560763075 -1.1760926949480623 3.2568301558334403 0.39215686274509803 0.2823529411764706 0.1803921568627451
v 3.8176018400652367 -1.4603817151169005 3.1150618810457766 0.18823529411764706 0.12549019607843137 0.058823529411764705
v 4.2730957002927168 -0.87559885439790486 3.3892249610322267 0.13333333333333333 0.06274509803921569 0.01568627450980392
v 4.3895394846919364 -1.4860132837041276 3.2696349780838601 0.1607843137254902 0.08627450980392157 0.03529411764705882
v 4.4081458692259128 -1.267724348194444 3.306560441837755 0.06666666666666667 0.027450980392156862 0.00784313725490196
v 3.7776759137324616 -0.6514210101115151 3.6211080876589881 0.047058823529411764 0.0392156862745098 0.03529411764705882
v 3.7381947707801029 -0.64805465396896822 2.6096077086492517 0.8980392156862745 0.7411764705882353 0.5843137254901961
v 3.9521228652465177 -0.18359438107345238 2.4065629059140665 0.043137254901960784 0.03529411764705882 0.023529411764705882
v 3.3300268133334368 -1.2243072755660982 2.0070940107046518 1.0 1.0 1.0
v 3.3278167921629573 -1.0351344314764008 2.1154458859346397 1.0 1.0 1.0
v 3.4951114755634807 1.6072241667117271 2.5141726634437909 0.0 0.0 0.0
v 4.3475742276447464 -1.4144769414798999 3.2613155176348725 0.3843137254901961 0.28627450980392155 0.20784313725490197
v 3.1713403517425931 -1.1840208156311709 2.2829670507378248 0.4 0.0392156862745098 0.03137254901960784
v 3.3246298516899584 -2.4736315845336403 2.7385999178403901 0.3333333333333333 0.27058823529411763 0.20784313725490197
v 3.1197400852926016 -2.2248385578472791 2.6042888865009557 0.5137254901960784 0.37254901960784315 0.2784313725490196
v 3.1197400852926016 -2.2248385578472791 2.6042888865009557 0.5137254901960784 0.37254901960784315 0.2784313725490196
v 3.3338429211259086 -2.16933694634124 2.902437531303411 0.21176470588235294 0.13725490196078433 0.08627450980392157
v 3.3563371748474657 -1.6676062607062299 1.9373967781448711 0.6196078431372549 0.4235294117647059 0.3176470588235294
v 3.4456675965662642 -1.5212532761396635 2.9689379949055352 0.6705882352941176 0.4666666666666667 0.38823529411764707
v 3.6052772704230782 -0.73742272931382702 3.3314374090185286 0.7294117647058823 0.5490196078431373 0.38823529411764707
v 2.8985244244089454 1.1132775084780355 3.7671780736502427 0.06274509803921569 0.047058823529411764 0.043137254901960784
v 3.3514152013745551 -2.5275293087965398 2.7395818454064127 0.21176470588235294 0.1607843137254902 0.10196078431372549
v 3.4008958495975246 -2.1660267065376702 2.9531985119790969 0.18823529411764706 0.11764705882352941 0.07058823529411765
v 3.4412319763320345 -2.0711881132680432 3.0076993905350946 0.24313725490196078 0.16470588235294117 0.09803921568627451
v 3.9911555612897582 -1.5052556731459394 3.1508824524346615 0.4 0.33725490196078434 0.2627450980392157
v 3.2464077653217358 -0.90810006861878889 2.4224452127421809 0.5568627450980392 0.3803921568627451 0.30980392156862746
v 4.4041361649145836 -1.3366104128446072 3.3174063519556736 0.17254901960784313 0.10588235294117647 0.03529411764705882
v 3.4664455974207447 1.0568640041983197 4.5283613728518652 1.0 1.0 1.0
v 3.436132870014128 -2.3939299836926828 2.9103227535511369 0.40784313725490196 0.3254901960784314 0.25882352941176473
v 3.5462184765898472 -1.9304946002841956 3.1121246330066752 0.807843137254902 0.5372549019607843 0.42745098039215684
v 3.4283868157756485 1.0693206273495746 4.4914503408233051 0.5568627450980392 0.4666666666666667 0.38823529411764707
v 4.3602072707653949 -1.7121330123483727 3.2280703245834061 0.12156862745098039 0.058823529411764705 0.027450980392156862
v 3.7098540194722189 -2.6815715605955508 2.8519591034775091 1.0 1.0 1.0
v 3.8533515580492481 -2.1348808772337122 3.1070452286196293 0.25882352941176473 0.19607843137254902 0.1450980392156863
v 3.6519900785128097 -1.5474559172446949 3.0702448849914052 0.5490196078431373 0.4196078431372549 0.3137254901960784
v 4.3925104150196512 -1.4724387637674605 3.2794307746624538 0.15294117647058825 0.08235294117647059 0.027450980392156862
v 3.8220674367975151 -0.71422476934449408 3.4077056791627331 0.8 0.6078431372549019 0.4745098039215686
v 3.6408001187994641 -0.18693805605698807 2.6187193496686652 0.9490196078431372 0.7529411764705882 0.592156862745098
v 3.0682461012140481 0.87794868098743095 4.5651983740627671 0.0 0.0 0.0
v 3.3677302857290004 -1.9958298963866086 1.7419634833219828 1.0 1.0 1.0
v 3.1702017480915443 -2.2861740953683749 2.6507523541941493 0.396078431372549 0.2784313725490196 0.19215686274509805
v 3.8556013273776926 -1.6994372341782495 3.141657446945727 0.2196078431372549 0.17647058823529413 0.1411764705882353
v 2.8538326176792919 0.43435238659769765 3.6672114667229438 0.396078431372549 0.28627450980392155 0.18823529411764706
v 3.3543048606938308 -2.2880645415684455 2.8823748999213601 0.29411764705882354 0.2235294117647059 0.16862745098039217
v 3.3507954059126157 -2.2861906327498751 2.8832676831454647 0.29411764705882354 0.2235294117647059 0.16862745098039217
v 3.5803376068375545 -2.3642856734909072 2.9955323813774433 0.22745098039215686 0.15294117647058825 0.09019607843137255
v 3.5875116170858918 -2.3668650988040616 2.9939900584676513 0.22745098039215686 0.15294117647058825 0.09019607843137255
v 3.1955477693274461 -1.3134393105169861 2.1404134759753388 0.9176470588235294 0.7294117647058823 0.6235294117647059
v 4.3018761901351894 -1.1917067249409534 3.190852043476708 0.24313725490196078 0.16862745098039217 0.08235294117647059
v 3.653316180590493 -0.88074750690930681 2.5045320441173038 0.7294117647058823 0.6 0.4823529411764706
v 3.7686267440721868 -0.19603100239886934 2.5121092843263853 0.0 0.0 0.0
v 3.1089603730182223 -1.7033103358791184 2.3161625413159248 0.7019607843137254 0.592156862745098 0.5607843137254902
v 4.2107457493231113 -2.0018292756232889 3.1498232084952749 0.40784313725490196 0.3215686274509804 0.24313725490196078
v 4.3000238814742575 -1.2768055427547587 3.3459624132375207 0.13725490196078433 0.09019607843137255 0.027450980392156862
v 4.3449207648598831 -1.3211803248216547 3.1068746394858646 0.12549019607843137 0.07450980392156863 0.0392156862745098
v 4.3233588769009748 -1.2303850989968363 3.239504242934454 0.09019607843137255 0.03529411764705882 0.011764705882352941
v 3.0788862702480233 -1.3390330812663649 2.1017316023429293 0.6274509803921569 0.4235294117647059 0.36470588235294116
v 3.9862896974090876 -1.6458501179538012 3.1483363836630494 0.20392156862745098 0.1607843137254902 0.10980392156862745
v 4.2095914044393625 -1.6742702295831937 3.1367988226061998 0.047058823529411764 0.01568627450980392 0.00392156862745098
v 3.2695747557069303 -0.55276011763962063 3.6939436954408906 0.9137254901960784 0.7176470588235294 0.5843137254901961
v 3.436132870014128 -2.3939299836926828 2.9103227535511369 0.4196078431372549 0.33725490196078434 0.26666666666666666
v 4.0194059727616303 -0.39102598291714902 2.491268709678244 1.0 1.0 1.0
v 3.6097172845910706 -2.3053779479254124 3.0118722244431835 0.4 0.3137254901960784 0.23921568627450981
v 3.4276685408520078 -1.6148734824710551 3.0574350003057562 0.8274509803921568 0.5725490196078431 0.4980392156862745
v 3.7206397973268932 -0.19815259825548701 2.5797289508840855 0.9411764705882353 0.7490196078431373 0.592156862745098
v 3.4221257177151774 -1.8555700185240844 3.0310984400611467 0.8784313725490196 0.6784313725490196 0.5764705882352941
v 4.4411359871916698 -1.1625869819529637 3.3625495485591772 1.0 1.0 1.0
v 4.4145922156462154 -1.05960642213435 3.3219098634257938 0.10588235294117647 0.047058823529411764 0.011764705882352941
v 3.4275013839997808 1.0698553289182597 4.491932436918292 0.5411764705882353 0.4588235294117647 0.39215686274509803
v 3.1239026707467907 -2.305408510289805 2.3227048411785223 0.8627450980392157 0.6784313725490196 0.5686274509803921
v 3.1366515940746735 -2.2709696081851249 2.4274138529520259 0.8431372549019608 0.6666666666666666 0.5607843137254902
v 3.5097445103612288 -1.8990148730294687 3.0602197883482445 0.803921568627451 0.5529411764705883 0.4588235294117647
v 3.6010292516919327 -0.67097937924914663 3.290943692351747 0.8470588235294118 0.6588235294117647 0.49411764705882355
v 3.0125715946351068 -0.088391411327210068 3.6821918369765694 0.9254901960784314 0.7647058823529411 0.596078431372549
v 3.0284936028427727 0.72969070056558638 4.4360187826394863 0.5803921568627451 0.42745098039215684 0.3058823529411765
v 4.1231212849024033 -2.1903840394441607 2.565424967899447 0.0 0.0 0.0
v 3.3641346673695169 0.71983431118061392 3.036775473902332 0.0 0.0 0.0
v 3.4244648784170746 -1.8131550088217399 2.9722771476631591 0.3686274509803922 0.13333333333333333 0.07450980392156863
v 3.0895064047840259 -1.5396699631497226 2.4095717104644425 0.9607843137254902 0.7607843137254902 0.6352941176470588
v 4.1929623929018165 -2.7378054246474819 2.8736103250310876 0.5254901960784314 0.42745098039215684 0.33725490196078434
v 3.2129878910499565 -2.2360552536202278 2.749320843043213 0.43137254901960786 0.3333333333333333 0.2627450980392157
v 3.2129420451828796 -2.2358045167453287 2.749102229076354 0.43137254901960786 0.3333333333333333 0.2627450980392157
v 3.4125214232429717 -1.792428492500258 2.9435393962606042 0.6549019607843137 0.42745098039215684 0.3215686274509804
v 3.717177679969236 -1.6098849960847905 3.092643718749164 0.25882352941176473 0.19215686274509805 0.10196078431372549
v 4.287828923459081 -1.9139791626738114 3.1323240906954606 0.3411764705882353 0.25882352941176473 0.19215686274509805
v 3.6719145812957819 -0.69109713668781947 3.4885939989861061 0.8627450980392157 0.6627450980392157 0.5215686274509804
v 3.7986294761303689 -1.9416699257527845 3.1542822432965165 0.2784313725490196 0.21568627450980393 0.16470588235294117
v 3.406386169048055 -1.7405433889905362 2.9523903041704322 0.47843137254901963 0.23529411764705882 0.14901960784313725
v 3.7069893124703324 -2.0772043948299301 3.1169794555465256 0.25882352941176473 0.1843137254901961 0.12941176470588237
v 4.314199075786699 -2.1165546719076467 3.1514735498822004 0.16862745098039217 0.09803921568627451 0.0392156862745098
v 3.7224828230453784 1.142573015940648 4.3067818390460184 0.3686274509803922 0.3176470588235294 0.26666666666666666
v 2.6658172132358389 1.2604136316475372 3.6943068772588372 1.0 1.0 1.0
v 3.0480605972836288 -1.7886981532793194 2.4965191734947254 0.6901960784313725 0.5294117647058824 0.4470588235294118
v 4.2487956477184889 -1.7473171240358163 3.1712502788222627 0.3058823529411765 0.2196078431372549 0.1568627450980392
v 4.2033229255719862 -1.6730887265306158 3.1387237286479497 0.03529411764705882 0.011764705882352941 0.00392156862745098
v 3.6844119711630388 -1.914404574847941 3.125180855246513 0.30196078431372547 0.2235294117647059 0.14901960784313725
v 3.2223110759411382 -1.1066417253834602 2.2533752890324017 0.6666666666666666 0.403921568627451 0.35294117647058826
v 4.2985038723876663 -2.7575611172858974 2.9555488463611095 1.0 1.0 1.0
v 4.5465610227997013 -2.3712948123997735 3.0856608829570096 1.0 1.0 1.0
v 2.911533424537128 0.48053739885622671 3.9076803262239403 0.8549019607843137 0.6901960784313725 0.5568627450980392
v 3.1224131856968427 1.5171102868885975 2.7623163128344492 1.0 1.0 1.0
v 2.8376221382979834 -2.2409436010981651 2.6242702189944946 0.5490196078431373 0.43137254901960786 0.3411764705882353
v 3.2359139518488491 -2.3095776511230008 2.7353711934547604 0.4 0.3137254901960784 0.23921568627450981
v 3.2359139518488491 -2.3095776511230008 2.7353711934547604 0.4 0.3137254901960784 0.23921568627450981
v 3.4044632176741891 -1.5921117787856849 3.0159270284066189 0.24705882352941178 0.1803921568627451 0.15294117647058825
v 4.3049090207138638 -1.8593180990789155 3.1704546793366486 0.49411764705882355 0.39215686274509803 0.30196078431372547
v 2.8438879601232792 0.30734619794516099 3.642568512629766 0.10196078431372549 0.06274509803921569 0.043137254901960784
v 3.1612372244781342 -2.1886240268164623 2.7316044206805055 0.47843137254901963 0.3686274509803922 0.2823529411764706
v 3.7066733874652895 -2.101021579476003 3.1255086563424781 0.21568627450980393 0.15294117647058825 0.09411764705882353
v 3.4184075682677566 -1.6879596238914365 2.9691887755290836 0.7215686274509804 0.49019607843137253 0.4117647058823529
v 4.4183763820953983 -1.2533159669278495 3.3438379364178612 0.10980392156862745 0.08627450980392157 0.043137254901960784
v 3.543470504170815 -2.1753267776259175 3.0538368364581308 0.21568627450980393 0.14901960784313725 0.09411764705882353
v 3.8771918553783431 -1.619641672064466 3.1416923971960653 0.12156862745098039 0.07058823529411765 0.03137254901960784
v 4.3455735897915941 -1.1703250084261607 3.1177085854246771 0.28627450980392155 0.23137254901960785 0.13725490196078433
v 4.167430358326305 -2.846366793178257 2.8056344497709622 0.27058823529411763 0.21176470588235294 0.15294117647058825
v 3.5041725597076523 -1.6440507134917859 3.0925685786965165 0.4196078431372549 0.2784313725490196 0.20392156862745098
v 4.4532108246485933 -1.0213278500355598 3.3343437115197849 0.08235294117647059 0.043137254901960784 0.01568627450980392
v 2.8702232336760756 0.86017897195431359 3.7693493813846377 0.03137254901960784 0.01568627450980392 0.011764705882352941
v 3.3932982434368095 0.98787016302055064 4.5250441164974289 1.0 1.0 1.0
v 3.5714106476474017 1.0341574823559272 4.5161015343359203 1.0 1.0 1.0
v 3.5596061289856471 -2.3912978113164511 2.9830709100531028 0.43529411764705883 0.34901960784313724 0.26666666666666666
v 3.1951401818820191 -1.7728870377646344 2.0153819791214698 0.8705882352941177 0.7019607843137254 0.611764705882353
v 3.5383548889897223 -2.2711088559074391 3.0249011115598021 0.39215686274509803 0.3058823529411765 0.23137254901960785
v 3.1150001323565473 -1.4721794877605823 2.1235045829488897 0.8117647058823529 0.6235294117647059 0.5411764705882353
v 4.2947492576652211 -1.0970895770729148 3.2090856409286932 0.11764705882352941 0.03529411764705882 0.00784313725490196
v 3.2919421545278467 -1.6019692689255385 1.9718166007751028 1.0 1.0 1.0
v 2.674642417877461 0.8952683959794957 4.4576045480871267 0.788235294117647 0.5843137254901961 0.4392156862745098
v 2.7653055847924692 0.90920183080940908 4.4554930467311475 0.788235294117647 0.5843137254901961 0.4392156862745098
v 3.1880171329060953 -2.1198433644407055 2.0227892208322 0.9607843137254902 0.7764705882352941 0.6745098039215687
v 4.2835453975164546 -2.5745716891833665 2.9785583528284318 0.1607843137254902 0.09803921568627451 0.050980392156862744
v 3.9842672630327982 -0.78202372734752978 3.4866851520822291 0.13725490196078433 0.06274509803921569 0.023529411764705882
v 4.0797559535039838 -1.7291204934763609 3.126153751901148 0.19215686274509805 0.16470588235294117 0.1411764705882353
v 3.0614465527919847 -0.27316527847471794 4.1517227048852074 0.6823529411764706 0.4980392156862745 0.3686274509803922
v 3.5168291047768134 -0.45359975055779178 2.5010166486565844 1.0 1.0 1.0
v 3.4574267510887546 -1.7908440106295034 3.0467967432260066 0.615686274509804 0.3803921568627451 0.28627450980392155
v 3.4237280305517865 -1.471685732843494 2.9180174842675948 0.6705882352941176 0.48627450980392156 0.3764705882352941
v 3.3102563278466657 -1.7866571254824835 1.9114128902955001 0.4666666666666667 0.3254901960784314 0.23921568627450981
v 3.5257365754146708 -1.5976952507602455 3.0547659474157234 0.23921568627450981 0.16470588235294117 0.12941176470588237
v 3.3674833471717434 -2.3551208477196011 2.8745394694335413 0.3568627450980392 0.28627450980392155 0.2235294117647059
v 3.6992306793768752 -1.9947071428618175 3.1381107063739275 0.23529411764705882 0.1607843137254902 0.09803921568627451
v 3.3614017787825188 -1.6924031866084273 3.1251638836960387 0.7372549019607844 0.44313725490196076 0.37254901960784315
v 4.3011881863355281 -1.9008259518000039 3.1159772910957511 0.07450980392156863 0.027450980392156862 0.00392156862745098
v 3.4005647349257058 -1.531134221220168 2.9185848180131035 0.6431372549019608 0.4549019607843137 0.35294117647058826
v 4.2721504322423387 -1.6151693087883929 3.2133798523221824 0.30980392156862746 0.19215686274509805 0.08627450980392157
v 3.9296760713177763 -1.5263423324200016 3.159431166969525 0.20392156862745098 0.15294117647058825 0.09019607843137255
v 4.2819092641068366 -0.94328265212244722 3.2338298925129747 0.17647058823529413 0.09411764705882353 0.0196078431372549
v 3.2277548122689419 -0.53958597622995863 3.6341180654925065 0.09803921568627451 0.06666666666666667 0.047058823529411764
v 4.8601798889806727 -0.2586604144597961 2.244913953583402 0.0 0.0 0.0
v 3.4965279441024739 -2.5039546049340755 2.8833209059271674 0.4392156862745098 0.35294117647058826 0.2784313725490196
v 4.4568134850631829 -0.87004104388940762 3.4136321022607321 0.3568627450980392 0.28627450980392155 0.2235294117647059
v 3.3973884782850097 -2.1654820837464577 2.9549586297224772 0.19607843137254902 0.12549019607843137 0.08627450980392157
v 3.6571294461050226 -2.389750931997781 3.0089605433773547 0.403921568627451 0.3137254901960784 0.23529411764705882
v 4.203841011861174 -2.4406565811427621 3.0151996144293864 0.4392156862745098 0.3333333333333333 0.24705882352941178
v 4.1670716790840743 -1.8653140018721108 3.1344370738207195 0.03137254901960784 0.00784313725490196 0.00392156862745098
v 4.4069646576924573 -1.6399918374435292 3.2555548038719282 1.0 1.0 1.0
v 4.2415645832592848 -2.7917903093112471 2.8738622854057212 0.2 0.1411764705882353 0.08627450980392157
v 3.3939534618173464 -1.9603491298218738 2.9966261462143278 0.8666666666666667 0.6078431372549019 0.5098039215686274
v 4.3928515365117144 -1.8391315692285897 3.2329801454438556 1.0 1.0 1.0
v 4.223002834523462 -1.584081572477559 3.1254807348120703 0.09411764705882353 0.047058823529411764 0.027450980392156862
v 4.4212408852013452 -1.1413231020215078 3.3507222140439739 1.0 1.0 1.0
v 2.8336955774322843 0.18695920828487961 3.6253631171574874 0.8313725490196079 0.6627450980392157 0.4980392156862745
v 3.1403904930708721 -1.6923551352255715 2.1316568484079168 0.9058823529411765 0.7333333333333333 0.6196078431372549
v 3.7309282727113415 -1.8544587659065455 3.1393979808781518 0.26666666666666666 0.19607843137254902 0.12156862745098039
v 3.121151825729978 -1.287048908232209 2.1454336015779329 1.0 1.0 1.0
v 4.3514109553140061 -1.7111514451827279 3.2273203498056189 0.11764705882352941 0.06274509803921569 0.023529411764705882
v 3.2632763895967392 -2.1070727755241916 2.8183511858684938 0.3333333333333333 0.24313725490196078 0.17254901960784313
v 3.243147610161726 -1.0165285272180911 2.3892742529361568 0.9098039215686274 0.7137254901960784 0.615686274509804
v 3.2815430447517451 1.5606384047316395 2.7103076246668882 1.0 1.0 1.0
v 4.0185504816874307 -2.682282119851104 2.8899891143667542 0.2235294117647059 0.13725490196078433 0.07058823529411765
v 3.1620026841704236 -1.5612947439305316 2.0046570642127488 1.0 1.0 1.0
v 3.387643200376778 1.5178190800254636 2.3721907382444307 1.0 1.0 1.0
v 3.5383662279722294 -1.3573643286332484 3.0336556960563534 0.7098039215686275 0.5254901960784314 0.40784313725490196
v 2.9102037836980115 -0.011799503366675092 3.7535622324827935 0.9137254901960784 0.7490196078431373 0.5843137254901961
v 4.3829838955531528 -1.6394828446020706 3.2889055832169234 1.0 1.0 1.0
v 3.5153365873637545 -2.5033509571910999 2.8339203460059226 0.19607843137254902 0.12549019607843137 0.07058823529411765
v 3.4926584740571056 -2.4937233180854461 2.8480034027291232 0.19607843137254902 0.12549019607843137 0.07058823529411765
v 3.4412781657153908 -2.1319349858897754 2.994486080321467 0.2235294117647059 0.14901960784313725 0.08627450980392157
v 3.4620144291959032 -2.1122595671549518 3.0240859502055404 0.21568627450980393 0.13725490196078433 0.07450980392156863
v 3.34058120533994 -1.9029047855988879 2.9287831431031126 0.5215686274509804 0.35294117647058826 0.27450980392156865
v 4.3101237757835502 -1.4711493558467916 3.2638838957275249 0.12941176470588237 0.047058823529411764 0.011764705882352941
v 4.3367647472122446 -1.1497376765287715 3.2986041541861901 0.30196078431372547 0.20392156862745098 0.10980392156862745
v 3.5767417145241041 1.0708038100816379 4.2896193948571035 1.0 1.0 1.0
v 3.3965448656437789 -2.26303409014431 2.9219858480192062 0.3176470588235294 0.24705882352941178 0.19215686274509805
v 3.3965448656437789 -2.26303409014431 2.9219858480192062 0.3176470588235294 0.24705882352941178 0.19215686274509805
v 4.2678845811985227 -2.5154383972688033 2.9883646488810367 0.09803921568627451 0.043137254901960784 0.011764705882352941
v 3.7653017431254057 -2.0402785559625842 3.1459689509540727 0.17647058823529413 0.12549019607843137 0.0784313725490196
v 3.4329156504488796 -1.8890203709982276 3.0949882271827676 0.6588235294117647 0.35294117647058826 0.27058823529411763
v 3.9168740128125306 -1.4761423204951214 3.1608662966888339 0.396078431372549 0.3333333333333333 0.25882352941176473
v 4.6535582137998244 1.4013843655497773 3.8004795541915355 0.06274509803921569 0.054901960784313725 0.06666666666666667
v 4.3496405438994232 -1.1713481031731197 3.1156184160611584 0.28627450980392155 0.23921568627450981 0.13725490196078433
v 4.2745716786447749 -1.0508893574206706 3.1636212083050328 0.3215686274509804 0.24705882352941178 0.15294117647058825
v 3.3102711485957466 -2.5205661192295499 2.7090647136793997 0.26666666666666666 0.20784313725490197 0.14901960784313725
v 4.2771423906442072 -2.7867843613857972 2.8821609490230902 0.16470588235294117 0.11372549019607843 0.054901960784313725
v 3.5716891361755887 -2.3971033467946898 2.9788560186669013 0.42745098039215684 0.3333333333333333 0.2549019607843137
v 4.3587186314029918 -2.5239609124485556 3.0054085830170001 0.10980392156862745 0.07058823529411765 0.03137254901960784
v 3.4116619718515544 -1.6589182951709047 3.068645419026506 0.6745098039215687 0.4 0.32941176470588235
v 3.3801421002008105 0.97960681470961419 4.5273731263456671 1.0 1.0 1.0
v 4.2235589472077084 -1.769499434342735 3.1060508451839688 0.043137254901960784 0.01568627450980392 0.011764705882352941
v 4.5166644104301668 -0.8455598005034537 3.4446609021530534 0.23921568627450981 0.16862745098039217 0.08627450980392157
v 3.6919613060716125 1.1317950611247922 4.3014198449728518 0.4 0.34901960784313724 0.30196078431372547
v 3.6919613060716125 1.1317950611247922 4.3014198449728518 0.4 0.34901960784313724 0.30196078431372547
v 4.6825564419567538 1.3508876867768047 3.8309241024122391 1.0 1.0 1.0
v 3.8916779380739852 -2.7833645771073332 2.7406132246706312 1.0 1.0 1.0
v 4.3910069602976787 -1.8339829362939817 3.248706288873926 1.0 1.0 1.0
v 2.9778212053226523 1.0967312741594697 3.9588196509492972 0.08235294117647059 0.07450980392156863 0.0784313725490196
v 3.5359804080378945 -2.1085077833443973 3.0742034308360298 0.24313725490196078 0.17254901960784313 0.12549019607843137
v 3.1843092344464123 -1.2648684327570821 2.1193235977158986 1.0 1.0 1.0
v 4.2296119774957104 -1.2802260415629891 3.0397933155694492 1.0 1.0 1.0
v 4.3699591692254787 1.3078661124711057 3.8227957878530923 0.06666666666666667 0.058823529411764705 0.07058823529411765
v 3.514960041967456 -1.9042706233465623 3.0573314284468154 0.7254901960784313 0.4196078431372549 0.34509803921568627
v 3.3793404889329564 -0.45363960711951412 3.610257554890878 0.9568627450980393 0.792156862745098 0.6313725490196078
v 2.9594538825778689 0.94645267766123031 3.9386781966993061 0.8431372549019608 0.6705882352941176 0.5333333333333333
v 3.3758887258109618 -0.25625895944395116 4.1058543060268935 0.6470588235294118 0.4745098039215686 0.34901960784313724
v 3.3665687439379899 -1.6579733828893564 2.9627482515295132 0.6313725490196078 0.3568627450980392 0.2627450980392157
v 4.3711097987339818 -1.412764747358249 3.038214644991335 0.2235294117647059 0.19607843137254902 0.11764705882352941
v 3.7543104624532284 1.6526686040978047 2.4126759315877111 0.03529411764705882 0.027450980392156862 0.023529411764705882
v 3.350042682032464 -2.3292179071494123 2.859004850966854 0.3176470588235294 0.23921568627450981 0.1803921568627451
v 3.2749961472263744 -2.2234375924968464 2.837800376888068 0.33725490196078434 0.25098039215686274 0.18823529411764706
v 3.663859336071277 -2.2101967061340688 3.079639515149295 0.3254901960784314 0.27058823529411763 0.2196078431372549
v 4.3227443933464578 -2.2782808816677411 3.0704025051339796 0.47843137254901963 0.36470588235294116 0.26666666666666666
v 4.2531520904036517 -1.9510087814790817 3.120236091801095 0.25098039215686274 0.1803921568627451 0.13333333333333333
v 4.1713947810952003 -2.6627512192953264 2.8721856597814064 0.18823529411764706 0.13725490196078433 0.07058823529411765
v 3.1137417707005994 -2.1182834100085319 2.6363098121619508 0.6705882352941176 0.5294117647058824 0.4392156862745098
v 4.1607618928051862 -2.2829137566765052 3.0769918445028441 0.13333333333333333 0.07058823529411765 0.023529411764705882
v 3.080296774372719 -1.7012443760562825 2.3617672652945148 0.2980392156862745 0.21176470588235294 0.14901960784313725
v 3.0860091106225065 -1.703737784237219 2.3576443782667464 0.2980392156862745 0.21176470588235294 0.14901960784313725
v 3.0327073562896749 -1.3642376867151578 2.1380014590857055 0.7176470588235294 0.5372549019607843 0.4823529411764706
v 4.1692594432587393 -2.4796084736348196 2.9845548096246892 0.09019607843137255 0.043137254901960784 0.023529411764705882
v 4.3050784529388944 -2.29514413474902 3.0956039612358319 0.09803921568627451 0.06666666666666667 0.03137254901960784
v 3.5742327022595122 -1.8967549832624215 3.1124204104197926 0.6196078431372549 0.49019607843137253 0.396078431372549
v 3.5895393496622132 -1.8460633026977866 3.1100964369879458 0.6431372549019608 0.5019607843137255 0.403921568627451
v 4.1190121285801169 -1.9461882088395246 3.1496970552442249 0.11764705882352941 0.058823529411764705 0.023529411764705882
v 3.8754074666926304 -1.7504333252726207 3.1544436732523531 0.24705882352941178 0.21176470588235294 0.17254901960784313
v 4.2930346617063178 -1.2812220744479257 3.2693085422033823 0.1411764705882353 0.06666666666666667 0.023529411764705882
v 4.1195699060606641 -2.7770533646284199 2.8196340024523865 0.43137254901960786 0.3333333333333333 0.22745098039215686
v 4.041184603748075 -1.7871195644645759 3.1131205948657099 0.09803921568627451 0.07058823529411765 0.0392156862745098
v 2.6498148691280607 1.2424034354310867 3.89624449598172 0.8 0.6235294117647059 0.5019607843137255
v 4.2235280058583822 -2.2515275192862529 3.0718960218737346 0.5372549019607843 0.4196078431372549 0.3215686274509804
v 4.2384389009034997 -1.8821306362661816 3.1066334993585034 0.01568627450980392 0.00784313725490196 0.00392156862745098
v 3.9221735166325065 -2.0695816897016748 3.1461077919684648 0.07058823529411765 0.047058823529411764 0.027450980392156862
v 3.2880792880955658 -1.6441385274895246 1.9266380768315579 1.0 1.0 1.0
v 4.3489898553174298 -0.86498526756191696 3.1544805124034436 0.9215686274509803 0.8470588235294118 0.788235294117647
v 3.5455036564794158 1.0570897197701019 4.4023302588861899 0.5215686274509804 0.43529411764705883 0.3764705882352941
v 3.5952000905493886 1.0658493876881905 4.3914939674950837 0.5215686274509804 0.43529411764705883 0.3764705882352941
v 2.8244563160420357 -0.033316882391004971 3.7493595140565992 0.0 0.0 0.0
v 3.1904607025533402 0.87477513247532757 4.5797239084228831 0.5450980392156862 0.4196078431372549 0.30196078431372547
v 4.2809908539227743 -1.1586493750012208 3.2914447900702504 0.42745098039215684 0.3137254901960784 0.20784313725490197
v 3.5029329867994177 -2.5075064879298097 2.8810177270715034 0.4549019607843137 0.3686274509803922 0.29411764705882354
v 3.3556496439232317 -2.1295748136309958 2.9214917700715013 0.2627450980392157 0.2 0.14901960784313725
v 3.6905252385884819 -2.2466172253797367 3.0808839848889251 0.3137254901960784 0.25882352941176473 0.20784313725490197
v 3.0648544754979179 -1.6962726522317051 2.4461465108880649 0.6941176470588235 0.49019607843137253 0.37254901960784315
v 3.8602786834731813 -1.9001961027552428 3.1615738315342545 0.25098039215686274 0.21176470588235294 0.16862745098039217
v 4.1463471022481517 -2.8745199399504213 2.6777086295226367 0.3843137254901961 0.29411764705882354 0.2
v 3.7135604464101211 -2.0931097587112593 3.1189541048931693 0.2196078431372549 0.1568627450980392 0.10196078431372549
v 3.1651237979486559 -1.6322699011910502 2.1695744075233572 0.7215686274509804 0.5215686274509804 0.4117647058823529
v 4.2411625379774929 -1.5271340989858457 3.1361758689202839 0.08627450980392157 0.047058823529411764 0.0196078431372549
v 7.2738349091699082 0.72475916607759749 1.3567530991311563 0.49411764705882355 0.3568627450980392 0.23921568627450981
v 2.8998302728938636 0.90718254234484275 3.8208539650964362 0.3686274509803922 0.2784313725490196 0.2196078431372549
v 3.2329305121580263 0.87973783396927252 4.5993318031246453 0.592156862745098 0.47058823529411764 0.3843137254901961
v 3.4368957120145076 1.0846487388595707 4.5106948362597468 0.5372549019607843 0.45098039215686275 0.3803921568627451
v 3.4303232445695069 1.0840710538869958 4.5133984317853271 0.5372549019607843 0.45098039215686275 0.3803921568627451
v 3.249580343918149 1.6731534721520958 2.6568386464269569 0.03137254901960784 0.027450980392156862 0.023529411764705882
v 3.5904064396796609 -2.5577207645634408 2.8816896782989385 0.26666666666666666 0.20392156862745098 0.1411764705882353
v 3.5784908307055532 -2.4059419870660887 2.9736313847374722 0.4196078431372549 0.33725490196078434 0.25098039215686274
v 4.2435943632330178 -2.2610987701837093 3.0604839021668688 0.4980392156862745 0.3843137254901961 0.2784313725490196
v 3.229448419800125 -1.6494521153649651 2.0318095891312167 0.0 0.0 0.0
v 3.1311555673008282 -1.5124194635114634 2.146406399567538 0.7686274509803922 0.5764705882352941 0.48627450980392156
v 2.8384096935521037 1.2146013134868197 3.8974788886997924 0.4392156862745098 0.3333333333333333 0.27450980392156865
v 4.3699038762052576 -1.4228745066088084 3.0640162936137205 0.0784313725490196 0.047058823529411764 0.03137254901960784
v 3.4107517181972025 -1.5797099706916937 2.9739258015436771 0.796078431372549 0.5764705882352941 0.4980392156862745
v 2.9364848568311999 0.99715390147988203 3.9405020902864427 0.803921568627451 0.6196078431372549 0.47843137254901963
v 4.4299625328249848 -1.0627342889769931 3.4388410973177077 1.0 1.0 1.0
v 4.4018234045001083 -1.2554490015668616 3.2075232526709341 0.09411764705882353 0.047058823529411764 0.0196078431372549
v 2.6997950322260595 0.036640965583262998 3.8415663168161949 0.9058823529411765 0.7411764705882353 0.5725490196078431
v 4.226815717468944 -2.194415007580274 2.5487243345384432 0.0 0.0 0.0
v 3.8301809629419847 -2.4634273649275595 2.9973271029555617 0.29411764705882354 0.23921568627450981 0.1803921568627451
v 3.8511479118598735 -2.0750561614016529 3.1315525225530951 0.25098039215686274 0.21176470588235294 0.17647058823529413
v 3.8281794373100984 -1.9450348141266796 3.1746220400599263 0.13725490196078433 0.09019607843137255 0.058823529411764705
v 3.906261101813886 -1.6182522793576224 3.1560942080286436 0.24313725490196078 0.19607843137254902 0.16470588235294117
v 4.1869052721416882 -2.0795756719392062 3.1091651734126149 0.03137254901960784 0.00392156862745098 0.0
v 4.2096380521777181 -1.7677360972004397 3.1590226309798961 0.2196078431372549 0.1607843137254902 0.09803921568627451
v 3.44993912808004 -1.7167865587461031 3.0513677531753016 0.8431372549019608 0.6078431372549019 0.5294117647058824
v 3.8205117444200187 -1.6392651521549579 3.1369911838410784 0.13725490196078433 0.08627450980392157 0.047058823529411764
v 3.1687272239361781 -1.2180035455702931 2.4459731226924664 0.8392156862745098 0.6666666666666666 0.5607843137254902
v 3.1145362042588776 -0.4990607605386827 3.6860935713538359 0.9529411764705882 0.7725490196078432 0.6235294117647059
v 3.3414359527063175 1.0694602921308367 4.5443689191053593 0.5411764705882353 0.4549019607843137 0.38823529411764707
v 4.265845157360558 -1.9269741273600645 3.1717800538492931 0.12941176470588237 0.06274509803921569 0.027450980392156862
v 4.3600921334963942 -1.5377670896603883 2.9837861655204776 1.0 1.0 1.0
v 4.3871633223805029 -1.0827084743113711 3.3434177368457769 0.16862745098039217 0.13333333333333333 0.054901960784313725
v 3.6373009516864721 -0.7421737665822089 3.3174028883751516 0.7372549019607844 0.5490196078431373 0.396078431372549
v 3.3604009298266622 0.93223130764461537 4.5404900622028723 1.0 1.0 1.0
v 3.7545623283777139 -2.3725274012181612 3.0405022144018883 0.26666666666666666 0.20784313725490197 0.1568627450980392
v 3.4446405068452401 -1.8070784372914677 3.0625241333031568 0.8549019607843137 0.6274509803921569 0.5411764705882353
v 3.282289427351158 1.1436499487905303 2.3179682467060907 0.09411764705882353 0.0784313725490196 0.0784313725490196
v 4.3391628185817845 -2.5320694763469267 3.0051818889448541 0.11372549019607843 0.07450980392156863 0.03137254901960784
v 3.997864261787881 -2.2911071778360959 3.0679306467912415 0.09411764705882353 0.07058823529411765 0.047058823529411764
v 4.3703725845463692 -1.3030984062485329 3.0274241877794399 1.0 1.0 1.0
v 3.8098652853095021 -1.2653265202961099 3.0577957648815293 0.6705882352941176 0.5254901960784314 0.3764705882352941
v 3.4484901810018234 1.6238789644698299 2.5219979516623674 0.03529411764705882 0.03137254901960784 0.023529411764705882
v 3.4080028650787 1.5821102907365354 2.570002500812981 0.047058823529411764 0.03137254901960784 0.027450980392156862
v 3.0545186449121871 1.5314336390061203 3.0293532614141609 1.0 1.0 1.0
v 3.1988127363039616 -0.93552229360058281 2.7660066139093837 0.5254901960784314 0.34901960784313724 0.24313725490196078
v 3.4734531841678877 1.601196103500764 2.518282918157829 0.027450980392156862 0.023529411764705882 0.0196078431372549
v 3.2624877033914563 1.4313722281729295 3.362083244439158 0.0 0.0 0.0
v 3.1008173829718095 1.4240968762843753 3.2212320007188717 1.0 1.0 1.0
v 2.8870919870636929 0.89710873491284837 3.7730458187620428 0.03137254901960784 0.01568627450980392 0.00784313725490196
v 3.3755010398235705 0.94169104468702658 4.5321598232504199 1.0 1.0 1.0
v 3.4423773751178675 1.0847682025136485 4.5076049562477563 0.5411764705882353 0.45098039215686275 0.3843137254901961
v 4.5724035206165876 -0.82996158750701166 3.4177475446114256 0.15294117647058825 0.09803921568627451 0.0392156862745098
v 3.1803202348999 -2.4241731096932333 2.4328219323086522 0.6078431372549019 0.4745098039215686 0.396078431372549
v 3.4345478387474948 -2.0218322738981049 2.9884213101575785 0.32941176470588235 0.21568627450980393 0.1450980392156863
v 3.1779608522369327 0.94072879636470341 3.0619617575156983 0.0392156862745098 0.03529411764705882 0.03137254901960784
